transaction_date,source,entity,description,amount,current_category,proposed_category,proposed_entity,review_reason,suggested_decision,confidence_score
2026-04-29,JanJune_2026_Plum_Card_Amex_Charges.xlsx,DWG Capital Partners,Buckeye Shapeform,50000.0,Bridge Loan (Buckeye Shapeform),Loan Proceeds,DWG Capital Partners,Loan/debt activity — review regardless of amount,"Financing activity — record to loan account, not P&L. Principal/interest split unknown without amortization schedule.",70
2026-04-14,JanJune_2026_Plum_Card_Amex_Charges.xlsx,DWG Capital Partners,Buckeye Shapeform,50000.0,Bridge Loan (Buckeye Shapeform),Loan Proceeds,DWG Capital Partners,Loan/debt activity — review regardless of amount,"Financing activity — record to loan account, not P&L. Principal/interest split unknown without amortization schedule.",70
2025-08-03,2025_Poseidon_Partners_AmexCharges.xlsx,Unassigned / Allocation Required,CREDIT - DISTRIBUTION OF PAYMENT,-26819.93,CREDIT - DISTRIBUTION OF PAYMENT,Suspense & Review,Unassigned / Allocation Required,Refund/credit/points,Credit / refund / points — contra to original expense; confirm matching original charge.,40
2025-08-03,2025_Poseidon_Partners_AmexCharges.xlsx,Unassigned / Allocation Required,DEBIT - DISTRIBUTION OF PAYMENT,26819.93,DEBIT - DISTRIBUTION OF PAYMENT,Suspense & Review,Unassigned / Allocation Required,Unmapped category,Unmapped — assign to Suspense & Review pending classification.,40
2025-12-05,2025_PlumCard_Dunnings.xlsx,DWG Capital Partners,MCTO TAX PAYMENT,20243.89,Deal Specific: 260 S Hibbert - Taxes,Deal - Pursuit Costs,DWG Capital Partners,"Deal-specific cost >= $5,000","Deal/asset cost — 260 S Hibbert - Taxes. Evaluate whether expensable, reimbursable, or capitalizable.",70
2026-04-09,MarJune_2026_Poseidon_Partners_Amex_Charges.xlsx,Poseidon Partners,EXPEDIA 720730796057EXPEDIA.COM WA,15341.71,Judd & Angela - Portugal,Suspense & Review,Poseidon Partners,Unmapped category,Unmapped — assign to Suspense & Review pending classification.,45
2026-05-07,Mar-June_2026_DWGRE_Amex_Charges.xlsx,DWG Capital Group,LIGHTBOX PARENT SHELTON CT,11902.68,DWG Listing Platform,Data & Listing Platforms,DWG Capital Group,"Amount >= $10,000","Booked to Data & Listing Platforms — material item, confirm.",90
2025-10-09,2025_PlumCard_Dunnings.xlsx,DWG Capital Partners,COMMON LOTS 0000,11350.0,"Bridge Loan (Cash Reimbursement) - $11,300 total loss",Loan Proceeds,DWG Capital Partners,Loan/debt activity — review regardless of amount,"Financing activity — record to loan account, not P&L. Principal/interest split unknown without amortization schedule.",70
2025-10-21,2025_PlumCard_Dunnings.xlsx,DWG Capital Partners,COMMONLOTS LLC 65000CAMARILLO,11300.0,"Bridge Loan (Cash Reimbursement) - $11,300 total loss",Loan Proceeds,DWG Capital Partners,Loan/debt activity — review regardless of amount,"Financing activity — record to loan account, not P&L. Principal/interest split unknown without amortization schedule.",70
2025-10-17,2025_PlumCard_Dunnings.xlsx,DWG Capital Partners,COMMON LOTS,-11300.0,"Bridge Loan (Cash Reimbursement) - $11,300 total loss",Loan Proceeds,DWG Capital Partners,Loan/debt activity — review regardless of amount,"Financing activity — record to loan account, not P&L. Principal/interest split unknown without amortization schedule.",70
2025-08-04,2025_Poseidon_Partners_AmexCharges.xlsx,Unassigned / Allocation Required,BOB'S WATCHES NEWPORT BEACH CA,11081.94,Personal - Clothing,Suspense & Review,Unassigned / Allocation Required,Personal item (category marked personal),Personal expense paid from business account — propose Due From Owner / Owner Distribution pending substantiation.,40
2025-08-03,2025_Poseidon_Partners_AmexCharges.xlsx,Unassigned / Allocation Required,ADJ REDIST PURCHASE BAL,-9614.51,ADJ REDIST PURCHASE BAL,Suspense & Review,Unassigned / Allocation Required,Refund/credit/points,Credit / refund / points — contra to original expense; confirm matching original charge.,40
2025-08-03,2025_Poseidon_Partners_AmexCharges.xlsx,Unassigned / Allocation Required,DR ADJ REDIST CADV PRIN,9614.51,DR ADJ REDIST CADV PRIN,Suspense & Review,Unassigned / Allocation Required,Unmapped category,Unmapped — assign to Suspense & Review pending classification.,40
2025-03-23,2025_PlumCard_Dunnings.xlsx,DWG Capital Partners,EXPEDIA 730623009872EXPEDIA.COM,9210.12,Judd/Angela Italy Trip,Suspense & Review,DWG Capital Partners,Personal item (B/P flag = personal),Personal expense paid from business account — propose Due From Owner / Owner Distribution pending substantiation.,45
2025-07-01,2025_PlumCard_Dunnings.xlsx,DWG Capital Partners,IPFS*IPFS INS PMT,8287.62,Deal Specific: 260 S Hibbert - Insurance,Deal - Pursuit Costs,DWG Capital Partners,"Deal-specific cost >= $5,000","Deal/asset cost — 260 S Hibbert - Insurance. Evaluate whether expensable, reimbursable, or capitalizable.",70
2025-02-07,2025_Poseidon_Partners_AmexCharges.xlsx,Unassigned / Allocation Required,SPONSORCLOUD (SYNPROSALT LAKE CITY UT,7200.0,Sponsor Cloud,Data & Listing Platforms,Unassigned / Allocation Required,Entity unassigned,Entity could not be determined from source — allocate before consolidation.,40
2025-03-25,2025_PlumCard_Dunnings.xlsx,DWG Capital Partners,EXPEDIA 730619164038EXPEDIA.COM,-7194.44,Judd/Angela Italy Trip,Suspense & Review,DWG Capital Partners,Personal item (B/P flag = personal),Personal expense paid from business account — propose Due From Owner / Owner Distribution pending substantiation.,45
2025-03-23,2025_PlumCard_Dunnings.xlsx,DWG Capital Partners,EXPEDIA 730619164038EXPEDIA.COM,7194.44,Judd/Angela Italy Trip,Suspense & Review,DWG Capital Partners,Personal item (B/P flag = personal),Personal expense paid from business account — propose Due From Owner / Owner Distribution pending substantiation.,45
2025-09-29,2025_Poseidon_Partners_AmexCharges.xlsx,Unassigned / Allocation Required,THE HANGAR Santa Monica CA,7193.05,Personal - House,Suspense & Review,Unassigned / Allocation Required,Personal item (category marked personal),Personal expense paid from business account — propose Due From Owner / Owner Distribution pending substantiation.,40
2025-12-29,2025_PlumCard_Dunnings.xlsx,DWG Capital Partners,FS *WICKANINNISH INNTOFINO,6653.07,Family Trip,Travel,DWG Capital Partners,Personal item (B/P flag = personal),Personal expense paid from business account — propose Due From Owner / Owner Distribution pending substantiation.,60
2025-08-03,2025_PlumCard_Dunnings.xlsx,DWG Capital Partners,MERCEDES BENZ OF LAGLAGUNA NIGUEL,6156.05,Personal - Car,Auto,DWG Capital Partners,Personal item (B/P flag = personal),Personal expense paid from business account — propose Due From Owner / Owner Distribution pending substantiation.,76
2025-04-19,2025_PlumCard_Dunnings.xlsx,DWG Capital Partners,HOTELVILON,5454.24,Judd/Angela Italy Trip,Travel,DWG Capital Partners,Personal item (B/P flag = personal),Personal expense paid from business account — propose Due From Owner / Owner Distribution pending substantiation.,84
2025-05-26,2025_PlumCard_Dunnings.xlsx,DWG Capital Partners,PAYPAL *JEFFD1980,5145.3,Jeff Farjado - Unconfirmed,Suspense & Review,DWG Capital Partners,Unmapped category,Unmapped — assign to Suspense & Review pending classification.,45
2025-05-25,2025_PlumCard_Dunnings.xlsx,DWG Capital Partners,PAYPAL *JEFFD1980,5145.3,Jeff Farjado - Unconfirmed,Suspense & Review,DWG Capital Partners,Unmapped category,Unmapped — assign to Suspense & Review pending classification.,45
2025-02-23,2025_Poseidon_Partners_AmexCharges.xlsx,Unassigned / Allocation Required,MERCEDES BENZ OF LAGLAGUNA NIGUEL CA,5000.0,Personal - Car,Auto,Unassigned / Allocation Required,Personal item (category marked personal),Personal expense paid from business account — propose Due From Owner / Owner Distribution pending substantiation.,40
2025-12-03,2025_PlumCard_Dunnings.xlsx,DWG Capital Partners,FS *WICKANINNISH INNTOFINO,4281.72,Family Trip,Travel,DWG Capital Partners,Personal item (B/P flag = personal),Personal expense paid from business account — propose Due From Owner / Owner Distribution pending substantiation.,60
2025-11-03,2025_PlumCard_Dunnings.xlsx,DWG Capital Partners,FS *WICKANINNISH INNTOFINO,4257.28,Family Trip,Travel,DWG Capital Partners,Personal item (B/P flag = personal),Personal expense paid from business account — propose Due From Owner / Owner Distribution pending substantiation.,60
2025-04-11,2025_PlumCard_Dunnings.xlsx,DWG Capital Partners,EXPEDIA 730783520596EXPEDIA.COM,4241.25,Judd/Angela Italy Trip,Suspense & Review,DWG Capital Partners,Personal item (B/P flag = personal),Personal expense paid from business account — propose Due From Owner / Owner Distribution pending substantiation.,45
2025-10-19,2025_PlumCard_Dunnings.xlsx,DWG Capital Partners,PAYPAL *SARAHDETCHMA4029357733,4116.3,Adameer,Suspense & Review,DWG Capital Partners,Unmapped category,Unmapped — assign to Suspense & Review pending classification.,45
2025-05-24,2025_PlumCard_Dunnings.xlsx,DWG Capital Partners,PAYPAL *JEFFD1980,4116.3,Jeff Farjado - Unconfirmed,Suspense & Review,DWG Capital Partners,Unmapped category,Unmapped — assign to Suspense & Review pending classification.,45
2025-05-07,2025_Poseidon_Partners_AmexCharges.xlsx,Unassigned / Allocation Required,AIRBNB * HMMNAMP8KM SAN FRANCISCO CA,4056.1,Family Travel MISC,Travel,Unassigned / Allocation Required,Personal item (category marked family/household),Personal expense paid from business account — propose Due From Owner / Owner Distribution pending substantiation.,40
2025-08-18,2025_Poseidon_Partners_AmexCharges.xlsx,Unassigned / Allocation Required,JABOY PRODUCTIONS LLDallas TX,3885.0,DWG Conference,Conferences,Unassigned / Allocation Required,Entity unassigned,Entity could not be determined from source — allocate before consolidation.,40
2025-03-06,2025_Poseidon_Partners_AmexCharges.xlsx,Unassigned / Allocation Required,AIRBNB * HMMNAMP8KM SAN FRANCISCO CA,3527.15,Team Travel (Angela),Travel,Unassigned / Allocation Required,Entity unassigned,Entity could not be determined from source — allocate before consolidation.,40
2025-01-20,2025_Poseidon_Partners_AmexCharges.xlsx,Unassigned / Allocation Required,EXPEDIA 730126380188EXPEDIA.COM WA,-3434.7,Team Travel (Angela),Travel,Unassigned / Allocation Required,Refund/credit/points,Credit / refund / points — contra to original expense; confirm matching original charge.,40
2025-01-20,2025_Poseidon_Partners_AmexCharges.xlsx,Unassigned / Allocation Required,EXPEDIA 730126380188EXPEDIA.COM WA,3434.7,Team Travel (Angela),Travel,Unassigned / Allocation Required,Entity unassigned,Entity could not be determined from source — allocate before consolidation.,40
2025-05-24,2025_PlumCard_Dunnings.xlsx,DWG Capital Partners,THE HOME DEPOT,3426.05,Jeff Farjado - Unconfirmed,Suspense & Review,DWG Capital Partners,Unmapped category,Unmapped — assign to Suspense & Review pending classification.,45
2025-04-16,2025_PlumCard_Dunnings.xlsx,DWG Capital Partners,ITA AIRWAYS,3391.24,Judd/Angela Italy Trip,Suspense & Review,DWG Capital Partners,Personal item (B/P flag = personal),Personal expense paid from business account — propose Due From Owner / Owner Distribution pending substantiation.,45
2025-04-29,2025_PlumCard_Dunnings.xlsx,DWG Capital Partners,HOMEDEPOT.COM,3316.02,Personal - House,Suspense & Review,DWG Capital Partners,Personal item (B/P flag = personal),Personal expense paid from business account — propose Due From Owner / Owner Distribution pending substantiation.,45
2025-09-18,2025_PlumCard_Dunnings.xlsx,DWG Capital Partners,EXPEDIA 732463466178EXPEDIA.COM,2661.33,Colorado Trip,Suspense & Review,DWG Capital Partners,Personal item (B/P flag = personal),Personal expense paid from business account — propose Due From Owner / Owner Distribution pending substantiation.,45
2025-08-06,2025_Poseidon_Partners_AmexCharges.xlsx,Unassigned / Allocation Required,EXPEDIA 731993134406EXPEDIA.COM WA,2485.27,Miami Investor Trip,Suspense & Review,Unassigned / Allocation Required,Unmapped category,Unmapped — assign to Suspense & Review pending classification.,40
2025-10-01,2025_Poseidon_Partners_AmexCharges.xlsx,Unassigned / Allocation Required,EGNYTE INC 000000001MOUNTAIN VIEW CA,2484.0,DWG Operations,Suspense & Review,Unassigned / Allocation Required,Unmapped category,Unmapped — assign to Suspense & Review pending classification.,40
2026-03-16,JanJune_2026_Plum_Card_Amex_Charges.xlsx,DWG Capital Partners,Fingerprint Promotions,2270.52,DWGCP Swag,Suspense & Review,DWG Capital Partners,Unmapped category,Unmapped — assign to Suspense & Review pending classification.,45
2026-04-12,MarJune_2026_Poseidon_Partners_Amex_Charges.xlsx,Poseidon Partners,ROYAL MANSOUR MARRAKMARRAKECH,2236.68,Judd & Angela - Portugal,Suspense & Review,Poseidon Partners,Unmapped category,Unmapped — assign to Suspense & Review pending classification.,45
2025-12-05,2025_Poseidon_Partners_AmexCharges.xlsx,Unassigned / Allocation Required,BEC* REGS4TEM7U7 LITTLETON CO,2195.0,TBD,Suspense & Review,Unassigned / Allocation Required,Unmapped category,Unmapped — assign to Suspense & Review pending classification.,40
2025-12-31,2025_Poseidon_Partners_AmexCharges.xlsx,Unassigned / Allocation Required,BUDGET RENT A CAR RICHMOND CA,2160.6,Family Trip,Auto,Unassigned / Allocation Required,Personal item (category marked family/household),Personal expense paid from business account — propose Due From Owner / Owner Distribution pending substantiation.,40
2025-03-06,2025_Poseidon_Partners_AmexCharges.xlsx,Unassigned / Allocation Required,BERRY FLASH PHOTO LALos Angeles CA,2099.33,Personal - House,Suspense & Review,Unassigned / Allocation Required,Personal item (category marked personal),Personal expense paid from business account — propose Due From Owner / Owner Distribution pending substantiation.,40
2025-03-21,2025_PlumCard_Dunnings.xlsx,DWG Capital Partners,EXPEDIA 730585273032EXPEDIA.COM,-2069.58,Judd/Angela Italy Trip,Suspense & Review,DWG Capital Partners,Personal item (B/P flag = personal),Personal expense paid from business account — propose Due From Owner / Owner Distribution pending substantiation.,45
2025-03-19,2025_PlumCard_Dunnings.xlsx,DWG Capital Partners,EXPEDIA 730585273032EXPEDIA.COM,2069.58,Judd/Angela Italy Trip,Suspense & Review,DWG Capital Partners,Personal item (B/P flag = personal),Personal expense paid from business account — propose Due From Owner / Owner Distribution pending substantiation.,45
2025-10-16,2025_Poseidon_Partners_AmexCharges.xlsx,Unassigned / Allocation Required,LEV INC NEW YORK NY,2000.0,DWG Listing Platform,Data & Listing Platforms,Unassigned / Allocation Required,Entity unassigned,Entity could not be determined from source — allocate before consolidation.,40
2025-09-16,2025_Poseidon_Partners_AmexCharges.xlsx,Unassigned / Allocation Required,LEV INC NEW YORK NY,2000.0,DWG Listing Platform,Data & Listing Platforms,Unassigned / Allocation Required,Entity unassigned,Entity could not be determined from source — allocate before consolidation.,40
2025-08-16,2025_Poseidon_Partners_AmexCharges.xlsx,Unassigned / Allocation Required,LEV INC NEW YORK NY,2000.0,DWG Listing Platform,Data & Listing Platforms,Unassigned / Allocation Required,Entity unassigned,Entity could not be determined from source — allocate before consolidation.,40
2025-07-16,2025_Poseidon_Partners_AmexCharges.xlsx,Unassigned / Allocation Required,LEV INC NEW YORK NY,2000.0,DWG Listing Platform,Data & Listing Platforms,Unassigned / Allocation Required,Entity unassigned,Entity could not be determined from source — allocate before consolidation.,40
2025-06-16,2025_Poseidon_Partners_AmexCharges.xlsx,Unassigned / Allocation Required,LEV INC NEW YORK NY,2000.0,TBD,Suspense & Review,Unassigned / Allocation Required,Unmapped category,Unmapped — assign to Suspense & Review pending classification.,40
2025-05-16,2025_Poseidon_Partners_AmexCharges.xlsx,Unassigned / Allocation Required,LEV INC NEW YORK NY,2000.0,DWG Listing Platform,Data & Listing Platforms,Unassigned / Allocation Required,Entity unassigned,Entity could not be determined from source — allocate before consolidation.,40
2025-04-16,2025_Poseidon_Partners_AmexCharges.xlsx,Unassigned / Allocation Required,LEV INC NEW YORK NY,2000.0,DWG Listing Platform,Data & Listing Platforms,Unassigned / Allocation Required,Entity unassigned,Entity could not be determined from source — allocate before consolidation.,40
2025-03-16,2025_Poseidon_Partners_AmexCharges.xlsx,Unassigned / Allocation Required,LEV INC NEW YORK NY,2000.0,DWG Listing Platform,Data & Listing Platforms,Unassigned / Allocation Required,Entity unassigned,Entity could not be determined from source — allocate before consolidation.,40
2025-02-16,2025_Poseidon_Partners_AmexCharges.xlsx,Unassigned / Allocation Required,LEV INC NEW YORK NY,2000.0,DWG Listing Platform,Data & Listing Platforms,Unassigned / Allocation Required,Entity unassigned,Entity could not be determined from source — allocate before consolidation.,40
2025-01-16,2025_Poseidon_Partners_AmexCharges.xlsx,Unassigned / Allocation Required,LEV INC NEW YORK NY,2000.0,DWG Listing Platform,Data & Listing Platforms,Unassigned / Allocation Required,Entity unassigned,Entity could not be determined from source — allocate before consolidation.,40
2026-05-20,Mar-June_2026_DWGRE_Amex_Charges.xlsx,DWG Capital Group,QUANTUM LEAP CONSULTSHERIDAN WY,2000.0,Bridge Loan (JC Whitner),Loan Proceeds,DWG Capital Group,Loan/debt activity — review regardless of amount,"Financing activity — record to loan account, not P&L. Principal/interest split unknown without amortization schedule.",70
2025-03-20,2025_PlumCard_Dunnings.xlsx,DWG Capital Partners,EXPEDIA 730592342456EXPEDIA.COM,1863.82,Judd/Angela Italy Trip,Suspense & Review,DWG Capital Partners,Personal item (B/P flag = personal),Personal expense paid from business account — propose Due From Owner / Owner Distribution pending substantiation.,45
2025-06-13,2025_PlumCard_Dunnings.xlsx,DWG Capital Partners,AIRBNB * HMAQP82TKX SAN FRANCISCO,-1841.03,Mike Paytonjian (Salary/Stay),Payroll,DWG Capital Partners,Refund/credit/points,Credit / refund / points — contra to original expense; confirm matching original charge.,88
2025-05-17,2025_Poseidon_Partners_AmexCharges.xlsx,Unassigned / Allocation Required,THE BRANDON LAW FIRMLANTANA TX,1802.5,The Brandon Law Firm,Legal,Unassigned / Allocation Required,Entity unassigned,Entity could not be determined from source — allocate before consolidation.,40
2025-04-07,2025_PlumCard_Dunnings.xlsx,DWG Capital Partners,EXPEDIA 730619054646EXPEDIA.COM,-1734.48,Judd/Angela Italy Trip,Suspense & Review,DWG Capital Partners,Personal item (B/P flag = personal),Personal expense paid from business account — propose Due From Owner / Owner Distribution pending substantiation.,45
2025-03-23,2025_PlumCard_Dunnings.xlsx,DWG Capital Partners,EXPEDIA 730619054646EXPEDIA.COM,1734.48,Judd/Angela Italy Trip,Suspense & Review,DWG Capital Partners,Personal item (B/P flag = personal),Personal expense paid from business account — propose Due From Owner / Owner Distribution pending substantiation.,45
2025-06-18,2025_Poseidon_Partners_AmexCharges.xlsx,Unassigned / Allocation Required,CARMO COMPANIES NEW YORK NY,1700.0,DWG Conference,Conferences,Unassigned / Allocation Required,Entity unassigned,Entity could not be determined from source — allocate before consolidation.,40
2025-02-10,2025_Poseidon_Partners_AmexCharges.xlsx,Unassigned / Allocation Required,BT*GIG*THE BAYOU BUMSPRINGFIELD MO,1674.0,Personal - Food,Suspense & Review,Unassigned / Allocation Required,Personal item (category marked personal),Personal expense paid from business account — propose Due From Owner / Owner Distribution pending substantiation.,40
2025-10-28,2025_Poseidon_Partners_AmexCharges.xlsx,Unassigned / Allocation Required,HOTEL DROVER - CATERFORT WORTH TX,1663.35,Fort Worth Investor Dinner,Investor Relations,Unassigned / Allocation Required,Entity unassigned,Entity could not be determined from source — allocate before consolidation.,40
2026-04-12,MarJune_2026_Poseidon_Partners_Amex_Charges.xlsx,Poseidon Partners,SIXT PORTUGAL RAC_30PAREDES PR,1662.56,Judd & Angela - Portugal,Suspense & Review,Poseidon Partners,Unmapped category,Unmapped — assign to Suspense & Review pending classification.,45
2025-12-29,2025_PlumCard_Dunnings.xlsx,DWG Capital Partners,PARADOX VANCOUVER HOVANCOUVER,1633.58,Family Trip,Travel,DWG Capital Partners,Personal item (B/P flag = personal),Personal expense paid from business account — propose Due From Owner / Owner Distribution pending substantiation.,60
2026-02-18,JanFeb_2026_Poseidon_Partners_Amex_Charges.xlsx,Poseidon Partners,DOJ EOIR FILING FEE FALLS CHURCH VA,1600.0,Jeff Farjado - Case,Suspense & Review,Poseidon Partners,Unmapped category,Unmapped — assign to Suspense & Review pending classification.,45
2025-07-29,2025_Poseidon_Partners_AmexCharges.xlsx,Unassigned / Allocation Required,7 FOR ALL MANKIND CABAZON CA,1582.7,Personal - Clothing,Suspense & Review,Unassigned / Allocation Required,Personal item (category marked personal),Personal expense paid from business account — propose Due From Owner / Owner Distribution pending substantiation.,40
2025-04-07,2025_PlumCard_Dunnings.xlsx,DWG Capital Partners,ALBERGO VILLA SPALLEROMA,1563.86,Judd/Angela Italy Trip,Suspense & Review,DWG Capital Partners,Personal item (B/P flag = personal),Personal expense paid from business account — propose Due From Owner / Owner Distribution pending substantiation.,45
2025-03-06,2025_Poseidon_Partners_AmexCharges.xlsx,Unassigned / Allocation Required,MED*CEDARS SINAI MEDLOS ANGELES CA,1549.58,Personal - Health,Suspense & Review,Unassigned / Allocation Required,Personal item (category marked personal),Personal expense paid from business account — propose Due From Owner / Owner Distribution pending substantiation.,40
2025-03-08,2025_Poseidon_Partners_AmexCharges.xlsx,Unassigned / Allocation Required,THE BRANDON LAW FIRMLANTANA TX,1545.0,The Brandon Law Firm,Legal,Unassigned / Allocation Required,Entity unassigned,Entity could not be determined from source — allocate before consolidation.,40
2025-10-03,2025_Poseidon_Partners_AmexCharges.xlsx,Unassigned / Allocation Required,THE HANGAR Santa Monica CA,1529.73,Personal - House,Suspense & Review,Unassigned / Allocation Required,Personal item (category marked personal),Personal expense paid from business account — propose Due From Owner / Owner Distribution pending substantiation.,40
2025-02-26,2025_Poseidon_Partners_AmexCharges.xlsx,Unassigned / Allocation Required,THE FALAFEL FACTORY PARAMOUNT CA,1503.12,Personal - Food,Suspense & Review,Unassigned / Allocation Required,Personal item (category marked personal),Personal expense paid from business account — propose Due From Owner / Owner Distribution pending substantiation.,40
2025-09-20,2025_Poseidon_Partners_AmexCharges.xlsx,Unassigned / Allocation Required,LIVING SPACES MID CILOS ANGELES CA,1486.02,Personal - House,Suspense & Review,Unassigned / Allocation Required,Personal item (category marked personal),Personal expense paid from business account — propose Due From Owner / Owner Distribution pending substantiation.,40
2025-04-30,2025_Poseidon_Partners_AmexCharges.xlsx,Unassigned / Allocation Required,MERCEDES BENZ OF AUSAUSTIN TX,1441.77,Personal - Car,Auto,Unassigned / Allocation Required,Personal item (category marked personal),Personal expense paid from business account — propose Due From Owner / Owner Distribution pending substantiation.,40
2025-10-07,2025_Poseidon_Partners_AmexCharges.xlsx,Unassigned / Allocation Required,"RENTV.COM, INC. 310-242-8613 CA",1350.0,DWG Conference,Conferences,Unassigned / Allocation Required,Entity unassigned,Entity could not be determined from source — allocate before consolidation.,40
2025-04-08,2025_PlumCard_Dunnings.xlsx,DWG Capital Partners,VIATOR,1334.16,Judd/Angela Italy Trip,Suspense & Review,DWG Capital Partners,Personal item (B/P flag = personal),Personal expense paid from business account — propose Due From Owner / Owner Distribution pending substantiation.,45
2025-05-06,2025_Poseidon_Partners_AmexCharges.xlsx,Unassigned / Allocation Required,ALLAN JEFFRIES FRAMISANTA MONICA CA,1319.03,Personal - House,Suspense & Review,Unassigned / Allocation Required,Personal item (category marked personal),Personal expense paid from business account — propose Due From Owner / Owner Distribution pending substantiation.,40
2025-03-04,2025_Poseidon_Partners_AmexCharges.xlsx,Unassigned / Allocation Required,AplPay BESTBUY.COM 2RICHFIELD MN,1267.86,DWG Electronics,Software & Technology,Unassigned / Allocation Required,Entity unassigned,Entity could not be determined from source — allocate before consolidation.,40
2025-06-26,2025_Poseidon_Partners_AmexCharges.xlsx,Unassigned / Allocation Required,BEST BUY CULVER CITY CA,1263.68,DWG Operations,Software & Technology,Unassigned / Allocation Required,Entity unassigned,Entity could not be determined from source — allocate before consolidation.,40
2025-04-18,2025_PlumCard_Dunnings.xlsx,DWG Capital Partners,FRANCESCHINI,1252.86,Judd/Angela Italy Trip,Suspense & Review,DWG Capital Partners,Personal item (B/P flag = personal),Personal expense paid from business account — propose Due From Owner / Owner Distribution pending substantiation.,45
2025-03-21,2025_PlumCard_Dunnings.xlsx,DWG Capital Partners,SIXT,1250.59,Judd/Angela Italy Trip,Suspense & Review,DWG Capital Partners,Personal item (B/P flag = personal),Personal expense paid from business account — propose Due From Owner / Owner Distribution pending substantiation.,45
2025-05-24,2025_Poseidon_Partners_AmexCharges.xlsx,Unassigned / Allocation Required,TST* SABA - NEW ORLENEW ORLEANS LA,1200.0,New Orleans Family Trip,Travel,Unassigned / Allocation Required,Personal item (category marked family/household),Personal expense paid from business account — propose Due From Owner / Owner Distribution pending substantiation.,40
2025-05-23,2025_Poseidon_Partners_AmexCharges.xlsx,Unassigned / Allocation Required,TST* ANTOINES RESTAUNEW ORLEANS LA,1154.44,New Orleans Family Trip,Travel,Unassigned / Allocation Required,Personal item (category marked family/household),Personal expense paid from business account — propose Due From Owner / Owner Distribution pending substantiation.,40
2025-01-02,2025_Poseidon_Partners_AmexCharges.xlsx,Unassigned / Allocation Required,ALAMO CANADA C487 RICHMOND CA,1134.11,2024/2025 Canada Family Trip,Travel,Unassigned / Allocation Required,Personal item (category marked family/household),Personal expense paid from business account — propose Due From Owner / Owner Distribution pending substantiation.,40
2025-03-20,2025_PlumCard_Dunnings.xlsx,DWG Capital Partners,EXPEDIA 730592258288EXPEDIA.COM,1126.22,Judd/Angela Italy Trip,Suspense & Review,DWG Capital Partners,Personal item (B/P flag = personal),Personal expense paid from business account — propose Due From Owner / Owner Distribution pending substantiation.,45
2025-06-05,2025_Poseidon_Partners_AmexCharges.xlsx,Unassigned / Allocation Required,ALPHAGRAPHICS US 607WEATHERFORD TX,1100.0,DWG Marketing,Marketing,Unassigned / Allocation Required,Entity unassigned,Entity could not be determined from source — allocate before consolidation.,40
2025-03-17,2025_Poseidon_Partners_AmexCharges.xlsx,Unassigned / Allocation Required,AMERICAN EXPRESS TRAPHOENIX AZ,1075.41,Italy Trip (Judd/Angela),Suspense & Review,Unassigned / Allocation Required,Unmapped category,Unmapped — assign to Suspense & Review pending classification.,40
2025-05-22,2025_PlumCard_Dunnings.xlsx,DWG Capital Partners,VIATOR,1071.0,Judd/Angela Italy Trip,Suspense & Review,DWG Capital Partners,Personal item (B/P flag = personal),Personal expense paid from business account — propose Due From Owner / Owner Distribution pending substantiation.,45
2025-06-18,2025_Poseidon_Partners_AmexCharges.xlsx,Unassigned / Allocation Required,ALPHAGRAPHICS US 607WEATHERFORD TX,1050.71,TBD,Suspense & Review,Unassigned / Allocation Required,Unmapped category,Unmapped — assign to Suspense & Review pending classification.,40
2026-01-18,JanFeb_2026_Poseidon_Partners_Amex_Charges.xlsx,Poseidon Partners,POWERHOUSE PILATES VENICE CA,1050.0,Personal - Health,Suspense & Review,Poseidon Partners,Personal item (category marked personal),Personal expense paid from business account — propose Due From Owner / Owner Distribution pending substantiation.,45
2026-05-05,Mar-June_2026_DWGRE_Amex_Charges.xlsx,DWG Capital Group,POWERHOUSE PILATES LOS ANGELES CA,1050.0,Personal,Suspense & Review,DWG Capital Group,Personal item (B/P flag = personal),Personal expense paid from business account — propose Due From Owner / Owner Distribution pending substantiation.,45
2026-04-19,MarJune_2026_Poseidon_Partners_Amex_Charges.xlsx,Poseidon Partners,POWERHOUSE PILATES LOS ANGELES CA,1050.0,Personal - Health,Suspense & Review,Poseidon Partners,Personal item (category marked personal),Personal expense paid from business account — propose Due From Owner / Owner Distribution pending substantiation.,45
2025-04-03,2025_PlumCard_Dunnings.xlsx,DWG Capital Partners,VIATOR,1047.24,Judd/Angela Italy Trip,Suspense & Review,DWG Capital Partners,Personal item (B/P flag = personal),Personal expense paid from business account — propose Due From Owner / Owner Distribution pending substantiation.,45
2025-04-03,2025_PlumCard_Dunnings.xlsx,DWG Capital Partners,VIATOR,1038.03,Judd/Angela Italy Trip,Suspense & Review,DWG Capital Partners,Personal item (B/P flag = personal),Personal expense paid from business account — propose Due From Owner / Owner Distribution pending substantiation.,45
2026-03-12,MarJune_2026_Poseidon_Partners_Amex_Charges.xlsx,Poseidon Partners,REALTOR ASSOCIATION/CHICAGO IL,1031.0,Realtor Association,Suspense & Review,Poseidon Partners,Unmapped category,Unmapped — assign to Suspense & Review pending classification.,45
2025-02-10,2025_Poseidon_Partners_AmexCharges.xlsx,Unassigned / Allocation Required,THE BRANDON LAW FIRMLANTANA TX,1030.0,The Brandon Law Firm,Legal,Unassigned / Allocation Required,Entity unassigned,Entity could not be determined from source — allocate before consolidation.,40
2026-04-02,MarJune_2026_Poseidon_Partners_Amex_Charges.xlsx,Poseidon Partners,TOREL PALACE LISBOA LISBOA,1014.54,Judd & Angela - Portugal,Suspense & Review,Poseidon Partners,Unmapped category,Unmapped — assign to Suspense & Review pending classification.,45
2026-04-01,Mar-May_2026_DWGCP_Amex_Charges.xlsx,DWG Capital Partners,STEVEN BULLOCK PHOTOGRAPHER,1000.0,DWG Capital Group,Suspense & Review,DWG Capital Partners,Unmapped category,Unmapped — assign to Suspense & Review pending classification.,45
2026-03-12,MarJune_2026_Poseidon_Partners_Amex_Charges.xlsx,Poseidon Partners,INMOTION @ATL 841 84ATLANTA GA,-987.52,Scam,Suspense & Review,Poseidon Partners,Refund/credit/points,Credit / refund / points — contra to original expense; confirm matching original charge.,45
2026-03-12,MarJune_2026_Poseidon_Partners_Amex_Charges.xlsx,Poseidon Partners,INMOTION @ATL 841 84ATLANTA GA,987.52,Scam,Suspense & Review,Poseidon Partners,Unmapped category,Unmapped — assign to Suspense & Review pending classification.,45
2025-12-22,2025_PlumCard_Dunnings.xlsx,DWG Capital Partners,VIHA TOFINO HOSPITALTOFINO,986.39,Family Trip,Travel,DWG Capital Partners,Personal item (B/P flag = personal),Personal expense paid from business account — propose Due From Owner / Owner Distribution pending substantiation.,60
2025-03-18,2025_PlumCard_Dunnings.xlsx,DWG Capital Partners,EXPEDIA.COM TRAVEL,974.81,Judd/Angela Italy Trip,Travel,DWG Capital Partners,Personal item (B/P flag = personal); Same-file repeat — verify not double-entered (SFR-0006),Personal expense paid from business account — propose Due From Owner / Owner Distribution pending substantiation.,84
2025-03-18,2025_PlumCard_Dunnings.xlsx,DWG Capital Partners,EXPEDIA.COM TRAVEL,974.81,Judd/Angela Italy Trip,Travel,DWG Capital Partners,Personal item (B/P flag = personal); Same-file repeat — verify not double-entered (SFR-0006),Personal expense paid from business account — propose Due From Owner / Owner Distribution pending substantiation.,84
2025-01-01,2025_Poseidon_Partners_AmexCharges.xlsx,Unassigned / Allocation Required,WICKANINNISH INN LTDTOFINO CA,951.4,2024/2025 Canada Family Trip,Travel,Unassigned / Allocation Required,Personal item (category marked family/household),Personal expense paid from business account — propose Due From Owner / Owner Distribution pending substantiation.,40
2025-05-22,2025_Poseidon_Partners_AmexCharges.xlsx,Unassigned / Allocation Required,ALAMO RENT-A-C036110DALLAS TX,948.81,New Orleans Family Trip,Travel,Unassigned / Allocation Required,Personal item (category marked family/household),Personal expense paid from business account — propose Due From Owner / Owner Distribution pending substantiation.,40
2025-10-01,2025_PlumCard_Dunnings.xlsx,DWG Capital Partners,PROPERTYRATE APPRAISORANGE,925.0,Moab Appraisal,Suspense & Review,DWG Capital Partners,Unmapped category,Unmapped — assign to Suspense & Review pending classification.,45
2025-01-04,2025_Poseidon_Partners_AmexCharges.xlsx,Unassigned / Allocation Required,AMERICAN EXPRESS TVLPHOENIX AZ,906.97,Team Travel (Judd),Travel,Unassigned / Allocation Required,Entity unassigned,Entity could not be determined from source — allocate before consolidation.,40
2025-01-04,2025_Poseidon_Partners_AmexCharges.xlsx,Unassigned / Allocation Required,AMEX TRAVEL PURCHASE WITH MR POINTS CREDIT,-906.97,Team Travel (Judd),Travel,Unassigned / Allocation Required,Refund/credit/points,Credit / refund / points — contra to original expense; confirm matching original charge.,40
2025-07-01,2025_PlumCard_Dunnings.xlsx,DWG Capital Partners,FUND LAUNCH,883.0,Fund Launch,Suspense & Review,DWG Capital Partners,Unmapped category,Unmapped — assign to Suspense & Review pending classification.,45
2025-10-25,2025_Poseidon_Partners_AmexCharges.xlsx,Unassigned / Allocation Required,FUND LAUNCH LEHI UT,883.0,Fund Launch,Suspense & Review,Unassigned / Allocation Required,Unmapped category,Unmapped — assign to Suspense & Review pending classification.,40
2025-09-25,2025_Poseidon_Partners_AmexCharges.xlsx,Unassigned / Allocation Required,FUND LAUNCH LEHI UT,883.0,Fund Launch,Suspense & Review,Unassigned / Allocation Required,Unmapped category,Unmapped — assign to Suspense & Review pending classification.,40
2025-08-25,2025_Poseidon_Partners_AmexCharges.xlsx,Unassigned / Allocation Required,FUND LAUNCH LEHI UT,883.0,Fund Launch,Suspense & Review,Unassigned / Allocation Required,Unmapped category,Unmapped — assign to Suspense & Review pending classification.,40
2025-05-03,2025_Poseidon_Partners_AmexCharges.xlsx,Unassigned / Allocation Required,STAPLES 00127 VENICE CA,856.02,DWG Operations,Office,Unassigned / Allocation Required,Entity unassigned,Entity could not be determined from source — allocate before consolidation.,40
2025-05-25,2025_Poseidon_Partners_AmexCharges.xlsx,Unassigned / Allocation Required,ENTERPRISE REN190049KENNER LA,853.89,New Orleans Family Trip,Travel,Unassigned / Allocation Required,Personal item (category marked family/household),Personal expense paid from business account — propose Due From Owner / Owner Distribution pending substantiation.,40
2025-05-15,2025_Poseidon_Partners_AmexCharges.xlsx,Unassigned / Allocation Required,BEST BUY WEATHERFORD TX,847.79,DWG Electronics,Software & Technology,Unassigned / Allocation Required,Entity unassigned,Entity could not be determined from source — allocate before consolidation.,40
2025-11-13,2025_Poseidon_Partners_AmexCharges.xlsx,Unassigned / Allocation Required,RENOUVEAUM* RENOUVEALOS ANGELES CA,845.2,Personal - Health,Suspense & Review,Unassigned / Allocation Required,Personal item (category marked personal),Personal expense paid from business account — propose Due From Owner / Owner Distribution pending substantiation.,40
2025-05-12,2025_Poseidon_Partners_AmexCharges.xlsx,Unassigned / Allocation Required,AMAZON MARKETPLACE NAMZN.COM/BILL WA,-827.8,Amazon,Office,Unassigned / Allocation Required,Refund/credit/points,Credit / refund / points — contra to original expense; confirm matching original charge.,40
2025-05-12,2025_Poseidon_Partners_AmexCharges.xlsx,Unassigned / Allocation Required,AMAZON MARKEPLACE NA PA,827.8,Amazon,Office,Unassigned / Allocation Required,Entity unassigned,Entity could not be determined from source — allocate before consolidation.,40
2025-05-03,2025_Poseidon_Partners_AmexCharges.xlsx,Unassigned / Allocation Required,AMAZON MARKETPLACE NAMZN.COM/BILL WA,-827.8,Amazon,Office,Unassigned / Allocation Required,Refund/credit/points,Credit / refund / points — contra to original expense; confirm matching original charge.,40
2025-05-03,2025_Poseidon_Partners_AmexCharges.xlsx,Unassigned / Allocation Required,AMAZON MARKEPLACE NA PA,827.8,Amazon,Office,Unassigned / Allocation Required,Entity unassigned,Entity could not be determined from source — allocate before consolidation.,40
2026-04-17,MarJune_2026_Poseidon_Partners_Amex_Charges.xlsx,Poseidon Partners,TOREL PALACE LISBOA LISBOA,821.77,Judd & Angela - Portugal,Suspense & Review,Poseidon Partners,Unmapped category,Unmapped — assign to Suspense & Review pending classification.,45
2025-06-13,2025_Poseidon_Partners_AmexCharges.xlsx,Unassigned / Allocation Required,IKEA.COM BALTIMORE MD,760.4,Personal - House,Suspense & Review,Unassigned / Allocation Required,Personal item (category marked personal),Personal expense paid from business account — propose Due From Owner / Owner Distribution pending substantiation.,40
2025-03-01,2025_Poseidon_Partners_AmexCharges.xlsx,Unassigned / Allocation Required,AMERICAN EXPRESS TVLPHOENIX AZ,750.96,Team Travel (Judd),Travel,Unassigned / Allocation Required,Entity unassigned,Entity could not be determined from source — allocate before consolidation.,40
2025-10-01,2025_PlumCard_Dunnings.xlsx,DWG Capital Partners,PROPERTYRATE APPRAISORANGE,750.0,Moab Appraisal,Suspense & Review,DWG Capital Partners,Unmapped category,Unmapped — assign to Suspense & Review pending classification.,45
2025-02-04,2025_Poseidon_Partners_AmexCharges.xlsx,Unassigned / Allocation Required,PAYPAL *INFANTSOLUT 3022504336 DE,735.0,DWG Marketing,Marketing,Unassigned / Allocation Required,Entity unassigned,Entity could not be determined from source — allocate before consolidation.,40
2025-03-27,2025_PlumCard_Dunnings.xlsx,DWG Capital Partners,VIATOR,734.61,Judd/Angela Italy Trip,Suspense & Review,DWG Capital Partners,Personal item (B/P flag = personal),Personal expense paid from business account — propose Due From Owner / Owner Distribution pending substantiation.,45
2025-04-04,2025_PlumCard_Dunnings.xlsx,DWG Capital Partners,VIATOR,729.34,Judd/Angela Italy Trip,Suspense & Review,DWG Capital Partners,Personal item (B/P flag = personal),Personal expense paid from business account — propose Due From Owner / Owner Distribution pending substantiation.,45
2025-07-09,2025_Poseidon_Partners_AmexCharges.xlsx,Unassigned / Allocation Required,STAPLES 01299 FREMONT CA,716.79,San Francisco Investor Meeting,Investor Relations,Unassigned / Allocation Required,Entity unassigned,Entity could not be determined from source — allocate before consolidation.,40
2025-08-30,2025_Poseidon_Partners_AmexCharges.xlsx,Unassigned / Allocation Required,ALAMO RENT A CAR RIOHEREDIA HE,715.95,Costa Rica Trip,Auto,Unassigned / Allocation Required,Entity unassigned,Entity could not be determined from source — allocate before consolidation.,40
2025-12-07,2025_Poseidon_Partners_AmexCharges.xlsx,Unassigned / Allocation Required,ON INC PORTLAND OR,-713.38,Personal - Clothing,Suspense & Review,Unassigned / Allocation Required,Personal item (category marked personal),Personal expense paid from business account — propose Due From Owner / Owner Distribution pending substantiation.,40
2025-12-06,2025_Poseidon_Partners_AmexCharges.xlsx,Unassigned / Allocation Required,ON INC PORTLAND OR,713.38,Personal - Clothing,Suspense & Review,Unassigned / Allocation Required,Personal item (category marked personal); Same-file repeat — verify not double-entered (SFR-0007),Personal expense paid from business account — propose Due From Owner / Owner Distribution pending substantiation.,40
2025-12-06,2025_Poseidon_Partners_AmexCharges.xlsx,Unassigned / Allocation Required,ON INC PORTLAND OR,713.38,Personal - Clothing,Suspense & Review,Unassigned / Allocation Required,Personal item (category marked personal); Same-file repeat — verify not double-entered (SFR-0007),Personal expense paid from business account — propose Due From Owner / Owner Distribution pending substantiation.,40
2025-03-19,2025_Poseidon_Partners_AmexCharges.xlsx,Unassigned / Allocation Required,EC RENTA CAR ALAJUELA AL,705.99,Costa Rica Trip,Auto,Unassigned / Allocation Required,Entity unassigned,Entity could not be determined from source — allocate before consolidation.,40
2025-06-05,2025_Poseidon_Partners_AmexCharges.xlsx,Unassigned / Allocation Required,BUDGET RENT A CAR COLUMBUS OH,705.64,Ohio Site Visit,Auto,Unassigned / Allocation Required,Entity unassigned,Entity could not be determined from source — allocate before consolidation.,40
2025-04-29,2025_Poseidon_Partners_AmexCharges.xlsx,Unassigned / Allocation Required,AXS.COM*TICKET RESALLOS ANGELES CA,696.33,Personal - Entertainment,Suspense & Review,Unassigned / Allocation Required,Personal item (category marked personal),Personal expense paid from business account — propose Due From Owner / Owner Distribution pending substantiation.,40
2025-12-20,2025_PlumCard_Dunnings.xlsx,DWG Capital Partners,TOFINO MOBILE MASSAGTOFINO,695.12,Family Trip,Telephone & Internet,DWG Capital Partners,Personal item (B/P flag = personal),Personal expense paid from business account — propose Due From Owner / Owner Distribution pending substantiation.,80
2025-08-03,2025_Poseidon_Partners_AmexCharges.xlsx,Unassigned / Allocation Required,RENEWAL MEMBERSHIP FEE,695.0,RENEWAL MEMBERSHIP FEE,Banking & Wire Fees,Unassigned / Allocation Required,Entity unassigned,Entity could not be determined from source — allocate before consolidation.,40
2025-08-06,2025_Poseidon_Partners_AmexCharges.xlsx,Unassigned / Allocation Required,AMERICAN AIRLINES 800-433-7300 TX,684.96,Miami Investor Trip,Travel,Unassigned / Allocation Required,Entity unassigned,Entity could not be determined from source — allocate before consolidation.,40
2025-03-18,2025_Poseidon_Partners_AmexCharges.xlsx,Unassigned / Allocation Required,RIDER SHACK LOS ANGELES CA,680.19,Personal - Entertainment,Suspense & Review,Unassigned / Allocation Required,Personal item (category marked personal),Personal expense paid from business account — propose Due From Owner / Owner Distribution pending substantiation.,40
2025-09-09,2025_Poseidon_Partners_AmexCharges.xlsx,Unassigned / Allocation Required,SP BILLY REID - LEAPCHICAGO IL,664.55,Personal - Clothing,Suspense & Review,Unassigned / Allocation Required,Personal item (category marked personal),Personal expense paid from business account — propose Due From Owner / Owner Distribution pending substantiation.,40
2025-04-16,2025_PlumCard_Dunnings.xlsx,DWG Capital Partners,ALLERE' ART SHOP CAFCONCA DEI MARINI,656.24,Judd/Angela Italy Trip,Suspense & Review,DWG Capital Partners,Personal item (B/P flag = personal),Personal expense paid from business account — propose Due From Owner / Owner Distribution pending substantiation.,45
2026-04-12,MarJune_2026_Poseidon_Partners_Amex_Charges.xlsx,Poseidon Partners,TOREL PALACE LISBOA LISBOA,655.04,Judd & Angela - Portugal,Suspense & Review,Poseidon Partners,Unmapped category,Unmapped — assign to Suspense & Review pending classification.,45
2025-09-29,2025_Poseidon_Partners_AmexCharges.xlsx,Unassigned / Allocation Required,THE HANGAR Santa Monica CA,649.55,Personal - House,Suspense & Review,Unassigned / Allocation Required,Personal item (category marked personal),Personal expense paid from business account — propose Due From Owner / Owner Distribution pending substantiation.,40
2025-05-30,2025_Poseidon_Partners_AmexCharges.xlsx,Unassigned / Allocation Required,AMAZON MARKETPLACE NAMZN.COM/BILL WA,-638.12,Amazon,Office,Unassigned / Allocation Required,Refund/credit/points,Credit / refund / points — contra to original expense; confirm matching original charge.,40
2025-05-30,2025_Poseidon_Partners_AmexCharges.xlsx,Unassigned / Allocation Required,AMAZON MARKEPLACE NA PA,638.12,Amazon,Office,Unassigned / Allocation Required,Entity unassigned,Entity could not be determined from source — allocate before consolidation.,40
2026-03-10,MarJune_2026_Poseidon_Partners_Amex_Charges.xlsx,Poseidon Partners,LINKEDIN JOB*8444143LNKD.IN/BILL CA,636.57,Linkedin,Suspense & Review,Poseidon Partners,Unmapped category,Unmapped — assign to Suspense & Review pending classification.,45
2025-12-12,2025_Poseidon_Partners_AmexCharges.xlsx,Unassigned / Allocation Required,BUDGET RENT A CAR COLUMBUS OH,621.45,Team Travel (Judd),Travel,Unassigned / Allocation Required,Entity unassigned,Entity could not be determined from source — allocate before consolidation.,40
2025-07-08,2025_Poseidon_Partners_AmexCharges.xlsx,Unassigned / Allocation Required,AMAZON MARKETPLACE NAMZN.COM/BILL WA,-620.85,Amazon,Office,Unassigned / Allocation Required,Refund/credit/points,Credit / refund / points — contra to original expense; confirm matching original charge.,40
2025-07-08,2025_Poseidon_Partners_AmexCharges.xlsx,Unassigned / Allocation Required,AMAZON MARKEPLACE NA PA,620.85,Amazon,Office,Unassigned / Allocation Required,Entity unassigned,Entity could not be determined from source — allocate before consolidation.,40
2025-07-02,2025_Poseidon_Partners_AmexCharges.xlsx,Unassigned / Allocation Required,AMAZON MARKETPLACE NAMZN.COM/BILL WA,-620.85,Amazon,Office,Unassigned / Allocation Required,Refund/credit/points,Credit / refund / points — contra to original expense; confirm matching original charge.,40
2025-07-02,2025_Poseidon_Partners_AmexCharges.xlsx,Unassigned / Allocation Required,AMAZON MARKEPLACE NA PA,620.85,Amazon,Office,Unassigned / Allocation Required,Entity unassigned,Entity could not be determined from source — allocate before consolidation.,40
2025-06-25,2025_Poseidon_Partners_AmexCharges.xlsx,Unassigned / Allocation Required,AMAZON MARKETPLACE NAMZN.COM/BILL WA,-620.85,Amazon,Office,Unassigned / Allocation Required,Refund/credit/points,Credit / refund / points — contra to original expense; confirm matching original charge.,40
2025-06-25,2025_Poseidon_Partners_AmexCharges.xlsx,Unassigned / Allocation Required,AMAZON MARKEPLACE NA PA,620.85,Amazon,Office,Unassigned / Allocation Required,Entity unassigned,Entity could not be determined from source — allocate before consolidation.,40
2025-06-20,2025_Poseidon_Partners_AmexCharges.xlsx,Unassigned / Allocation Required,AMAZON MARKETPLACE NAMZN.COM/BILL WA,-620.85,Amazon,Office,Unassigned / Allocation Required,Refund/credit/points,Credit / refund / points — contra to original expense; confirm matching original charge.,40
2025-06-20,2025_Poseidon_Partners_AmexCharges.xlsx,Unassigned / Allocation Required,AMAZON MARKEPLACE NA PA,620.85,Amazon,Office,Unassigned / Allocation Required,Entity unassigned,Entity could not be determined from source — allocate before consolidation.,40
2025-06-12,2025_Poseidon_Partners_AmexCharges.xlsx,Unassigned / Allocation Required,AMAZON MARKETPLACE NAMZN.COM/BILL WA,-620.85,Amazon,Office,Unassigned / Allocation Required,Refund/credit/points,Credit / refund / points — contra to original expense; confirm matching original charge.,40
2025-06-12,2025_Poseidon_Partners_AmexCharges.xlsx,Unassigned / Allocation Required,AMAZON MARKEPLACE NA PA,620.85,Amazon,Office,Unassigned / Allocation Required,Entity unassigned,Entity could not be determined from source — allocate before consolidation.,40
2025-06-06,2025_Poseidon_Partners_AmexCharges.xlsx,Unassigned / Allocation Required,AMAZON MARKETPLACE NAMZN.COM/BILL WA,-620.85,Amazon,Office,Unassigned / Allocation Required,Refund/credit/points,Credit / refund / points — contra to original expense; confirm matching original charge.,40
2025-06-06,2025_Poseidon_Partners_AmexCharges.xlsx,Unassigned / Allocation Required,AMAZON MARKEPLACE NA PA,620.85,Amazon,Office,Unassigned / Allocation Required,Entity unassigned,Entity could not be determined from source — allocate before consolidation.,40
2025-06-05,2025_Poseidon_Partners_AmexCharges.xlsx,Unassigned / Allocation Required,AMAZON MARKETPLACE NAMZN.COM/BILL WA,-620.85,Amazon,Office,Unassigned / Allocation Required,Refund/credit/points,Credit / refund / points — contra to original expense; confirm matching original charge.,40
2025-06-05,2025_Poseidon_Partners_AmexCharges.xlsx,Unassigned / Allocation Required,AMAZON MARKEPLACE NA PA,620.85,Amazon,Office,Unassigned / Allocation Required,Entity unassigned,Entity could not be determined from source — allocate before consolidation.,40
2025-06-03,2025_Poseidon_Partners_AmexCharges.xlsx,Unassigned / Allocation Required,AMAZON MARKETPLACE NAMZN.COM/BILL WA,-620.85,Amazon,Office,Unassigned / Allocation Required,Refund/credit/points,Credit / refund / points — contra to original expense; confirm matching original charge.,40
2025-06-03,2025_Poseidon_Partners_AmexCharges.xlsx,Unassigned / Allocation Required,AMAZON MARKEPLACE NA PA,620.85,Amazon,Office,Unassigned / Allocation Required,Entity unassigned,Entity could not be determined from source — allocate before consolidation.,40
2025-05-23,2025_Poseidon_Partners_AmexCharges.xlsx,Unassigned / Allocation Required,AMAZON MARKETPLACE NAMZN.COM/BILL WA,-620.85,Amazon,Office,Unassigned / Allocation Required,Refund/credit/points,Credit / refund / points — contra to original expense; confirm matching original charge.,40
2025-05-23,2025_Poseidon_Partners_AmexCharges.xlsx,Unassigned / Allocation Required,AMAZON MARKEPLACE NA PA,620.85,Amazon,Office,Unassigned / Allocation Required,Entity unassigned,Entity could not be determined from source — allocate before consolidation.,40
2025-05-18,2025_Poseidon_Partners_AmexCharges.xlsx,Unassigned / Allocation Required,AMAZON MARKETPLACE NAMZN.COM/BILL WA,-620.85,Amazon,Office,Unassigned / Allocation Required,Refund/credit/points,Credit / refund / points — contra to original expense; confirm matching original charge.,40
2025-05-18,2025_Poseidon_Partners_AmexCharges.xlsx,Unassigned / Allocation Required,AMAZON MARKEPLACE NA PA,620.85,Amazon,Office,Unassigned / Allocation Required,Entity unassigned,Entity could not be determined from source — allocate before consolidation.,40
2025-05-09,2025_Poseidon_Partners_AmexCharges.xlsx,Unassigned / Allocation Required,AMAZON MARKETPLACE NAMZN.COM/BILL WA,-620.85,Amazon,Office,Unassigned / Allocation Required,Refund/credit/points,Credit / refund / points — contra to original expense; confirm matching original charge.,40
2025-05-09,2025_Poseidon_Partners_AmexCharges.xlsx,Unassigned / Allocation Required,AMAZON MARKEPLACE NA PA,620.85,Amazon,Office,Unassigned / Allocation Required,Entity unassigned,Entity could not be determined from source — allocate before consolidation.,40
2025-05-05,2025_Poseidon_Partners_AmexCharges.xlsx,Unassigned / Allocation Required,AMAZON MARKETPLACE NAMZN.COM/BILL WA,-620.85,Amazon,Office,Unassigned / Allocation Required,Refund/credit/points,Credit / refund / points — contra to original expense; confirm matching original charge.,40
2025-05-05,2025_Poseidon_Partners_AmexCharges.xlsx,Unassigned / Allocation Required,AMAZON MARKEPLACE NA PA,620.85,Amazon,Office,Unassigned / Allocation Required,Entity unassigned,Entity could not be determined from source — allocate before consolidation.,40
2025-05-02,2025_Poseidon_Partners_AmexCharges.xlsx,Unassigned / Allocation Required,AMAZON MARKETPLACE NAMZN.COM/BILL WA,-620.85,Amazon,Office,Unassigned / Allocation Required,Refund/credit/points,Credit / refund / points — contra to original expense; confirm matching original charge.,40
2025-05-02,2025_Poseidon_Partners_AmexCharges.xlsx,Unassigned / Allocation Required,AMAZON MARKEPLACE NA PA,620.85,Amazon,Office,Unassigned / Allocation Required,Entity unassigned,Entity could not be determined from source — allocate before consolidation.,40
2025-04-26,2025_Poseidon_Partners_AmexCharges.xlsx,Unassigned / Allocation Required,AMAZON MARKETPLACE NAMZN.COM/BILL WA,-620.85,Amazon,Office,Unassigned / Allocation Required,Refund/credit/points,Credit / refund / points — contra to original expense; confirm matching original charge.,40
2025-04-26,2025_Poseidon_Partners_AmexCharges.xlsx,Unassigned / Allocation Required,AMAZON MARKEPLACE NA PA,620.85,Amazon,Office,Unassigned / Allocation Required,Entity unassigned,Entity could not be determined from source — allocate before consolidation.,40
2025-04-21,2025_Poseidon_Partners_AmexCharges.xlsx,Unassigned / Allocation Required,AMAZON MARKETPLACE NAMZN.COM/BILL WA,-620.85,Amazon,Office,Unassigned / Allocation Required,Refund/credit/points,Credit / refund / points — contra to original expense; confirm matching original charge.,40
2025-04-21,2025_Poseidon_Partners_AmexCharges.xlsx,Unassigned / Allocation Required,AMAZON MARKEPLACE NA PA,620.85,Amazon,Office,Unassigned / Allocation Required,Entity unassigned,Entity could not be determined from source — allocate before consolidation.,40
2025-03-23,2025_Poseidon_Partners_AmexCharges.xlsx,Unassigned / Allocation Required,AMAZON MARKETPLACE NAMZN.COM/BILL WA,-620.85,Amazon,Office,Unassigned / Allocation Required,Refund/credit/points,Credit / refund / points — contra to original expense; confirm matching original charge.,40
2025-03-23,2025_Poseidon_Partners_AmexCharges.xlsx,Unassigned / Allocation Required,AMAZON MARKEPLACE NA PA,620.85,Amazon,Office,Unassigned / Allocation Required,Entity unassigned,Entity could not be determined from source — allocate before consolidation.,40
2025-03-16,2025_Poseidon_Partners_AmexCharges.xlsx,Unassigned / Allocation Required,AMAZON MARKETPLACE NAMZN.COM/BILL WA,-620.85,Amazon,Office,Unassigned / Allocation Required,Refund/credit/points,Credit / refund / points — contra to original expense; confirm matching original charge.,40
2025-03-16,2025_Poseidon_Partners_AmexCharges.xlsx,Unassigned / Allocation Required,AMAZON MARKEPLACE NA PA,620.85,Amazon,Office,Unassigned / Allocation Required,Entity unassigned,Entity could not be determined from source — allocate before consolidation.,40
2025-02-17,2025_Poseidon_Partners_AmexCharges.xlsx,Unassigned / Allocation Required,AMAZON MARKETPLACE NAMZN.COM/BILL WA,-620.85,Amazon,Office,Unassigned / Allocation Required,Refund/credit/points,Credit / refund / points — contra to original expense; confirm matching original charge.,40
2025-02-17,2025_Poseidon_Partners_AmexCharges.xlsx,Unassigned / Allocation Required,AMAZON MARKEPLACE NA PA,620.85,Amazon,Office,Unassigned / Allocation Required,Entity unassigned,Entity could not be determined from source — allocate before consolidation.,40
2025-02-13,2025_Poseidon_Partners_AmexCharges.xlsx,Unassigned / Allocation Required,AMAZON MARKETPLACE NAMZN.COM/BILL WA,-620.85,Amazon,Office,Unassigned / Allocation Required,Refund/credit/points,Credit / refund / points — contra to original expense; confirm matching original charge.,40
2025-02-13,2025_Poseidon_Partners_AmexCharges.xlsx,Unassigned / Allocation Required,AMAZON MARKEPLACE NA PA,620.85,Amazon,Office,Unassigned / Allocation Required,Entity unassigned,Entity could not be determined from source — allocate before consolidation.,40
2025-02-03,2025_Poseidon_Partners_AmexCharges.xlsx,Unassigned / Allocation Required,AMAZON MARKETPLACE NAMZN.COM/BILL WA,-620.85,Amazon,Office,Unassigned / Allocation Required,Refund/credit/points,Credit / refund / points — contra to original expense; confirm matching original charge.,40
2025-02-03,2025_Poseidon_Partners_AmexCharges.xlsx,Unassigned / Allocation Required,AMAZON MARKEPLACE NA PA,620.85,Amazon,Office,Unassigned / Allocation Required,Entity unassigned,Entity could not be determined from source — allocate before consolidation.,40
2025-03-25,2025_Poseidon_Partners_AmexCharges.xlsx,Unassigned / Allocation Required,HOTEL RANCHO CORAL PUNTARENAS PU,620.0,Costa Rica Trip,Travel,Unassigned / Allocation Required,Entity unassigned,Entity could not be determined from source — allocate before consolidation.,40
2026-02-02,JanFeb_2026_Poseidon_Partners_Amex_Charges.xlsx,Poseidon Partners,Amex Online Flight Statement Credit,-618.4,Amex Online Flight Statement Credit,Travel,Poseidon Partners,Refund/credit/points,Credit / refund / points — contra to original expense; confirm matching original charge.,84
2025-05-06,2025_Poseidon_Partners_AmexCharges.xlsx,Unassigned / Allocation Required,GDP=Universal Art Gavenice CA,614.6,Personal - House,Suspense & Review,Unassigned / Allocation Required,Personal item (category marked personal),Personal expense paid from business account — propose Due From Owner / Owner Distribution pending substantiation.,40
2025-11-29,2025_Poseidon_Partners_AmexCharges.xlsx,Unassigned / Allocation Required,JACKS SURF BOARDS SANTA MONICA CA,614.29,Personal - Entertainment,Suspense & Review,Unassigned / Allocation Required,Personal item (category marked personal),Personal expense paid from business account — propose Due From Owner / Owner Distribution pending substantiation.,40
2025-04-15,2025_PlumCard_Dunnings.xlsx,DWG Capital Partners,MINIATI ROMA,611.11,Judd/Angela Italy Trip,Suspense & Review,DWG Capital Partners,Personal item (B/P flag = personal),Personal expense paid from business account — propose Due From Owner / Owner Distribution pending substantiation.,45
2025-05-24,2025_Poseidon_Partners_AmexCharges.xlsx,Unassigned / Allocation Required,YVONNE LAFLEUR YOU BNEW ORLEANS LA,602.8,New Orleans Family Trip,Travel,Unassigned / Allocation Required,Personal item (category marked family/household),Personal expense paid from business account — propose Due From Owner / Owner Distribution pending substantiation.,40
2026-05-03,Mar-May_2026_DWGCP_Amex_Charges.xlsx,DWG Capital Partners,AMEX TRAVEL POINTS CREDIT,-601.81,Credit,Travel,DWG Capital Partners,Refund/credit/points,Credit / refund / points — contra to original expense; confirm matching original charge.,84
2026-05-25,MarJune_2026_Poseidon_Partners_Amex_Charges.xlsx,Poseidon Partners,TIES TO THE PAST ANTFORT WORTH TX,600.26,Personal - Family,General & Administrative,Poseidon Partners,Personal item (category marked personal),Personal expense paid from business account — propose Due From Owner / Owner Distribution pending substantiation.,55
2025-01-02,2025_Poseidon_Partners_AmexCharges.xlsx,Unassigned / Allocation Required,RE RENEWAL 760325333PALM SPRINGS CA,599.0,Palm Springs Renewal,Suspense & Review,Unassigned / Allocation Required,Unmapped category,Unmapped — assign to Suspense & Review pending classification.,40
2025-10-07,2025_PlumCard_Dunnings.xlsx,DWG Capital Partners,COMMON LOTS 0000,595.0,"Personal - Eureka, NV Property",Suspense & Review,DWG Capital Partners,Personal item (B/P flag = personal),Personal expense paid from business account — propose Due From Owner / Owner Distribution pending substantiation.,45
2025-06-29,2025_Poseidon_Partners_AmexCharges.xlsx,Unassigned / Allocation Required,EXPEDIA 731574954754EXPEDIA.COM WA,584.6,San Diego - Judd/Angela Trip,Suspense & Review,Unassigned / Allocation Required,Unmapped category,Unmapped — assign to Suspense & Review pending classification.,40
2025-12-20,2025_Poseidon_Partners_AmexCharges.xlsx,Unassigned / Allocation Required,CAMPAIGNER SVC 888-845-4544 CA,584.0,DWG-RE Platform (Redirected),Suspense & Review,Unassigned / Allocation Required,Unmapped category,Unmapped — assign to Suspense & Review pending classification.,40
2025-11-20,2025_Poseidon_Partners_AmexCharges.xlsx,Unassigned / Allocation Required,CAMPAIGNER SVC 888-845-4544 CA,584.0,Software & Subscriptions,Software & Technology,Unassigned / Allocation Required,Entity unassigned,Entity could not be determined from source — allocate before consolidation.,40
2025-10-20,2025_Poseidon_Partners_AmexCharges.xlsx,Unassigned / Allocation Required,CAMPAIGNER SVC 888-845-4544 CA,584.0,Software & Subscriptions,Software & Technology,Unassigned / Allocation Required,Entity unassigned,Entity could not be determined from source — allocate before consolidation.,40
2025-09-20,2025_Poseidon_Partners_AmexCharges.xlsx,Unassigned / Allocation Required,CAMPAIGNER SVC 888-845-4544 CA,584.0,Software & Subscriptions,Software & Technology,Unassigned / Allocation Required,Entity unassigned,Entity could not be determined from source — allocate before consolidation.,40
2025-08-20,2025_Poseidon_Partners_AmexCharges.xlsx,Unassigned / Allocation Required,CAMPAIGNER SVC 888-845-4544 CA,584.0,Software & Subscriptions,Software & Technology,Unassigned / Allocation Required,Entity unassigned,Entity could not be determined from source — allocate before consolidation.,40
2025-07-20,2025_Poseidon_Partners_AmexCharges.xlsx,Unassigned / Allocation Required,CAMPAIGNER SVC 888-845-4544 CA,584.0,Software & Subscriptions,Software & Technology,Unassigned / Allocation Required,Entity unassigned,Entity could not be determined from source — allocate before consolidation.,40
2025-06-20,2025_Poseidon_Partners_AmexCharges.xlsx,Unassigned / Allocation Required,CAMPAIGNER SVC 888-845-4544 CA,584.0,Software & Subscriptions,Software & Technology,Unassigned / Allocation Required,Entity unassigned,Entity could not be determined from source — allocate before consolidation.,40
2025-05-20,2025_Poseidon_Partners_AmexCharges.xlsx,Unassigned / Allocation Required,CAMPAIGNER SVC 888-845-4544 CA,584.0,Software & Subscriptions,Software & Technology,Unassigned / Allocation Required,Entity unassigned,Entity could not be determined from source — allocate before consolidation.,40
2025-04-20,2025_Poseidon_Partners_AmexCharges.xlsx,Unassigned / Allocation Required,CAMPAIGNER SVC 888-845-4544 CA,584.0,Software & Subscriptions,Software & Technology,Unassigned / Allocation Required,Entity unassigned,Entity could not be determined from source — allocate before consolidation.,40
2025-03-20,2025_Poseidon_Partners_AmexCharges.xlsx,Unassigned / Allocation Required,CAMPAIGNER SVC 888-845-4544 CA,584.0,Software & Subscriptions,Software & Technology,Unassigned / Allocation Required,Entity unassigned,Entity could not be determined from source — allocate before consolidation.,40
2025-02-20,2025_Poseidon_Partners_AmexCharges.xlsx,Unassigned / Allocation Required,CAMPAIGNER SVC 888-845-4544 CA,584.0,Software & Subscriptions,Software & Technology,Unassigned / Allocation Required,Entity unassigned,Entity could not be determined from source — allocate before consolidation.,40
2025-01-20,2025_Poseidon_Partners_AmexCharges.xlsx,Unassigned / Allocation Required,CAMPAIGNER SVC 888-845-4544 CA,584.0,Software & Subscriptions,Software & Technology,Unassigned / Allocation Required,Entity unassigned,Entity could not be determined from source — allocate before consolidation.,40
2025-10-16,2025_Poseidon_Partners_AmexCharges.xlsx,Unassigned / Allocation Required,SIXT USA POS FORT LAUDERDALE FL,581.76,TBD,Suspense & Review,Unassigned / Allocation Required,Unmapped category,Unmapped — assign to Suspense & Review pending classification.,40
2025-09-27,2025_Poseidon_Partners_AmexCharges.xlsx,Unassigned / Allocation Required,THE HANGAR Santa Monica CA,570.36,Personal - House,Suspense & Review,Unassigned / Allocation Required,Personal item (category marked personal),Personal expense paid from business account — propose Due From Owner / Owner Distribution pending substantiation.,40
2025-03-25,2025_Poseidon_Partners_AmexCharges.xlsx,Unassigned / Allocation Required,UNITED AIRLINES HOUSTON TX,569.59,Costa Rica Trip,Travel,Unassigned / Allocation Required,Entity unassigned,Entity could not be determined from source — allocate before consolidation.,40
2025-08-11,2025_Poseidon_Partners_AmexCharges.xlsx,Unassigned / Allocation Required,LEVEL 6 COCONUT GROVE FL,569.36,Miami Investor Trip,Suspense & Review,Unassigned / Allocation Required,Unmapped category,Unmapped — assign to Suspense & Review pending classification.,40
2026-01-15,JanFeb_2026_Poseidon_Partners_Amex_Charges.xlsx,Poseidon Partners,NICHES LLC CHEYENNE WY,559.0,?,Suspense & Review,Poseidon Partners,Unmapped category,Unmapped — assign to Suspense & Review pending classification.,45
2025-06-02,2025_Poseidon_Partners_AmexCharges.xlsx,Unassigned / Allocation Required,Points for Amex Trvl,-558.48,Points for Amex Trvl,Suspense & Review,Unassigned / Allocation Required,Refund/credit/points,Credit / refund / points — contra to original expense; confirm matching original charge.,40
2025-06-02,2025_Poseidon_Partners_AmexCharges.xlsx,Unassigned / Allocation Required,PwP AMERICAN EXPRSEATTLE WA,558.48,Ohio Site Visit,Suspense & Review,Unassigned / Allocation Required,Unmapped category,Unmapped — assign to Suspense & Review pending classification.,40
2025-06-24,2025_Poseidon_Partners_AmexCharges.xlsx,Unassigned / Allocation Required,RE RENEWAL 760325333PALM SPRINGS CA,549.0,Palm Spring Trip - Judd,Suspense & Review,Unassigned / Allocation Required,Unmapped category,Unmapped — assign to Suspense & Review pending classification.,40
2025-08-07,2025_Poseidon_Partners_AmexCharges.xlsx,Unassigned / Allocation Required,EXPEDIA 732005579674EXPEDIA.COM WA,548.58,Miami Investor Trip,Suspense & Review,Unassigned / Allocation Required,Unmapped category,Unmapped — assign to Suspense & Review pending classification.,40
2025-04-18,2025_PlumCard_Dunnings.xlsx,DWG Capital Partners,SIXT CAR RENTAL ITALFRANGARTO-BOLZANO,547.31,Judd/Angela Italy Trip,Auto,DWG Capital Partners,Personal item (B/P flag = personal),Personal expense paid from business account — propose Due From Owner / Owner Distribution pending substantiation.,76
2025-03-01,2025_Poseidon_Partners_AmexCharges.xlsx,Unassigned / Allocation Required,AMERICAN EXPRESS TVLPHOENIX AZ,546.97,Team Travel (Judd),Travel,Unassigned / Allocation Required,Entity unassigned,Entity could not be determined from source — allocate before consolidation.,40
2025-03-01,2025_Poseidon_Partners_AmexCharges.xlsx,Unassigned / Allocation Required,AMEX TRAVEL PURCHASE WITH MR POINTS CREDIT,-546.97,Team Travel (Judd),Travel,Unassigned / Allocation Required,Refund/credit/points,Credit / refund / points — contra to original expense; confirm matching original charge.,40
2025-03-28,2025_Poseidon_Partners_AmexCharges.xlsx,Unassigned / Allocation Required,MED*CEDARS SINAI MEDLOS ANGELES CA,545.12,Personal - Health,Suspense & Review,Unassigned / Allocation Required,Personal item (category marked personal),Personal expense paid from business account — propose Due From Owner / Owner Distribution pending substantiation.,40
2026-03-12,MarJune_2026_Poseidon_Partners_Amex_Charges.xlsx,Poseidon Partners,BROOKSTONE ST2097 20ATLANTA GA,-539.98,Scam,Suspense & Review,Poseidon Partners,Refund/credit/points,Credit / refund / points — contra to original expense; confirm matching original charge.,45
2026-03-12,MarJune_2026_Poseidon_Partners_Amex_Charges.xlsx,Poseidon Partners,BROOKSTONE ST2097 20ATLANTA GA,539.98,Scam,Suspense & Review,Poseidon Partners,Unmapped category,Unmapped — assign to Suspense & Review pending classification.,45
2025-01-14,2025_PlumCard_Dunnings.xlsx,DWG Capital Partners,PAYPAL *GOFUNDME AID8448964938,530.0,Donation,Suspense & Review,DWG Capital Partners,Unmapped category,Unmapped — assign to Suspense & Review pending classification.,45
2025-07-06,2025_Poseidon_Partners_AmexCharges.xlsx,Unassigned / Allocation Required,AMAZON MARKETPLACE NAMZN.COM/BILL WA,-529.75,Amazon,Office,Unassigned / Allocation Required,Refund/credit/points,Credit / refund / points — contra to original expense; confirm matching original charge.,40
2025-07-06,2025_Poseidon_Partners_AmexCharges.xlsx,Unassigned / Allocation Required,AMAZON MARKEPLACE NA PA,529.75,Amazon,Office,Unassigned / Allocation Required,Entity unassigned,Entity could not be determined from source — allocate before consolidation.,40
2025-06-29,2025_Poseidon_Partners_AmexCharges.xlsx,Unassigned / Allocation Required,AMAZON MARKETPLACE NAMZN.COM/BILL WA,-529.75,Amazon,Office,Unassigned / Allocation Required,Refund/credit/points,Credit / refund / points — contra to original expense; confirm matching original charge.,40
2025-06-29,2025_Poseidon_Partners_AmexCharges.xlsx,Unassigned / Allocation Required,AMAZON MARKEPLACE NA PA,529.75,Amazon,Office,Unassigned / Allocation Required,Entity unassigned,Entity could not be determined from source — allocate before consolidation.,40
2025-06-21,2025_Poseidon_Partners_AmexCharges.xlsx,Unassigned / Allocation Required,AMAZON MARKETPLACE NAMZN.COM/BILL WA,-529.75,Amazon,Office,Unassigned / Allocation Required,Refund/credit/points,Credit / refund / points — contra to original expense; confirm matching original charge.,40
2025-06-21,2025_Poseidon_Partners_AmexCharges.xlsx,Unassigned / Allocation Required,AMAZON MARKEPLACE NA PA,529.75,Amazon,Office,Unassigned / Allocation Required,Entity unassigned,Entity could not be determined from source — allocate before consolidation.,40
2025-06-18,2025_Poseidon_Partners_AmexCharges.xlsx,Unassigned / Allocation Required,AMAZON MARKETPLACE NAMZN.COM/BILL WA,-529.75,Amazon,Office,Unassigned / Allocation Required,Refund/credit/points,Credit / refund / points — contra to original expense; confirm matching original charge.,40
2025-06-18,2025_Poseidon_Partners_AmexCharges.xlsx,Unassigned / Allocation Required,AMAZON MARKEPLACE NA PA,529.75,Amazon,Office,Unassigned / Allocation Required,Entity unassigned,Entity could not be determined from source — allocate before consolidation.,40
2025-05-13,2025_Poseidon_Partners_AmexCharges.xlsx,Unassigned / Allocation Required,AMAZON MARKETPLACE NAMZN.COM/BILL WA,-529.75,Amazon,Office,Unassigned / Allocation Required,Refund/credit/points,Credit / refund / points — contra to original expense; confirm matching original charge.,40
2025-05-13,2025_Poseidon_Partners_AmexCharges.xlsx,Unassigned / Allocation Required,AMAZON MARKEPLACE NA PA,529.75,Amazon,Office,Unassigned / Allocation Required,Entity unassigned,Entity could not be determined from source — allocate before consolidation.,40
2025-04-10,2025_Poseidon_Partners_AmexCharges.xlsx,Unassigned / Allocation Required,AMAZON MARKETPLACE NAMZN.COM/BILL WA,-529.75,Amazon,Office,Unassigned / Allocation Required,Refund/credit/points,Credit / refund / points — contra to original expense; confirm matching original charge.,40
2025-04-10,2025_Poseidon_Partners_AmexCharges.xlsx,Unassigned / Allocation Required,AMAZON MARKEPLACE NA PA,529.75,Amazon,Office,Unassigned / Allocation Required,Entity unassigned,Entity could not be determined from source — allocate before consolidation.,40
2025-03-25,2025_Poseidon_Partners_AmexCharges.xlsx,Unassigned / Allocation Required,AMAZON MARKETPLACE NAMZN.COM/BILL WA,-529.75,Amazon,Office,Unassigned / Allocation Required,Refund/credit/points,Credit / refund / points — contra to original expense; confirm matching original charge.,40
2025-03-25,2025_Poseidon_Partners_AmexCharges.xlsx,Unassigned / Allocation Required,AMAZON MARKEPLACE NA PA,529.75,Amazon,Office,Unassigned / Allocation Required,Entity unassigned,Entity could not be determined from source — allocate before consolidation.,40
2025-03-07,2025_Poseidon_Partners_AmexCharges.xlsx,Unassigned / Allocation Required,EXPEDIA.COM TRAVEL SEATTLE WA,526.96,Team Travel (Angela),Travel,Unassigned / Allocation Required,Entity unassigned,Entity could not be determined from source — allocate before consolidation.,40
2025-06-26,2025_Poseidon_Partners_AmexCharges.xlsx,Unassigned / Allocation Required,DEPARTMENT OF REAL ESACRAMENTO CA,525.0,DWG Operations,Suspense & Review,Unassigned / Allocation Required,Unmapped category,Unmapped — assign to Suspense & Review pending classification.,40
2025-01-09,2025_Poseidon_Partners_AmexCharges.xlsx,Unassigned / Allocation Required,DEPARTMENT OF REAL ESACRAMENTO CA,525.0,Personal - Food,Suspense & Review,Unassigned / Allocation Required,Personal item (category marked personal),Personal expense paid from business account — propose Due From Owner / Owner Distribution pending substantiation.,40
2025-02-11,2025_Poseidon_Partners_AmexCharges.xlsx,Unassigned / Allocation Required,PREMIER IV WEATHERFOWEATHERFORD TX,524.1,Personal - Health,Suspense & Review,Unassigned / Allocation Required,Personal item (category marked personal),Personal expense paid from business account — propose Due From Owner / Owner Distribution pending substantiation.,40
2025-03-08,2025_Poseidon_Partners_AmexCharges.xlsx,Unassigned / Allocation Required,BEST BUY CULVER CITY CA,523.64,DWG Electronics,Software & Technology,Unassigned / Allocation Required,Entity unassigned,Entity could not be determined from source — allocate before consolidation.,40
2025-04-13,2025_PlumCard_Dunnings.xlsx,DWG Capital Partners,HOTEL PALAZZO CASTRIFIRENZE,518.56,Judd/Angela Italy Trip,Travel,DWG Capital Partners,Personal item (B/P flag = personal),Personal expense paid from business account — propose Due From Owner / Owner Distribution pending substantiation.,84
2025-07-05,2025_Poseidon_Partners_AmexCharges.xlsx,Unassigned / Allocation Required,AMAZON MARKETPLACE NAMZN.COM/BILL WA,-511.91,Amazon,Office,Unassigned / Allocation Required,Refund/credit/points,Credit / refund / points — contra to original expense; confirm matching original charge.,40
2025-07-05,2025_Poseidon_Partners_AmexCharges.xlsx,Unassigned / Allocation Required,AMAZON MARKEPLACE NA PA,511.91,Amazon,Office,Unassigned / Allocation Required,Entity unassigned,Entity could not be determined from source — allocate before consolidation.,40
2025-05-01,2025_Poseidon_Partners_AmexCharges.xlsx,Unassigned / Allocation Required,AMAZON MARKETPLACE NAMZN.COM/BILL WA,-508.95,Amazon,Office,Unassigned / Allocation Required,Refund/credit/points,Credit / refund / points — contra to original expense; confirm matching original charge.,40
2025-05-01,2025_Poseidon_Partners_AmexCharges.xlsx,Unassigned / Allocation Required,AMAZON MARKEPLACE NA PA,508.95,Amazon,Office,Unassigned / Allocation Required,Entity unassigned,Entity could not be determined from source — allocate before consolidation.,40
2025-03-21,2025_Poseidon_Partners_AmexCharges.xlsx,Unassigned / Allocation Required,AMERICAN EXPRESS TVLPHOENIX AZ,502.9,Costa Rica Trip,Suspense & Review,Unassigned / Allocation Required,Unmapped category,Unmapped — assign to Suspense & Review pending classification.,40
2025-01-26,2025_PlumCard_Dunnings.xlsx,DWG Capital Partners,TST* GJELINA 3006427VENICE,500.0,Personal - Food,Suspense & Review,DWG Capital Partners,Personal item (B/P flag = personal),Personal expense paid from business account — propose Due From Owner / Owner Distribution pending substantiation.,45
2025-07-18,2025_Poseidon_Partners_AmexCharges.xlsx,Unassigned / Allocation Required,TST* AE BH 00124454 BEVERLY HILLS CA,492.71,Personal - Food,Suspense & Review,Unassigned / Allocation Required,Personal item (category marked personal),Personal expense paid from business account — propose Due From Owner / Owner Distribution pending substantiation.,40
2025-12-05,2025_Poseidon_Partners_AmexCharges.xlsx,Unassigned / Allocation Required,PAYPAL *AIRBNB HMEHN8888888888 CA,491.41,Team Travel (Judd),Travel,Unassigned / Allocation Required,Entity unassigned,Entity could not be determined from source — allocate before consolidation.,40
2025-03-17,2025_Poseidon_Partners_AmexCharges.xlsx,Unassigned / Allocation Required,EXPEDIA.COM TRAVEL SEATTLE WA,472.96,Team Travel (Angela),Travel,Unassigned / Allocation Required,Entity unassigned; Same-file repeat — verify not double-entered (SFR-0051),Entity could not be determined from source — allocate before consolidation.,40
2025-03-17,2025_Poseidon_Partners_AmexCharges.xlsx,Unassigned / Allocation Required,EXPEDIA.COM TRAVEL SEATTLE WA,472.96,Team Travel (Angela),Travel,Unassigned / Allocation Required,Entity unassigned; Same-file repeat — verify not double-entered (SFR-0051),Entity could not be determined from source — allocate before consolidation.,40
2025-03-17,2025_Poseidon_Partners_AmexCharges.xlsx,Unassigned / Allocation Required,EXPEDIA.COM TRAVEL SEATTLE WA,472.96,Team Travel (Angela),Travel,Unassigned / Allocation Required,Entity unassigned; Same-file repeat — verify not double-entered (SFR-0051),Entity could not be determined from source — allocate before consolidation.,40
2025-03-17,2025_Poseidon_Partners_AmexCharges.xlsx,Unassigned / Allocation Required,EXPEDIA.COM TRAVEL SEATTLE WA,472.96,Team Travel (Angela),Travel,Unassigned / Allocation Required,Entity unassigned; Same-file repeat — verify not double-entered (SFR-0051),Entity could not be determined from source — allocate before consolidation.,40
2025-04-25,2025_Poseidon_Partners_AmexCharges.xlsx,Unassigned / Allocation Required,DNH*GODADDY#37244423Tempe AZ,471.62,Go Daddy,Suspense & Review,Unassigned / Allocation Required,Unmapped category,Unmapped — assign to Suspense & Review pending classification.,40
2025-05-17,2025_Poseidon_Partners_AmexCharges.xlsx,Unassigned / Allocation Required,AMAZON MARKETPLACE NAMZN.COM/BILL WA,-468.44,Amazon,Office,Unassigned / Allocation Required,Refund/credit/points,Credit / refund / points — contra to original expense; confirm matching original charge.,40
2025-05-17,2025_Poseidon_Partners_AmexCharges.xlsx,Unassigned / Allocation Required,AMAZON MARKEPLACE NA PA,468.44,Amazon,Office,Unassigned / Allocation Required,Entity unassigned,Entity could not be determined from source — allocate before consolidation.,40
2025-03-20,2025_PlumCard_Dunnings.xlsx,DWG Capital Partners,VIATOR,466.96,Judd/Angela Italy Trip,Suspense & Review,DWG Capital Partners,Personal item (B/P flag = personal),Personal expense paid from business account — propose Due From Owner / Owner Distribution pending substantiation.,45
2025-06-15,2025_Poseidon_Partners_AmexCharges.xlsx,Unassigned / Allocation Required,STAPLES.COM 800-333-3330 MA,462.7,TBD,Office,Unassigned / Allocation Required,Entity unassigned,Entity could not be determined from source — allocate before consolidation.,40
2025-03-07,2025_Poseidon_Partners_AmexCharges.xlsx,Unassigned / Allocation Required,CORPORATE FILINGS LLSHERIDAN WY,459.0,DWG Operations,Suspense & Review,Unassigned / Allocation Required,Unmapped category,Unmapped — assign to Suspense & Review pending classification.,40
2025-02-04,2025_Poseidon_Partners_AmexCharges.xlsx,Unassigned / Allocation Required,CORPORATE FILINGS LLSHERIDAN WY,459.0,DWG Operations,Suspense & Review,Unassigned / Allocation Required,Unmapped category; Same-file repeat — verify not double-entered (SFR-0059),Unmapped — assign to Suspense & Review pending classification.,40
2025-02-04,2025_Poseidon_Partners_AmexCharges.xlsx,Unassigned / Allocation Required,CORPORATE FILINGS LLSHERIDAN WY,459.0,DWG Operations,Suspense & Review,Unassigned / Allocation Required,Unmapped category; Same-file repeat — verify not double-entered (SFR-0059),Unmapped — assign to Suspense & Review pending classification.,40
2026-02-05,JanFeb_2026_Poseidon_Partners_Amex_Charges.xlsx,Poseidon Partners,CORPORATE FILINGS LLSHERIDAN WY,459.0,Entity Filing,Suspense & Review,Poseidon Partners,Unmapped category; Same-file repeat — verify not double-entered (SFR-0069),Unmapped — assign to Suspense & Review pending classification.,45
2026-02-05,JanFeb_2026_Poseidon_Partners_Amex_Charges.xlsx,Poseidon Partners,CORPORATE FILINGS LLSHERIDAN WY,459.0,Entity Filing,Suspense & Review,Poseidon Partners,Unmapped category; Same-file repeat — verify not double-entered (SFR-0069),Unmapped — assign to Suspense & Review pending classification.,45
2026-03-07,MarJune_2026_Poseidon_Partners_Amex_Charges.xlsx,Poseidon Partners,CORPORATE FILINGS LLSHERIDAN WY,459.0,DWG Business Development,Suspense & Review,Poseidon Partners,Unmapped category,Unmapped — assign to Suspense & Review pending classification.,45
2026-03-09,MarJune_2026_Poseidon_Partners_Amex_Charges.xlsx,Poseidon Partners,TST* BEETHOVEN 00200LOS ANGELES CA,456.08,Personal - Food,Suspense & Review,Poseidon Partners,Personal item (category marked personal),Personal expense paid from business account — propose Due From Owner / Owner Distribution pending substantiation.,45
2025-12-05,2025_PlumCard_Dunnings.xlsx,DWG Capital Partners,PAYMENTUS CORPORATIO800-420-1663,455.49,Utilities,Suspense & Review,DWG Capital Partners,Unmapped category,Unmapped — assign to Suspense & Review pending classification.,45
2025-05-02,2025_Poseidon_Partners_AmexCharges.xlsx,Unassigned / Allocation Required,AMAZON.COM AMZN.COM/BILL WA,454.59,Amazon,Office,Unassigned / Allocation Required,Entity unassigned,Entity could not be determined from source — allocate before consolidation.,40
2025-06-25,2025_Poseidon_Partners_AmexCharges.xlsx,Unassigned / Allocation Required,RAINRETAIL*MARTY PATFORT WORTH TX,451.87,Personal - House,Suspense & Review,Unassigned / Allocation Required,Personal item (category marked personal),Personal expense paid from business account — propose Due From Owner / Owner Distribution pending substantiation.,40
2025-05-15,2025_Poseidon_Partners_AmexCharges.xlsx,Unassigned / Allocation Required,RAINRETAIL*MARTY PATFORT WORTH TX,451.87,Personal - House,Suspense & Review,Unassigned / Allocation Required,Personal item (category marked personal),Personal expense paid from business account — propose Due From Owner / Owner Distribution pending substantiation.,40
2025-07-01,2025_Poseidon_Partners_AmexCharges.xlsx,Unassigned / Allocation Required,EXPEDIA.COM TRAVEL SEATTLE WA,448.18,San Francisco Investor Meeting,Investor Relations,Unassigned / Allocation Required,Entity unassigned,Entity could not be determined from source — allocate before consolidation.,40
2025-03-21,2025_Poseidon_Partners_AmexCharges.xlsx,Unassigned / Allocation Required,LAPHIL HWBOWL WEB LOS ANGELES CA,448.0,Personal - Entertainment,Suspense & Review,Unassigned / Allocation Required,Personal item (category marked personal),Personal expense paid from business account — propose Due From Owner / Owner Distribution pending substantiation.,40
2025-03-02,2025_Poseidon_Partners_AmexCharges.xlsx,Unassigned / Allocation Required,EXPEDIA 730444063450EXPEDIA.COM WA,444.89,Team Travel (Angela),Travel,Unassigned / Allocation Required,Entity unassigned,Entity could not be determined from source — allocate before consolidation.,40
2025-05-20,2025_Poseidon_Partners_AmexCharges.xlsx,Unassigned / Allocation Required,AMAZON MARKETPLACE NAMZN.COM/BILL WA,-439.6,Amazon,Office,Unassigned / Allocation Required,Refund/credit/points,Credit / refund / points — contra to original expense; confirm matching original charge.,40
2025-05-20,2025_Poseidon_Partners_AmexCharges.xlsx,Unassigned / Allocation Required,AMAZON MARKEPLACE NA PA,439.6,Amazon,Office,Unassigned / Allocation Required,Entity unassigned,Entity could not be determined from source — allocate before consolidation.,40
2025-01-25,2025_Poseidon_Partners_AmexCharges.xlsx,Unassigned / Allocation Required,EXPEDIA.COM TRAVEL SEATTLE WA,438.48,Team Travel (Angela),Travel,Unassigned / Allocation Required,Entity unassigned; Same-file repeat — verify not double-entered (SFR-0066),Entity could not be determined from source — allocate before consolidation.,40
2025-01-25,2025_Poseidon_Partners_AmexCharges.xlsx,Unassigned / Allocation Required,EXPEDIA.COM TRAVEL SEATTLE WA,438.48,Team Travel (Angela),Travel,Unassigned / Allocation Required,Entity unassigned; Same-file repeat — verify not double-entered (SFR-0066),Entity could not be determined from source — allocate before consolidation.,40
2025-11-06,2025_Poseidon_Partners_AmexCharges.xlsx,Unassigned / Allocation Required,ROBERTS CHIROPRACTICWEATHERFORD TX,435.0,Personal - Health,Suspense & Review,Unassigned / Allocation Required,Personal item (category marked personal),Personal expense paid from business account — propose Due From Owner / Owner Distribution pending substantiation.,40
2025-05-16,2025_Poseidon_Partners_AmexCharges.xlsx,Unassigned / Allocation Required,BEST BUY WEATHERFORD TX,-432.98,DWG Electronics,Software & Technology,Unassigned / Allocation Required,Refund/credit/points,Credit / refund / points — contra to original expense; confirm matching original charge.,40
2026-02-16,JanFeb_2026_Poseidon_Partners_Amex_Charges.xlsx,Poseidon Partners,Amex Online Flight Statement Credit,-430.4,Amex Online Flight Statement Credit,Travel,Poseidon Partners,Refund/credit/points,Credit / refund / points — contra to original expense; confirm matching original charge.,84
2026-05-01,MarJune_2026_Poseidon_Partners_Amex_Charges.xlsx,Poseidon Partners,PACIFIC SPAS & SAUNALOS ANGELES CA,425.2,Personal - House,Suspense & Review,Poseidon Partners,Personal item (category marked personal),Personal expense paid from business account — propose Due From Owner / Owner Distribution pending substantiation.,45
2025-06-23,2025_Poseidon_Partners_AmexCharges.xlsx,Unassigned / Allocation Required,AMAZON MARKETPLACE NAMZN.COM/BILL WA,-423.8,Amazon,Office,Unassigned / Allocation Required,Refund/credit/points,Credit / refund / points — contra to original expense; confirm matching original charge.,40
2025-06-23,2025_Poseidon_Partners_AmexCharges.xlsx,Unassigned / Allocation Required,AMAZON MARKEPLACE NA PA,423.8,Amazon,Office,Unassigned / Allocation Required,Entity unassigned,Entity could not be determined from source — allocate before consolidation.,40
2025-06-14,2025_Poseidon_Partners_AmexCharges.xlsx,Unassigned / Allocation Required,AMAZON MARKETPLACE NAMZN.COM/BILL WA,-423.8,Amazon,Office,Unassigned / Allocation Required,Refund/credit/points,Credit / refund / points — contra to original expense; confirm matching original charge.,40
2025-06-14,2025_Poseidon_Partners_AmexCharges.xlsx,Unassigned / Allocation Required,AMAZON MARKEPLACE NA PA,423.8,Amazon,Office,Unassigned / Allocation Required,Entity unassigned,Entity could not be determined from source — allocate before consolidation.,40
2025-05-26,2025_Poseidon_Partners_AmexCharges.xlsx,Unassigned / Allocation Required,AMAZON MARKETPLACE NAMZN.COM/BILL WA,-423.8,Amazon,Office,Unassigned / Allocation Required,Refund/credit/points,Credit / refund / points — contra to original expense; confirm matching original charge.,40
2025-05-26,2025_Poseidon_Partners_AmexCharges.xlsx,Unassigned / Allocation Required,AMAZON MARKEPLACE NA PA,423.8,Amazon,Office,Unassigned / Allocation Required,Entity unassigned,Entity could not be determined from source — allocate before consolidation.,40
2025-05-23,2025_Poseidon_Partners_AmexCharges.xlsx,Unassigned / Allocation Required,AMAZON MARKETPLACE NAMZN.COM/BILL WA,-423.8,Amazon,Office,Unassigned / Allocation Required,Refund/credit/points,Credit / refund / points — contra to original expense; confirm matching original charge.,40
2025-05-23,2025_Poseidon_Partners_AmexCharges.xlsx,Unassigned / Allocation Required,AMAZON MARKEPLACE NA PA,423.8,Amazon,Office,Unassigned / Allocation Required,Entity unassigned,Entity could not be determined from source — allocate before consolidation.,40
2025-04-30,2025_Poseidon_Partners_AmexCharges.xlsx,Unassigned / Allocation Required,AMAZON MARKETPLACE NAMZN.COM/BILL WA,-423.8,Amazon,Office,Unassigned / Allocation Required,Refund/credit/points,Credit / refund / points — contra to original expense; confirm matching original charge.,40
2025-04-30,2025_Poseidon_Partners_AmexCharges.xlsx,Unassigned / Allocation Required,AMAZON MARKEPLACE NA PA,423.8,Amazon,Office,Unassigned / Allocation Required,Entity unassigned,Entity could not be determined from source — allocate before consolidation.,40
2025-04-22,2025_Poseidon_Partners_AmexCharges.xlsx,Unassigned / Allocation Required,AMAZON MARKETPLACE NAMZN.COM/BILL WA,-423.8,Amazon,Office,Unassigned / Allocation Required,Refund/credit/points,Credit / refund / points — contra to original expense; confirm matching original charge.,40
2025-04-22,2025_Poseidon_Partners_AmexCharges.xlsx,Unassigned / Allocation Required,AMAZON MARKEPLACE NA PA,423.8,Amazon,Office,Unassigned / Allocation Required,Entity unassigned,Entity could not be determined from source — allocate before consolidation.,40
2025-04-14,2025_Poseidon_Partners_AmexCharges.xlsx,Unassigned / Allocation Required,AMAZON MARKETPLACE NAMZN.COM/BILL WA,-423.8,Amazon,Office,Unassigned / Allocation Required,Refund/credit/points,Credit / refund / points — contra to original expense; confirm matching original charge.,40
2025-04-14,2025_Poseidon_Partners_AmexCharges.xlsx,Unassigned / Allocation Required,AMAZON MARKEPLACE NA PA,423.8,Amazon,Office,Unassigned / Allocation Required,Entity unassigned,Entity could not be determined from source — allocate before consolidation.,40
2025-04-02,2025_Poseidon_Partners_AmexCharges.xlsx,Unassigned / Allocation Required,AMAZON MARKETPLACE NAMZN.COM/BILL WA,-423.8,Amazon,Office,Unassigned / Allocation Required,Refund/credit/points,Credit / refund / points — contra to original expense; confirm matching original charge.,40
2025-04-02,2025_Poseidon_Partners_AmexCharges.xlsx,Unassigned / Allocation Required,AMAZON MARKEPLACE NA PA,423.8,Amazon,Office,Unassigned / Allocation Required,Entity unassigned,Entity could not be determined from source — allocate before consolidation.,40
2025-02-28,2025_Poseidon_Partners_AmexCharges.xlsx,Unassigned / Allocation Required,AMAZON MARKETPLACE NAMZN.COM/BILL WA,-423.8,Amazon,Office,Unassigned / Allocation Required,Refund/credit/points,Credit / refund / points — contra to original expense; confirm matching original charge.,40
2025-02-28,2025_Poseidon_Partners_AmexCharges.xlsx,Unassigned / Allocation Required,AMAZON MARKEPLACE NA PA,423.8,Amazon,Office,Unassigned / Allocation Required,Entity unassigned,Entity could not be determined from source — allocate before consolidation.,40
2025-02-14,2025_Poseidon_Partners_AmexCharges.xlsx,Unassigned / Allocation Required,AMAZON MARKETPLACE NAMZN.COM/BILL WA,-423.8,Amazon,Office,Unassigned / Allocation Required,Refund/credit/points,Credit / refund / points — contra to original expense; confirm matching original charge.,40
2025-02-14,2025_Poseidon_Partners_AmexCharges.xlsx,Unassigned / Allocation Required,AMAZON MARKEPLACE NA PA,423.8,Amazon,Office,Unassigned / Allocation Required,Entity unassigned,Entity could not be determined from source — allocate before consolidation.,40
2026-05-24,MarJune_2026_Poseidon_Partners_Amex_Charges.xlsx,Poseidon Partners,TARGET WEATHERFORD TX,419.38,Personal - House,Suspense & Review,Poseidon Partners,Personal item (category marked personal),Personal expense paid from business account — propose Due From Owner / Owner Distribution pending substantiation.,45
2025-07-20,2025_Poseidon_Partners_AmexCharges.xlsx,Unassigned / Allocation Required,VCA ANIMAL HOSPITALSLOS ANGELES CA,419.01,Personal - House,Suspense & Review,Unassigned / Allocation Required,Personal item (category marked personal),Personal expense paid from business account — propose Due From Owner / Owner Distribution pending substantiation.,40
2025-02-16,2025_Poseidon_Partners_AmexCharges.xlsx,Unassigned / Allocation Required,UNITED AIRLINES HOUSTON TX,416.97,Team Travel (Angela),Travel,Unassigned / Allocation Required,Entity unassigned,Entity could not be determined from source — allocate before consolidation.,40
2025-05-21,2025_PlumCard_Dunnings.xlsx,DWG Capital Partners,VIATOR,413.91,Judd/Angela Italy Trip,Suspense & Review,DWG Capital Partners,Personal item (B/P flag = personal),Personal expense paid from business account — propose Due From Owner / Owner Distribution pending substantiation.,45
2025-07-12,2025_Poseidon_Partners_AmexCharges.xlsx,Unassigned / Allocation Required,AMAZON MARKETPLACE NAMZN.COM/BILL WA,-413.9,Amazon,Office,Unassigned / Allocation Required,Refund/credit/points,Credit / refund / points — contra to original expense; confirm matching original charge.,40
2025-07-12,2025_Poseidon_Partners_AmexCharges.xlsx,Unassigned / Allocation Required,AMAZON MARKEPLACE NA PA,413.9,Amazon,Office,Unassigned / Allocation Required,Entity unassigned,Entity could not be determined from source — allocate before consolidation.,40
2025-07-11,2025_Poseidon_Partners_AmexCharges.xlsx,Unassigned / Allocation Required,AMAZON MARKETPLACE NAMZN.COM/BILL WA,-413.9,Amazon,Office,Unassigned / Allocation Required,Refund/credit/points,Credit / refund / points — contra to original expense; confirm matching original charge.,40
2025-07-11,2025_Poseidon_Partners_AmexCharges.xlsx,Unassigned / Allocation Required,AMAZON MARKEPLACE NA PA,413.9,Amazon,Office,Unassigned / Allocation Required,Entity unassigned,Entity could not be determined from source — allocate before consolidation.,40
2025-07-03,2025_Poseidon_Partners_AmexCharges.xlsx,Unassigned / Allocation Required,AMAZON MARKETPLACE NAMZN.COM/BILL WA,-413.9,Amazon,Office,Unassigned / Allocation Required,Refund/credit/points,Credit / refund / points — contra to original expense; confirm matching original charge.,40
2025-07-03,2025_Poseidon_Partners_AmexCharges.xlsx,Unassigned / Allocation Required,AMAZON MARKEPLACE NA PA,413.9,Amazon,Office,Unassigned / Allocation Required,Entity unassigned,Entity could not be determined from source — allocate before consolidation.,40
2025-06-14,2025_Poseidon_Partners_AmexCharges.xlsx,Unassigned / Allocation Required,AMAZON MARKETPLACE NAMZN.COM/BILL WA,-413.9,Amazon,Office,Unassigned / Allocation Required,Refund/credit/points,Credit / refund / points — contra to original expense; confirm matching original charge.,40
2025-06-14,2025_Poseidon_Partners_AmexCharges.xlsx,Unassigned / Allocation Required,AMAZON MARKEPLACE NA PA,413.9,Amazon,Office,Unassigned / Allocation Required,Entity unassigned,Entity could not be determined from source — allocate before consolidation.,40
2025-05-26,2025_Poseidon_Partners_AmexCharges.xlsx,Unassigned / Allocation Required,AMAZON MARKETPLACE NAMZN.COM/BILL WA,-413.9,Amazon,Office,Unassigned / Allocation Required,Refund/credit/points,Credit / refund / points — contra to original expense; confirm matching original charge.,40
2025-05-26,2025_Poseidon_Partners_AmexCharges.xlsx,Unassigned / Allocation Required,AMAZON MARKEPLACE NA PA,413.9,Amazon,Office,Unassigned / Allocation Required,Entity unassigned,Entity could not be determined from source — allocate before consolidation.,40
2025-05-25,2025_Poseidon_Partners_AmexCharges.xlsx,Unassigned / Allocation Required,AMAZON MARKETPLACE NAMZN.COM/BILL WA,-413.9,Amazon,Office,Unassigned / Allocation Required,Refund/credit/points,Credit / refund / points — contra to original expense; confirm matching original charge.,40
2025-05-25,2025_Poseidon_Partners_AmexCharges.xlsx,Unassigned / Allocation Required,AMAZON MARKEPLACE NA PA,413.9,Amazon,Office,Unassigned / Allocation Required,Entity unassigned,Entity could not be determined from source — allocate before consolidation.,40
2025-05-11,2025_Poseidon_Partners_AmexCharges.xlsx,Unassigned / Allocation Required,AMAZON MARKETPLACE NAMZN.COM/BILL WA,-413.9,Amazon,Office,Unassigned / Allocation Required,Refund/credit/points,Credit / refund / points — contra to original expense; confirm matching original charge.,40
2025-05-11,2025_Poseidon_Partners_AmexCharges.xlsx,Unassigned / Allocation Required,AMAZON MARKEPLACE NA PA,413.9,Amazon,Office,Unassigned / Allocation Required,Entity unassigned,Entity could not be determined from source — allocate before consolidation.,40
2025-04-24,2025_Poseidon_Partners_AmexCharges.xlsx,Unassigned / Allocation Required,AMAZON MARKETPLACE NAMZN.COM/BILL WA,-413.9,Amazon,Office,Unassigned / Allocation Required,Refund/credit/points,Credit / refund / points — contra to original expense; confirm matching original charge.,40
2025-04-24,2025_Poseidon_Partners_AmexCharges.xlsx,Unassigned / Allocation Required,AMAZON MARKEPLACE NA PA,413.9,Amazon,Office,Unassigned / Allocation Required,Entity unassigned,Entity could not be determined from source — allocate before consolidation.,40
2025-04-12,2025_Poseidon_Partners_AmexCharges.xlsx,Unassigned / Allocation Required,AMAZON MARKETPLACE NAMZN.COM/BILL WA,-413.9,Amazon,Office,Unassigned / Allocation Required,Refund/credit/points,Credit / refund / points — contra to original expense; confirm matching original charge.,40
2025-04-12,2025_Poseidon_Partners_AmexCharges.xlsx,Unassigned / Allocation Required,AMAZON MARKEPLACE NA PA,413.9,Amazon,Office,Unassigned / Allocation Required,Entity unassigned,Entity could not be determined from source — allocate before consolidation.,40
2025-04-08,2025_Poseidon_Partners_AmexCharges.xlsx,Unassigned / Allocation Required,AMAZON MARKETPLACE NAMZN.COM/BILL WA,-413.9,Amazon,Office,Unassigned / Allocation Required,Refund/credit/points,Credit / refund / points — contra to original expense; confirm matching original charge.,40
2025-04-08,2025_Poseidon_Partners_AmexCharges.xlsx,Unassigned / Allocation Required,AMAZON MARKEPLACE NA PA,413.9,Amazon,Office,Unassigned / Allocation Required,Entity unassigned,Entity could not be determined from source — allocate before consolidation.,40
2025-04-06,2025_Poseidon_Partners_AmexCharges.xlsx,Unassigned / Allocation Required,AMAZON MARKETPLACE NAMZN.COM/BILL WA,-413.9,Amazon,Office,Unassigned / Allocation Required,Refund/credit/points,Credit / refund / points — contra to original expense; confirm matching original charge.,40
2025-04-06,2025_Poseidon_Partners_AmexCharges.xlsx,Unassigned / Allocation Required,AMAZON MARKEPLACE NA PA,413.9,Amazon,Office,Unassigned / Allocation Required,Entity unassigned,Entity could not be determined from source — allocate before consolidation.,40
2025-04-04,2025_Poseidon_Partners_AmexCharges.xlsx,Unassigned / Allocation Required,AMAZON MARKETPLACE NAMZN.COM/BILL WA,-413.9,Amazon,Office,Unassigned / Allocation Required,Refund/credit/points,Credit / refund / points — contra to original expense; confirm matching original charge.,40
2025-04-04,2025_Poseidon_Partners_AmexCharges.xlsx,Unassigned / Allocation Required,AMAZON MARKEPLACE NA PA,413.9,Amazon,Office,Unassigned / Allocation Required,Entity unassigned,Entity could not be determined from source — allocate before consolidation.,40
2025-04-01,2025_Poseidon_Partners_AmexCharges.xlsx,Unassigned / Allocation Required,AMAZON MARKETPLACE NAMZN.COM/BILL WA,-413.9,Amazon,Office,Unassigned / Allocation Required,Refund/credit/points,Credit / refund / points — contra to original expense; confirm matching original charge.,40
2025-04-01,2025_Poseidon_Partners_AmexCharges.xlsx,Unassigned / Allocation Required,AMAZON MARKEPLACE NA PA,413.9,Amazon,Office,Unassigned / Allocation Required,Entity unassigned,Entity could not be determined from source — allocate before consolidation.,40
2025-03-31,2025_Poseidon_Partners_AmexCharges.xlsx,Unassigned / Allocation Required,AMAZON MARKETPLACE NAMZN.COM/BILL WA,-413.9,Amazon,Office,Unassigned / Allocation Required,Refund/credit/points,Credit / refund / points — contra to original expense; confirm matching original charge.,40
2025-03-31,2025_Poseidon_Partners_AmexCharges.xlsx,Unassigned / Allocation Required,AMAZON MARKEPLACE NA PA,413.9,Amazon,Office,Unassigned / Allocation Required,Entity unassigned,Entity could not be determined from source — allocate before consolidation.,40
2025-03-11,2025_Poseidon_Partners_AmexCharges.xlsx,Unassigned / Allocation Required,AMAZON MARKETPLACE NAMZN.COM/BILL WA,-413.9,Amazon,Office,Unassigned / Allocation Required,Refund/credit/points,Credit / refund / points — contra to original expense; confirm matching original charge.,40
2025-03-11,2025_Poseidon_Partners_AmexCharges.xlsx,Unassigned / Allocation Required,AMAZON MARKEPLACE NA PA,413.9,Amazon,Office,Unassigned / Allocation Required,Entity unassigned,Entity could not be determined from source — allocate before consolidation.,40
2025-03-08,2025_Poseidon_Partners_AmexCharges.xlsx,Unassigned / Allocation Required,AMAZON MARKETPLACE NAMZN.COM/BILL WA,-413.9,Amazon,Office,Unassigned / Allocation Required,Refund/credit/points,Credit / refund / points — contra to original expense; confirm matching original charge.,40
2025-03-08,2025_Poseidon_Partners_AmexCharges.xlsx,Unassigned / Allocation Required,AMAZON MARKEPLACE NA PA,413.9,Amazon,Office,Unassigned / Allocation Required,Entity unassigned,Entity could not be determined from source — allocate before consolidation.,40
2025-03-06,2025_Poseidon_Partners_AmexCharges.xlsx,Unassigned / Allocation Required,AMAZON MARKETPLACE NAMZN.COM/BILL WA,-413.9,Amazon,Office,Unassigned / Allocation Required,Refund/credit/points,Credit / refund / points — contra to original expense; confirm matching original charge.,40
2025-03-06,2025_Poseidon_Partners_AmexCharges.xlsx,Unassigned / Allocation Required,AMAZON MARKEPLACE NA PA,413.9,Amazon,Office,Unassigned / Allocation Required,Entity unassigned,Entity could not be determined from source — allocate before consolidation.,40
2025-03-01,2025_Poseidon_Partners_AmexCharges.xlsx,Unassigned / Allocation Required,AMAZON MARKETPLACE NAMZN.COM/BILL WA,-413.9,Amazon,Office,Unassigned / Allocation Required,Refund/credit/points,Credit / refund / points — contra to original expense; confirm matching original charge.,40
2025-03-01,2025_Poseidon_Partners_AmexCharges.xlsx,Unassigned / Allocation Required,AMAZON MARKEPLACE NA PA,413.9,Amazon,Office,Unassigned / Allocation Required,Entity unassigned,Entity could not be determined from source — allocate before consolidation.,40
2025-02-27,2025_Poseidon_Partners_AmexCharges.xlsx,Unassigned / Allocation Required,AMAZON MARKETPLACE NAMZN.COM/BILL WA,-413.9,Amazon,Office,Unassigned / Allocation Required,Refund/credit/points,Credit / refund / points — contra to original expense; confirm matching original charge.,40
2025-02-27,2025_Poseidon_Partners_AmexCharges.xlsx,Unassigned / Allocation Required,AMAZON MARKEPLACE NA PA,413.9,Amazon,Office,Unassigned / Allocation Required,Entity unassigned,Entity could not be determined from source — allocate before consolidation.,40
2025-02-26,2025_Poseidon_Partners_AmexCharges.xlsx,Unassigned / Allocation Required,AMAZON MARKETPLACE NAMZN.COM/BILL WA,-413.9,Amazon,Office,Unassigned / Allocation Required,Refund/credit/points,Credit / refund / points — contra to original expense; confirm matching original charge.,40
2025-02-26,2025_Poseidon_Partners_AmexCharges.xlsx,Unassigned / Allocation Required,AMAZON MARKEPLACE NA PA,413.9,Amazon,Office,Unassigned / Allocation Required,Entity unassigned,Entity could not be determined from source — allocate before consolidation.,40
2025-02-21,2025_Poseidon_Partners_AmexCharges.xlsx,Unassigned / Allocation Required,AMAZON MARKETPLACE NAMZN.COM/BILL WA,-413.9,Amazon,Office,Unassigned / Allocation Required,Refund/credit/points,Credit / refund / points — contra to original expense; confirm matching original charge.,40
2025-02-21,2025_Poseidon_Partners_AmexCharges.xlsx,Unassigned / Allocation Required,AMAZON MARKEPLACE NA PA,413.9,Amazon,Office,Unassigned / Allocation Required,Entity unassigned,Entity could not be determined from source — allocate before consolidation.,40
2025-02-11,2025_Poseidon_Partners_AmexCharges.xlsx,Unassigned / Allocation Required,AMAZON MARKETPLACE NAMZN.COM/BILL WA,-413.9,Amazon,Office,Unassigned / Allocation Required,Refund/credit/points,Credit / refund / points — contra to original expense; confirm matching original charge.,40
2025-02-11,2025_Poseidon_Partners_AmexCharges.xlsx,Unassigned / Allocation Required,AMAZON MARKEPLACE NA PA,413.9,Amazon,Office,Unassigned / Allocation Required,Entity unassigned,Entity could not be determined from source — allocate before consolidation.,40
2025-02-07,2025_Poseidon_Partners_AmexCharges.xlsx,Unassigned / Allocation Required,AMAZON MARKETPLACE NAMZN.COM/BILL WA,-413.9,Amazon,Office,Unassigned / Allocation Required,Refund/credit/points,Credit / refund / points — contra to original expense; confirm matching original charge.,40
2025-02-07,2025_Poseidon_Partners_AmexCharges.xlsx,Unassigned / Allocation Required,AMAZON MARKEPLACE NA PA,413.9,Amazon,Office,Unassigned / Allocation Required,Entity unassigned,Entity could not be determined from source — allocate before consolidation.,40
2025-01-30,2025_Poseidon_Partners_AmexCharges.xlsx,Unassigned / Allocation Required,AMAZON MARKETPLACE NAMZN.COM/BILL WA,-413.9,Amazon,Office,Unassigned / Allocation Required,Refund/credit/points,Credit / refund / points — contra to original expense; confirm matching original charge.,40
2025-01-30,2025_Poseidon_Partners_AmexCharges.xlsx,Unassigned / Allocation Required,AMAZON MARKEPLACE NA PA,413.9,Amazon,Office,Unassigned / Allocation Required,Entity unassigned,Entity could not be determined from source — allocate before consolidation.,40
2025-01-23,2025_Poseidon_Partners_AmexCharges.xlsx,Unassigned / Allocation Required,AMAZON MARKETPLACE NAMZN.COM/BILL WA,-413.9,Amazon,Office,Unassigned / Allocation Required,Refund/credit/points,Credit / refund / points — contra to original expense; confirm matching original charge.,40
2025-01-23,2025_Poseidon_Partners_AmexCharges.xlsx,Unassigned / Allocation Required,AMAZON MARKEPLACE NA PA,413.9,Amazon,Office,Unassigned / Allocation Required,Entity unassigned,Entity could not be determined from source — allocate before consolidation.,40
2025-01-20,2025_Poseidon_Partners_AmexCharges.xlsx,Unassigned / Allocation Required,AMAZON MARKETPLACE NAMZN.COM/BILL WA,-413.9,Amazon,Office,Unassigned / Allocation Required,Refund/credit/points,Credit / refund / points — contra to original expense; confirm matching original charge.,40
2025-01-20,2025_Poseidon_Partners_AmexCharges.xlsx,Unassigned / Allocation Required,AMAZON MARKEPLACE NA PA,413.9,Amazon,Office,Unassigned / Allocation Required,Entity unassigned,Entity could not be determined from source — allocate before consolidation.,40
2025-01-15,2025_Poseidon_Partners_AmexCharges.xlsx,Unassigned / Allocation Required,AMAZON MARKETPLACE NAMZN.COM/BILL WA,-413.9,Amazon,Office,Unassigned / Allocation Required,Refund/credit/points,Credit / refund / points — contra to original expense; confirm matching original charge.,40
2025-01-15,2025_Poseidon_Partners_AmexCharges.xlsx,Unassigned / Allocation Required,AMAZON MARKEPLACE NA PA,413.9,Amazon,Office,Unassigned / Allocation Required,Entity unassigned,Entity could not be determined from source — allocate before consolidation.,40
2025-01-13,2025_Poseidon_Partners_AmexCharges.xlsx,Unassigned / Allocation Required,AMAZON MARKETPLACE NAMZN.COM/BILL WA,-413.9,Amazon,Office,Unassigned / Allocation Required,Refund/credit/points,Credit / refund / points — contra to original expense; confirm matching original charge.,40
2025-01-13,2025_Poseidon_Partners_AmexCharges.xlsx,Unassigned / Allocation Required,AMAZON MARKEPLACE NA PA,413.9,Amazon,Office,Unassigned / Allocation Required,Entity unassigned,Entity could not be determined from source — allocate before consolidation.,40
2025-10-08,2025_Poseidon_Partners_AmexCharges.xlsx,Unassigned / Allocation Required,PACIFIC SPAS & SAUNALOS ANGELES CA,410.2,Personal - House,Suspense & Review,Unassigned / Allocation Required,Personal item (category marked personal),Personal expense paid from business account — propose Due From Owner / Owner Distribution pending substantiation.,40
2025-03-08,2025_Poseidon_Partners_AmexCharges.xlsx,Unassigned / Allocation Required,EXPEDIA.COM TRAVEL SEATTLE WA,409.18,Team Travel (Angela),Travel,Unassigned / Allocation Required,Entity unassigned,Entity could not be determined from source — allocate before consolidation.,40
2025-02-10,2025_Poseidon_Partners_AmexCharges.xlsx,Unassigned / Allocation Required,LONE STAR IV MEDICS/Weatherford TX,405.0,Personal - Health,Suspense & Review,Unassigned / Allocation Required,Personal item (category marked personal),Personal expense paid from business account — propose Due From Owner / Owner Distribution pending substantiation.,40
2026-02-12,JanFeb_2026_Poseidon_Partners_Amex_Charges.xlsx,Poseidon Partners,INN OF THE SEVENTH RTOPANGA CA,400.0,Personal - Family,General & Administrative,Poseidon Partners,Personal item (category marked personal),Personal expense paid from business account — propose Due From Owner / Owner Distribution pending substantiation.,55
2025-09-30,2025_Poseidon_Partners_AmexCharges.xlsx,Unassigned / Allocation Required,FRAUD CREDIT,-397.27,FRAUD CREDIT,Suspense & Review,Unassigned / Allocation Required,Refund/credit/points,Credit / refund / points — contra to original expense; confirm matching original charge.,40
2026-03-23,Mar-May_2026_DWGCP_Amex_Charges.xlsx,DWG Capital Partners,SOUTHWEST AIRLINES,-393.4,Refund,Other Operating Expense,DWG Capital Partners,Refund/credit/points,Credit / refund / points — contra to original expense; confirm matching original charge.,80
2025-03-10,2025_Poseidon_Partners_AmexCharges.xlsx,Unassigned / Allocation Required,MOON JUICE Venice CA,388.8,Personal - Food,Suspense & Review,Unassigned / Allocation Required,Personal item (category marked personal),Personal expense paid from business account — propose Due From Owner / Owner Distribution pending substantiation.,40
2025-12-03,2025_Poseidon_Partners_AmexCharges.xlsx,Unassigned / Allocation Required,Interest Charge on Pay Over Time Purchases,385.22,Interest Charge on Pay Over Time Purchases,Suspense & Review,Unassigned / Allocation Required,Unmapped category,Unmapped — assign to Suspense & Review pending classification.,40
2025-04-19,2025_PlumCard_Dunnings.xlsx,DWG Capital Partners,MOON JUICE,383.85,Personal - Food,Suspense & Review,DWG Capital Partners,Personal item (B/P flag = personal),Personal expense paid from business account — propose Due From Owner / Owner Distribution pending substantiation.,45
2025-05-25,2025_Poseidon_Partners_AmexCharges.xlsx,Unassigned / Allocation Required,BEARCAT CAFE JEFFERSON LA,382.86,Personal - Food,Suspense & Review,Unassigned / Allocation Required,Personal item (category marked personal),Personal expense paid from business account — propose Due From Owner / Owner Distribution pending substantiation.,40
2025-08-13,2025_Poseidon_Partners_AmexCharges.xlsx,Unassigned / Allocation Required,ALAMO RENT-A-C030105MIAMI FL,380.02,Miami Investor Trip,Suspense & Review,Unassigned / Allocation Required,Unmapped category,Unmapped — assign to Suspense & Review pending classification.,40
2025-05-16,2025_Poseidon_Partners_AmexCharges.xlsx,Unassigned / Allocation Required,BEST BUY WEATHERFORD TX,378.86,DWG Electronics,Software & Technology,Unassigned / Allocation Required,Entity unassigned,Entity could not be determined from source — allocate before consolidation.,40
2025-12-14,2025_Poseidon_Partners_AmexCharges.xlsx,Unassigned / Allocation Required,SIXT USA POS FORT LAUDERDALE FL,378.04,Family Trip,Travel,Unassigned / Allocation Required,Personal item (category marked family/household),Personal expense paid from business account — propose Due From Owner / Owner Distribution pending substantiation.,40
2025-08-07,2025_Poseidon_Partners_AmexCharges.xlsx,Unassigned / Allocation Required,Points for Amex Trvl,-377.4,Points for Amex Trvl,Suspense & Review,Unassigned / Allocation Required,Refund/credit/points,Credit / refund / points — contra to original expense; confirm matching original charge.,40
2025-08-07,2025_Poseidon_Partners_AmexCharges.xlsx,Unassigned / Allocation Required,PwP AMERICAN EXPRSEATTLE WA,377.4,Miami Investor Trip,Suspense & Review,Unassigned / Allocation Required,Unmapped category; Same-file repeat — verify not double-entered (SFR-0038),Unmapped — assign to Suspense & Review pending classification.,40
2025-08-07,2025_Poseidon_Partners_AmexCharges.xlsx,Unassigned / Allocation Required,PwP AMERICAN EXPRSEATTLE WA,377.4,Miami Investor Trip,Suspense & Review,Unassigned / Allocation Required,Unmapped category; Same-file repeat — verify not double-entered (SFR-0038),Unmapped — assign to Suspense & Review pending classification.,40
2025-05-27,2025_Poseidon_Partners_AmexCharges.xlsx,Unassigned / Allocation Required,ALAMO RENT-A-C036110DALLAS TX,373.32,Arizona Site Visit,Suspense & Review,Unassigned / Allocation Required,Unmapped category,Unmapped — assign to Suspense & Review pending classification.,40
2025-05-24,2025_Poseidon_Partners_AmexCharges.xlsx,Unassigned / Allocation Required,YVONNE LAFLEUR YOU BNEW ORLEANS LA,370.7,New Orleans Family Trip,Travel,Unassigned / Allocation Required,Personal item (category marked family/household),Personal expense paid from business account — propose Due From Owner / Owner Distribution pending substantiation.,40
2025-01-02,2025_Poseidon_Partners_AmexCharges.xlsx,Unassigned / Allocation Required,INFUSE WELLNESS SANTA MONICA CA,370.0,Personal - Health,Suspense & Review,Unassigned / Allocation Required,Personal item (category marked personal),Personal expense paid from business account — propose Due From Owner / Owner Distribution pending substantiation.,40
2025-01-12,2025_Poseidon_Partners_AmexCharges.xlsx,Unassigned / Allocation Required,AMAZON MARKETPLACE NAMZN.COM/BILL WA,-367.85,Amazon,Office,Unassigned / Allocation Required,Refund/credit/points,Credit / refund / points — contra to original expense; confirm matching original charge.,40
2025-01-12,2025_Poseidon_Partners_AmexCharges.xlsx,Unassigned / Allocation Required,AMAZON MARKEPLACE NA PA,367.85,Amazon,Office,Unassigned / Allocation Required,Entity unassigned,Entity could not be determined from source — allocate before consolidation.,40
2025-05-17,2025_Poseidon_Partners_AmexCharges.xlsx,Unassigned / Allocation Required,HOTEL DROVER - CATERFORT WORTH TX,364.18,Personal - Food,Travel,Unassigned / Allocation Required,Personal item (category marked personal),Personal expense paid from business account — propose Due From Owner / Owner Distribution pending substantiation.,40
2025-05-17,2025_Poseidon_Partners_AmexCharges.xlsx,Unassigned / Allocation Required,MAVERICK FINE WESTERFORT WORTH TX,361.71,Personal - Clothing,Suspense & Review,Unassigned / Allocation Required,Personal item (category marked personal),Personal expense paid from business account — propose Due From Owner / Owner Distribution pending substantiation.,40
2025-04-12,2025_Poseidon_Partners_AmexCharges.xlsx,Unassigned / Allocation Required,DNH*GODADDY#37029190Tempe AZ,359.88,Go Daddy,Suspense & Review,Unassigned / Allocation Required,Unmapped category,Unmapped — assign to Suspense & Review pending classification.,40
2026-04-19,MarJune_2026_Poseidon_Partners_Amex_Charges.xlsx,Poseidon Partners,THE HOME DEPOT 6611 LOS ANGELES CA,358.09,Personal - House ,Suspense & Review,Poseidon Partners,Personal item (category marked personal),Personal expense paid from business account — propose Due From Owner / Owner Distribution pending substantiation.,45
2026-03-03,JanJune_2026_Plum_Card_Amex_Charges.xlsx,DWG Capital Partners,Commonlots LLC,357.07,Personal - Land,Suspense & Review,DWG Capital Partners,Personal item (B/P flag = personal),Personal expense paid from business account — propose Due From Owner / Owner Distribution pending substantiation.,45
2026-02-02,JanJune_2026_Plum_Card_Amex_Charges.xlsx,DWG Capital Partners,Commonlots LLC,357.07,Personal - Land,Suspense & Review,DWG Capital Partners,Personal item (B/P flag = personal),Personal expense paid from business account — propose Due From Owner / Owner Distribution pending substantiation.,45
2026-01-02,JanJune_2026_Plum_Card_Amex_Charges.xlsx,DWG Capital Partners,Commonlots LLC,357.07,Personal - Land,Suspense & Review,DWG Capital Partners,Personal item (B/P flag = personal),Personal expense paid from business account — propose Due From Owner / Owner Distribution pending substantiation.,45
2026-06-14,June_2026_DWG_Capital_Partners.xlsx,DWG Capital Partners,AMEX TRAVEL PAY WITH POINTS CREDIT,-350.0,AMEX TRAVEL PAY WITH POINTS CREDIT,Other Operating Expense,DWG Capital Partners,Refund/credit/points,Credit / refund / points — contra to original expense; confirm matching original charge.,85
2026-05-07,MarJune_2026_Poseidon_Partners_Amex_Charges.xlsx,Poseidon Partners,AMEX TRAVEL PAY WITH POINTS CREDIT,-350.0,AMEX TRAVEL PAY WITH POINTS CREDIT,Other Operating Expense,Poseidon Partners,Refund/credit/points,Credit / refund / points — contra to original expense; confirm matching original charge.,85
2025-08-06,2025_Poseidon_Partners_AmexCharges.xlsx,Unassigned / Allocation Required,POINTS FOR AMEX TRVL,-349.18,Points for Amex Trvl,Suspense & Review,Unassigned / Allocation Required,Refund/credit/points,Credit / refund / points — contra to original expense; confirm matching original charge.,40
2025-08-06,2025_Poseidon_Partners_AmexCharges.xlsx,Unassigned / Allocation Required,PwP AMEXTRAVEL.CO800-297-2977 WA,349.18,PwP AMEXTRAVEL.CO800-297-2977 WA,Travel,Unassigned / Allocation Required,Entity unassigned,Entity could not be determined from source — allocate before consolidation.,40
2026-05-28,MarJune_2026_Poseidon_Partners_Amex_Charges.xlsx,Poseidon Partners,ABC*1885** ICON FIT LOS ANGELES CA,347.54,Personal - Health,Suspense & Review,Poseidon Partners,Personal item (category marked personal),Personal expense paid from business account — propose Due From Owner / Owner Distribution pending substantiation.,45
2025-03-15,2025_Poseidon_Partners_AmexCharges.xlsx,Unassigned / Allocation Required,DNH*GODADDY#36472659Tempe AZ,344.63,Go Daddy,Suspense & Review,Unassigned / Allocation Required,Unmapped category,Unmapped — assign to Suspense & Review pending classification.,40
2026-02-08,JanFeb_2026_Poseidon_Partners_Amex_Charges.xlsx,Poseidon Partners,DRIP HYDRATION LOS ANGELES CA,341.55,Personal - Health,Suspense & Review,Poseidon Partners,Personal item (category marked personal),Personal expense paid from business account — propose Due From Owner / Owner Distribution pending substantiation.,45
2025-08-31,2025_Poseidon_Partners_AmexCharges.xlsx,Unassigned / Allocation Required,ALASKA AIRLINES SEATTLE WA,341.06,Costa Rica Trip,Travel,Unassigned / Allocation Required,Entity unassigned,Entity could not be determined from source — allocate before consolidation.,40
2025-06-14,2025_Poseidon_Partners_AmexCharges.xlsx,Unassigned / Allocation Required,TCKTWEB*ACEFREHLEYTHSAN FRANCISCO CA,339.8,Personal - Entertainment,Suspense & Review,Unassigned / Allocation Required,Personal item (category marked personal),Personal expense paid from business account — propose Due From Owner / Owner Distribution pending substantiation.,40
2026-01-16,JanFeb_2026_Poseidon_Partners_Amex_Charges.xlsx,Poseidon Partners,CLEAR *CLEARME.COM NEW YORK NY,334.0,CLEAR ME (2026),Suspense & Review,Poseidon Partners,Unmapped category,Unmapped — assign to Suspense & Review pending classification.,45
2025-08-13,2025_Poseidon_Partners_AmexCharges.xlsx,Unassigned / Allocation Required,MAYFAIR HOUSE CRES COCONUT GROVE FL,331.68,Miami Investor Trip,Suspense & Review,Unassigned / Allocation Required,Unmapped category,Unmapped — assign to Suspense & Review pending classification.,40
2026-02-04,JanFeb_2026_Poseidon_Partners_Amex_Charges.xlsx,Poseidon Partners,TST* FAT OX 00128991PARADISE VALLEY AZ,330.04,Personal - Food,Suspense & Review,Poseidon Partners,Personal item (category marked personal),Personal expense paid from business account — propose Due From Owner / Owner Distribution pending substantiation.,45
2025-01-12,2025_Poseidon_Partners_AmexCharges.xlsx,Unassigned / Allocation Required,PAYPAL *GOFNDME HEL8448964938 CA,330.0,Donation,Suspense & Review,Unassigned / Allocation Required,Unmapped category,Unmapped — assign to Suspense & Review pending classification.,40
2025-06-15,2025_Poseidon_Partners_AmexCharges.xlsx,Unassigned / Allocation Required,AMAZON MARKETPLACE NAMZN.COM/BILL WA,-329.7,Amazon,Office,Unassigned / Allocation Required,Refund/credit/points,Credit / refund / points — contra to original expense; confirm matching original charge.,40
2025-06-15,2025_Poseidon_Partners_AmexCharges.xlsx,Unassigned / Allocation Required,AMAZON MARKEPLACE NA PA,329.7,Amazon,Office,Unassigned / Allocation Required,Entity unassigned,Entity could not be determined from source — allocate before consolidation.,40
2025-02-09,2025_Poseidon_Partners_AmexCharges.xlsx,Unassigned / Allocation Required,AMAZON MARKETPLACE NAMZN.COM/BILL WA,-329.7,Amazon,Office,Unassigned / Allocation Required,Refund/credit/points,Credit / refund / points — contra to original expense; confirm matching original charge.,40
2025-02-09,2025_Poseidon_Partners_AmexCharges.xlsx,Unassigned / Allocation Required,AMAZON MARKEPLACE NA PA,329.7,Amazon,Office,Unassigned / Allocation Required,Entity unassigned,Entity could not be determined from source — allocate before consolidation.,40
2025-02-02,2025_Poseidon_Partners_AmexCharges.xlsx,Unassigned / Allocation Required,AMAZON MARKETPLACE NAMZN.COM/BILL WA,-329.7,Amazon,Office,Unassigned / Allocation Required,Refund/credit/points,Credit / refund / points — contra to original expense; confirm matching original charge.,40
2025-02-02,2025_Poseidon_Partners_AmexCharges.xlsx,Unassigned / Allocation Required,AMAZON MARKEPLACE NA PA,329.7,Amazon,Office,Unassigned / Allocation Required,Entity unassigned,Entity could not be determined from source — allocate before consolidation.,40
2025-01-25,2025_Poseidon_Partners_AmexCharges.xlsx,Unassigned / Allocation Required,AMAZON MARKETPLACE NAMZN.COM/BILL WA,-329.7,Amazon,Office,Unassigned / Allocation Required,Refund/credit/points,Credit / refund / points — contra to original expense; confirm matching original charge.,40
2025-01-25,2025_Poseidon_Partners_AmexCharges.xlsx,Unassigned / Allocation Required,AMAZON MARKEPLACE NA PA,329.7,Amazon,Office,Unassigned / Allocation Required,Entity unassigned,Entity could not be determined from source — allocate before consolidation.,40
2025-12-05,2025_Poseidon_Partners_AmexCharges.xlsx,Unassigned / Allocation Required,EXPEDIA 733198567492EXPEDIA.COM WA,329.66,Team Travel (Judd),Travel,Unassigned / Allocation Required,Entity unassigned,Entity could not be determined from source — allocate before consolidation.,40
2025-03-17,2025_Poseidon_Partners_AmexCharges.xlsx,Unassigned / Allocation Required,EXPEDIA.COM TRAVEL SEATTLE WA,328.97,Team Travel (Angela),Travel,Unassigned / Allocation Required,Entity unassigned; Same-file repeat — verify not double-entered (SFR-0050),Entity could not be determined from source — allocate before consolidation.,40
2025-03-17,2025_Poseidon_Partners_AmexCharges.xlsx,Unassigned / Allocation Required,EXPEDIA.COM TRAVEL SEATTLE WA,328.97,Team Travel (Angela),Travel,Unassigned / Allocation Required,Entity unassigned; Same-file repeat — verify not double-entered (SFR-0050),Entity could not be determined from source — allocate before consolidation.,40
2025-03-17,2025_Poseidon_Partners_AmexCharges.xlsx,Unassigned / Allocation Required,EXPEDIA.COM TRAVEL SEATTLE WA,328.97,Team Travel (Angela),Travel,Unassigned / Allocation Required,Entity unassigned; Same-file repeat — verify not double-entered (SFR-0050),Entity could not be determined from source — allocate before consolidation.,40
2025-03-17,2025_Poseidon_Partners_AmexCharges.xlsx,Unassigned / Allocation Required,EXPEDIA.COM TRAVEL SEATTLE WA,328.97,Team Travel (Angela),Travel,Unassigned / Allocation Required,Entity unassigned; Same-file repeat — verify not double-entered (SFR-0050),Entity could not be determined from source — allocate before consolidation.,40
2025-03-17,2025_Poseidon_Partners_AmexCharges.xlsx,Unassigned / Allocation Required,EXPEDIA.COM TRAVEL SEATTLE WA,328.97,Team Travel (Angela),Travel,Unassigned / Allocation Required,Entity unassigned; Same-file repeat — verify not double-entered (SFR-0050),Entity could not be determined from source — allocate before consolidation.,40
2025-09-08,2025_Poseidon_Partners_AmexCharges.xlsx,Unassigned / Allocation Required,GRANDVIEW CLEANERS 5LOS ANGELES CA,328.47,Personal - Clothing,Suspense & Review,Unassigned / Allocation Required,Personal item (category marked personal),Personal expense paid from business account — propose Due From Owner / Owner Distribution pending substantiation.,40
2026-06-08,MarJune_2026_Poseidon_Partners_Amex_Charges.xlsx,Poseidon Partners,THE HOME DEPOT WEATHERFORD TX,327.9,Personal - House,Suspense & Review,Poseidon Partners,Personal item (category marked personal),Personal expense paid from business account — propose Due From Owner / Owner Distribution pending substantiation.,45
2025-08-07,2025_Poseidon_Partners_AmexCharges.xlsx,Unassigned / Allocation Required,INFUSE DR. BULL WEST HOLLYWOOD CA,325.0,Personal - Health,Suspense & Review,Unassigned / Allocation Required,Personal item (category marked personal),Personal expense paid from business account — propose Due From Owner / Owner Distribution pending substantiation.,40
2026-04-10,MarJune_2026_Poseidon_Partners_Amex_Charges.xlsx,Poseidon Partners,PLATA PLATA RC 34828GRANADA ES,323.98,Judd & Angela - Portugal,Suspense & Review,Poseidon Partners,Unmapped category,Unmapped — assign to Suspense & Review pending classification.,45
2025-06-02,2025_Poseidon_Partners_AmexCharges.xlsx,Unassigned / Allocation Required,Points for Amex Trvl,-323.48,Points for Amex Trvl,Suspense & Review,Unassigned / Allocation Required,Refund/credit/points,Credit / refund / points — contra to original expense; confirm matching original charge.,40
2025-06-02,2025_Poseidon_Partners_AmexCharges.xlsx,Unassigned / Allocation Required,PwP AMERICAN EXPRSEATTLE WA,323.48,Ohio Site Visit,Suspense & Review,Unassigned / Allocation Required,Unmapped category,Unmapped — assign to Suspense & Review pending classification.,40
2026-01-25,JanFeb_2026_Poseidon_Partners_Amex_Charges.xlsx,Poseidon Partners,FHR Redeem Cred,-323.23,FHR Redeem Cred,Professional Services,Poseidon Partners,Refund/credit/points,Credit / refund / points — contra to original expense; confirm matching original charge.,75
2026-05-26,MarJune_2026_Poseidon_Partners_Amex_Charges.xlsx,Poseidon Partners,PREMIER IV & WELLNESWEATHERFORD TX,322.91,Personal - Health,Suspense & Review,Poseidon Partners,Personal item (category marked personal),Personal expense paid from business account — propose Due From Owner / Owner Distribution pending substantiation.,45
2025-02-10,2025_Poseidon_Partners_AmexCharges.xlsx,Unassigned / Allocation Required,EXPEDIA.COM TRAVEL SEATTLE WA,322.48,Team Travel (Angela),Travel,Unassigned / Allocation Required,Entity unassigned; Same-file repeat — verify not double-entered (SFR-0057),Entity could not be determined from source — allocate before consolidation.,40
2025-02-10,2025_Poseidon_Partners_AmexCharges.xlsx,Unassigned / Allocation Required,EXPEDIA.COM TRAVEL SEATTLE WA,322.48,Team Travel (Angela),Travel,Unassigned / Allocation Required,Entity unassigned; Same-file repeat — verify not double-entered (SFR-0057),Entity could not be determined from source — allocate before consolidation.,40
2025-02-03,2025_Poseidon_Partners_AmexCharges.xlsx,Unassigned / Allocation Required,EXPEDIA.COM TRAVEL SEATTLE WA,322.48,Team Travel (Angela),Travel,Unassigned / Allocation Required,Entity unassigned; Same-file repeat — verify not double-entered (SFR-0060),Entity could not be determined from source — allocate before consolidation.,40
2025-02-03,2025_Poseidon_Partners_AmexCharges.xlsx,Unassigned / Allocation Required,EXPEDIA.COM TRAVEL SEATTLE WA,322.48,Team Travel (Angela),Travel,Unassigned / Allocation Required,Entity unassigned; Same-file repeat — verify not double-entered (SFR-0060),Entity could not be determined from source — allocate before consolidation.,40
2025-06-16,2025_Poseidon_Partners_AmexCharges.xlsx,Unassigned / Allocation Required,AMAZON.COM AMZN.COM/BILL WA,321.49,Amazon,Office,Unassigned / Allocation Required,Entity unassigned,Entity could not be determined from source — allocate before consolidation.,40
2025-04-13,2025_PlumCard_Dunnings.xlsx,DWG Capital Partners,HOTEL RAPHAEL,319.01,Judd/Angela Italy Trip,Travel,DWG Capital Partners,Personal item (B/P flag = personal),Personal expense paid from business account — propose Due From Owner / Owner Distribution pending substantiation.,84
2025-11-28,2025_Poseidon_Partners_AmexCharges.xlsx,Unassigned / Allocation Required,ANACAPA SURF N SPORTOXNARD CA,318.96,Personal - Entertainment,Suspense & Review,Unassigned / Allocation Required,Personal item (category marked personal),Personal expense paid from business account — propose Due From Owner / Owner Distribution pending substantiation.,40
2025-09-30,2025_Poseidon_Partners_AmexCharges.xlsx,Unassigned / Allocation Required,FRAUD CREDIT,-318.76,FRAUD CREDIT,Suspense & Review,Unassigned / Allocation Required,Refund/credit/points,Credit / refund / points — contra to original expense; confirm matching original charge.,40
2026-01-16,JanFeb_2026_Poseidon_Partners_Amex_Charges.xlsx,Poseidon Partners,IN *FINGERPRINT PROMSANTA MONICA CA,318.5,DWG Swag,Suspense & Review,Poseidon Partners,Unmapped category,Unmapped — assign to Suspense & Review pending classification.,45
2025-07-09,2025_Poseidon_Partners_AmexCharges.xlsx,Unassigned / Allocation Required,AMAZON MARKETPLACE NAMZN.COM/BILL WA,-317.85,Amazon,Office,Unassigned / Allocation Required,Refund/credit/points,Credit / refund / points — contra to original expense; confirm matching original charge.,40
2025-07-09,2025_Poseidon_Partners_AmexCharges.xlsx,Unassigned / Allocation Required,AMAZON MARKEPLACE NA PA,317.85,Amazon,Office,Unassigned / Allocation Required,Entity unassigned,Entity could not be determined from source — allocate before consolidation.,40
2025-06-30,2025_Poseidon_Partners_AmexCharges.xlsx,Unassigned / Allocation Required,AMAZON MARKETPLACE NAMZN.COM/BILL WA,-317.85,Amazon,Office,Unassigned / Allocation Required,Refund/credit/points,Credit / refund / points — contra to original expense; confirm matching original charge.,40
2025-06-30,2025_Poseidon_Partners_AmexCharges.xlsx,Unassigned / Allocation Required,AMAZON MARKEPLACE NA PA,317.85,Amazon,Office,Unassigned / Allocation Required,Entity unassigned,Entity could not be determined from source — allocate before consolidation.,40
2025-06-19,2025_Poseidon_Partners_AmexCharges.xlsx,Unassigned / Allocation Required,AMAZON MARKETPLACE NAMZN.COM/BILL WA,-317.85,Amazon,Office,Unassigned / Allocation Required,Refund/credit/points,Credit / refund / points — contra to original expense; confirm matching original charge.,40
2025-06-19,2025_Poseidon_Partners_AmexCharges.xlsx,Unassigned / Allocation Required,AMAZON MARKEPLACE NA PA,317.85,Amazon,Office,Unassigned / Allocation Required,Entity unassigned,Entity could not be determined from source — allocate before consolidation.,40
2025-05-21,2025_Poseidon_Partners_AmexCharges.xlsx,Unassigned / Allocation Required,AMAZON MARKETPLACE NAMZN.COM/BILL WA,-317.85,Amazon,Office,Unassigned / Allocation Required,Refund/credit/points,Credit / refund / points — contra to original expense; confirm matching original charge.,40
2025-05-21,2025_Poseidon_Partners_AmexCharges.xlsx,Unassigned / Allocation Required,AMAZON MARKEPLACE NA PA,317.85,Amazon,Office,Unassigned / Allocation Required,Entity unassigned,Entity could not be determined from source — allocate before consolidation.,40
2025-03-12,2025_Poseidon_Partners_AmexCharges.xlsx,Unassigned / Allocation Required,AMAZON MARKETPLACE NAMZN.COM/BILL WA,-317.85,Amazon,Office,Unassigned / Allocation Required,Refund/credit/points,Credit / refund / points — contra to original expense; confirm matching original charge.,40
2025-03-12,2025_Poseidon_Partners_AmexCharges.xlsx,Unassigned / Allocation Required,AMAZON MARKEPLACE NA PA,317.85,Amazon,Office,Unassigned / Allocation Required,Entity unassigned,Entity could not be determined from source — allocate before consolidation.,40
2025-03-10,2025_Poseidon_Partners_AmexCharges.xlsx,Unassigned / Allocation Required,AMAZON MARKETPLACE NAMZN.COM/BILL WA,-317.85,Amazon,Office,Unassigned / Allocation Required,Refund/credit/points,Credit / refund / points — contra to original expense; confirm matching original charge.,40
2025-03-10,2025_Poseidon_Partners_AmexCharges.xlsx,Unassigned / Allocation Required,AMAZON MARKEPLACE NA PA,317.85,Amazon,Office,Unassigned / Allocation Required,Entity unassigned,Entity could not be determined from source — allocate before consolidation.,40
2025-02-24,2025_Poseidon_Partners_AmexCharges.xlsx,Unassigned / Allocation Required,AMAZON MARKETPLACE NAMZN.COM/BILL WA,-317.85,Amazon,Office,Unassigned / Allocation Required,Refund/credit/points,Credit / refund / points — contra to original expense; confirm matching original charge.,40
2025-02-24,2025_Poseidon_Partners_AmexCharges.xlsx,Unassigned / Allocation Required,AMAZON MARKEPLACE NA PA,317.85,Amazon,Office,Unassigned / Allocation Required,Entity unassigned,Entity could not be determined from source — allocate before consolidation.,40
2025-02-20,2025_Poseidon_Partners_AmexCharges.xlsx,Unassigned / Allocation Required,AMAZON MARKETPLACE NAMZN.COM/BILL WA,-317.85,Amazon,Office,Unassigned / Allocation Required,Refund/credit/points,Credit / refund / points — contra to original expense; confirm matching original charge.,40
2025-02-20,2025_Poseidon_Partners_AmexCharges.xlsx,Unassigned / Allocation Required,AMAZON MARKEPLACE NA PA,317.85,Amazon,Office,Unassigned / Allocation Required,Entity unassigned,Entity could not be determined from source — allocate before consolidation.,40
2025-02-10,2025_Poseidon_Partners_AmexCharges.xlsx,Unassigned / Allocation Required,AMAZON MARKETPLACE NAMZN.COM/BILL WA,-317.85,Amazon,Office,Unassigned / Allocation Required,Refund/credit/points,Credit / refund / points — contra to original expense; confirm matching original charge.,40
2025-02-10,2025_Poseidon_Partners_AmexCharges.xlsx,Unassigned / Allocation Required,AMAZON MARKEPLACE NA PA,317.85,Amazon,Office,Unassigned / Allocation Required,Entity unassigned,Entity could not be determined from source — allocate before consolidation.,40
2025-02-05,2025_Poseidon_Partners_AmexCharges.xlsx,Unassigned / Allocation Required,AMAZON MARKETPLACE NAMZN.COM/BILL WA,-317.85,Amazon,Office,Unassigned / Allocation Required,Refund/credit/points,Credit / refund / points — contra to original expense; confirm matching original charge.,40
2025-02-05,2025_Poseidon_Partners_AmexCharges.xlsx,Unassigned / Allocation Required,AMAZON MARKEPLACE NA PA,317.85,Amazon,Office,Unassigned / Allocation Required,Entity unassigned,Entity could not be determined from source — allocate before consolidation.,40
2025-01-31,2025_Poseidon_Partners_AmexCharges.xlsx,Unassigned / Allocation Required,AMAZON MARKETPLACE NAMZN.COM/BILL WA,-317.85,Amazon,Office,Unassigned / Allocation Required,Refund/credit/points,Credit / refund / points — contra to original expense; confirm matching original charge.,40
2025-01-31,2025_Poseidon_Partners_AmexCharges.xlsx,Unassigned / Allocation Required,AMAZON MARKEPLACE NA PA,317.85,Amazon,Office,Unassigned / Allocation Required,Entity unassigned,Entity could not be determined from source — allocate before consolidation.,40
2025-01-30,2025_Poseidon_Partners_AmexCharges.xlsx,Unassigned / Allocation Required,AMAZON MARKETPLACE NAMZN.COM/BILL WA,-317.85,Amazon,Office,Unassigned / Allocation Required,Refund/credit/points,Credit / refund / points — contra to original expense; confirm matching original charge.,40
2025-01-30,2025_Poseidon_Partners_AmexCharges.xlsx,Unassigned / Allocation Required,AMAZON MARKEPLACE NA PA,317.85,Amazon,Office,Unassigned / Allocation Required,Entity unassigned,Entity could not be determined from source — allocate before consolidation.,40
2025-01-27,2025_Poseidon_Partners_AmexCharges.xlsx,Unassigned / Allocation Required,AMAZON MARKETPLACE NAMZN.COM/BILL WA,-317.85,Amazon,Office,Unassigned / Allocation Required,Refund/credit/points,Credit / refund / points — contra to original expense; confirm matching original charge.,40
2025-01-27,2025_Poseidon_Partners_AmexCharges.xlsx,Unassigned / Allocation Required,AMAZON MARKEPLACE NA PA,317.85,Amazon,Office,Unassigned / Allocation Required,Entity unassigned,Entity could not be determined from source — allocate before consolidation.,40
2025-01-16,2025_Poseidon_Partners_AmexCharges.xlsx,Unassigned / Allocation Required,AMAZON MARKETPLACE NAMZN.COM/BILL WA,-317.85,Amazon,Office,Unassigned / Allocation Required,Refund/credit/points,Credit / refund / points — contra to original expense; confirm matching original charge.,40
2025-01-14,2025_Poseidon_Partners_AmexCharges.xlsx,Unassigned / Allocation Required,AMAZON MARKEPLACE NA PA,317.85,Amazon,Office,Unassigned / Allocation Required,Entity unassigned,Entity could not be determined from source — allocate before consolidation.,40
2025-07-10,2025_Poseidon_Partners_AmexCharges.xlsx,Unassigned / Allocation Required,BEACON GRAND 00-0803SAN FRANCISCO CA,317.49,San Francisco Investor Meeting,Investor Relations,Unassigned / Allocation Required,Entity unassigned,Entity could not be determined from source — allocate before consolidation.,40
2025-05-11,2025_Poseidon_Partners_AmexCharges.xlsx,Unassigned / Allocation Required,L FLIPPIN VINTAGE RESANTA MONICA CA,316.75,Personal - House,Suspense & Review,Unassigned / Allocation Required,Personal item (category marked personal),Personal expense paid from business account — propose Due From Owner / Owner Distribution pending substantiation.,40
2025-01-26,2025_Poseidon_Partners_AmexCharges.xlsx,Unassigned / Allocation Required,AMAZON MARKETPLACE NAMZN.COM/BILL WA,-312.9,Amazon,Office,Unassigned / Allocation Required,Refund/credit/points,Credit / refund / points — contra to original expense; confirm matching original charge.,40
2025-01-26,2025_Poseidon_Partners_AmexCharges.xlsx,Unassigned / Allocation Required,AMAZON MARKEPLACE NA PA,312.9,Amazon,Office,Unassigned / Allocation Required,Entity unassigned,Entity could not be determined from source — allocate before consolidation.,40
2025-01-17,2025_Poseidon_Partners_AmexCharges.xlsx,Unassigned / Allocation Required,AMAZON MARKETPLACE NAMZN.COM/BILL WA,-312.9,Amazon,Office,Unassigned / Allocation Required,Refund/credit/points,Credit / refund / points — contra to original expense; confirm matching original charge.,40
2025-01-17,2025_Poseidon_Partners_AmexCharges.xlsx,Unassigned / Allocation Required,AMAZON MARKEPLACE NA PA,312.9,Amazon,Office,Unassigned / Allocation Required,Entity unassigned,Entity could not be determined from source — allocate before consolidation.,40
2025-01-06,2025_Poseidon_Partners_AmexCharges.xlsx,Unassigned / Allocation Required,AMAZON MARKETPLACE NAMZN.COM/BILL WA,-312.9,Amazon,Office,Unassigned / Allocation Required,Refund/credit/points,Credit / refund / points — contra to original expense; confirm matching original charge.,40
2025-01-06,2025_Poseidon_Partners_AmexCharges.xlsx,Unassigned / Allocation Required,AMAZON MARKEPLACE NA PA,312.9,Amazon,Office,Unassigned / Allocation Required,Entity unassigned,Entity could not be determined from source — allocate before consolidation.,40
2025-10-07,2025_Poseidon_Partners_AmexCharges.xlsx,Unassigned / Allocation Required,PwP AMERICAN EXPRSEATTLE WA,312.48,Team Travel (Judd),Travel,Unassigned / Allocation Required,Entity unassigned,Entity could not be determined from source — allocate before consolidation.,40
2025-04-21,2025_Poseidon_Partners_AmexCharges.xlsx,Unassigned / Allocation Required,DNH*GODADDY#37196458Tempe AZ,311.52,Go Daddy,Suspense & Review,Unassigned / Allocation Required,Unmapped category,Unmapped — assign to Suspense & Review pending classification.,40
2026-06-05,MarJune_2026_Poseidon_Partners_Amex_Charges.xlsx,Poseidon Partners,TST* MERAKI NEW 0001FORT WORTH TX,310.73,Personal - Food,Suspense & Review,Poseidon Partners,Personal item (category marked personal),Personal expense paid from business account — propose Due From Owner / Owner Distribution pending substantiation.,45
2025-11-03,2025_Poseidon_Partners_AmexCharges.xlsx,Unassigned / Allocation Required,Interest Charge on Pay Over Time Purchases,308.91,Interest Charge on Pay Over Time Purchases,Suspense & Review,Unassigned / Allocation Required,Unmapped category,Unmapped — assign to Suspense & Review pending classification.,40
2025-09-30,2025_Poseidon_Partners_AmexCharges.xlsx,Unassigned / Allocation Required,FRAUD CREDIT,-308.27,FRAUD CREDIT,Suspense & Review,Unassigned / Allocation Required,Refund/credit/points,Credit / refund / points — contra to original expense; confirm matching original charge.,40
2025-09-30,2025_Poseidon_Partners_AmexCharges.xlsx,Unassigned / Allocation Required,FRAUD CREDIT,-303.1,FRAUD CREDIT,Suspense & Review,Unassigned / Allocation Required,Refund/credit/points,Credit / refund / points — contra to original expense; confirm matching original charge.,40
2025-04-30,2025_Poseidon_Partners_AmexCharges.xlsx,Unassigned / Allocation Required,MASSAGE 90210 565500CHANDLER AZ,303.0,Personal - Health,Suspense & Review,Unassigned / Allocation Required,Personal item (category marked personal),Personal expense paid from business account — propose Due From Owner / Owner Distribution pending substantiation.,40
2025-01-20,2025_Poseidon_Partners_AmexCharges.xlsx,Unassigned / Allocation Required,EXPEDIA.COM TRAVEL SEATTLE WA,302.49,Team Travel (Angela),Travel,Unassigned / Allocation Required,Entity unassigned; Same-file repeat — verify not double-entered (SFR-0067),Entity could not be determined from source — allocate before consolidation.,40
2025-01-20,2025_Poseidon_Partners_AmexCharges.xlsx,Unassigned / Allocation Required,EXPEDIA.COM TRAVEL SEATTLE WA,302.49,Team Travel (Angela),Travel,Unassigned / Allocation Required,Entity unassigned; Same-file repeat — verify not double-entered (SFR-0067),Entity could not be determined from source — allocate before consolidation.,40
2026-01-16,JanFeb_2026_Poseidon_Partners_Amex_Charges.xlsx,Poseidon Partners,IN *FINGERPRINT PROMSANTA MONICA CA,301.14,DWG Swag,Suspense & Review,Poseidon Partners,Unmapped category,Unmapped — assign to Suspense & Review pending classification.,45
2025-05-09,2025_PlumCard_Dunnings.xlsx,DWG Capital Partners,AplPay EB *MOTHERS DSAN FRANCISCO,300.0,Personal - Entertainment,Suspense & Review,DWG Capital Partners,Personal item (B/P flag = personal),Personal expense paid from business account — propose Due From Owner / Owner Distribution pending substantiation.,45
2025-10-21,2025_Poseidon_Partners_AmexCharges.xlsx,Unassigned / Allocation Required,ROBERTS CHIROPRACTICWEATHERFORD TX,300.0,Personal - Health,Suspense & Review,Unassigned / Allocation Required,Personal item (category marked personal),Personal expense paid from business account — propose Due From Owner / Owner Distribution pending substantiation.,40
2025-10-11,2025_Poseidon_Partners_AmexCharges.xlsx,Unassigned / Allocation Required,TST* LAS MONTANAS 00ASPEN CO,300.0,Personal - Food,Suspense & Review,Unassigned / Allocation Required,Personal item (category marked personal),Personal expense paid from business account — propose Due From Owner / Owner Distribution pending substantiation.,40
2026-01-25,JanFeb_2026_Poseidon_Partners_Amex_Charges.xlsx,Poseidon Partners,Platinum Hotel Credit,-300.0,Platinum Hotel Credit,Other Operating Expense,Poseidon Partners,Refund/credit/points,Credit / refund / points — contra to original expense; confirm matching original charge.,85
2026-01-15,JanFeb_2026_Poseidon_Partners_Amex_Charges.xlsx,Poseidon Partners,INFUSE DR. BULL WEST HOLLYWOOD CA,300.0,Personal - Health,Suspense & Review,Poseidon Partners,Personal item (category marked personal),Personal expense paid from business account — propose Due From Owner / Owner Distribution pending substantiation.,45
2026-06-14,June_2026_DWG_Capital_Partners.xlsx,DWG Capital Partners,Platinum Hotel Credit,-300.0,Platinum Hotel Credit,Other Operating Expense,DWG Capital Partners,Refund/credit/points,Credit / refund / points — contra to original expense; confirm matching original charge.,85
2026-05-28,MarJune_2026_Poseidon_Partners_Amex_Charges.xlsx,Poseidon Partners,SP THE RESURGE CLINIWEATHERFORD TX,300.0,Personal - Health,Suspense & Review,Poseidon Partners,Personal item (category marked personal),Personal expense paid from business account — propose Due From Owner / Owner Distribution pending substantiation.,45
2025-03-08,2025_Poseidon_Partners_AmexCharges.xlsx,Unassigned / Allocation Required,DNH*GODADDY#36334882Tempe AZ,299.76,Go Daddy,Suspense & Review,Unassigned / Allocation Required,Unmapped category,Unmapped — assign to Suspense & Review pending classification.,40
2025-09-30,2025_Poseidon_Partners_AmexCharges.xlsx,Unassigned / Allocation Required,FRAUD CREDIT,-298.75,FRAUD CREDIT,Suspense & Review,Unassigned / Allocation Required,Refund/credit/points,Credit / refund / points — contra to original expense; confirm matching original charge.,40
2025-09-07,2025_Poseidon_Partners_AmexCharges.xlsx,Unassigned / Allocation Required,DNH*GODADDY#38269263Tempe AZ,296.19,Go Daddy,Suspense & Review,Unassigned / Allocation Required,Unmapped category,Unmapped — assign to Suspense & Review pending classification.,40
2025-03-27,2025_Poseidon_Partners_AmexCharges.xlsx,Unassigned / Allocation Required,INFUSE DR. BULL WEST HOLLYWOOD CA,295.0,Personal - Health,Suspense & Review,Unassigned / Allocation Required,Personal item (category marked personal),Personal expense paid from business account — propose Due From Owner / Owner Distribution pending substantiation.,40
2025-05-23,2025_Poseidon_Partners_AmexCharges.xlsx,Unassigned / Allocation Required,AAA RELAXING STATIONNEW ORLEANS LA,294.0,New Orleans Family Trip,Travel,Unassigned / Allocation Required,Personal item (category marked family/household),Personal expense paid from business account — propose Due From Owner / Owner Distribution pending substantiation.,40
2025-02-01,2025_Poseidon_Partners_AmexCharges.xlsx,Unassigned / Allocation Required,AMAZON MARKETPLACE NAMZN.COM/BILL WA,-292.95,Amazon,Office,Unassigned / Allocation Required,Refund/credit/points,Credit / refund / points — contra to original expense; confirm matching original charge.,40
2025-02-01,2025_Poseidon_Partners_AmexCharges.xlsx,Unassigned / Allocation Required,AMAZON MARKEPLACE NA PA,292.95,Amazon,Office,Unassigned / Allocation Required,Entity unassigned,Entity could not be determined from source — allocate before consolidation.,40
2025-03-14,2025_Poseidon_Partners_AmexCharges.xlsx,Unassigned / Allocation Required,TST* TAVERNA AT THE LOS ANGELES CA,291.99,Personal - Food,Suspense & Review,Unassigned / Allocation Required,Personal item (category marked personal),Personal expense paid from business account — propose Due From Owner / Owner Distribution pending substantiation.,40
2025-06-29,2025_Poseidon_Partners_AmexCharges.xlsx,Unassigned / Allocation Required,AMAZON MARKETPLACE NAMZN.COM/BILL WA,-291.97,Amazon,Office,Unassigned / Allocation Required,Refund/credit/points,Credit / refund / points — contra to original expense; confirm matching original charge.,40
2025-06-29,2025_Poseidon_Partners_AmexCharges.xlsx,Unassigned / Allocation Required,AMAZON MARKEPLACE NA PA,291.97,Amazon,Office,Unassigned / Allocation Required,Entity unassigned,Entity could not be determined from source — allocate before consolidation.,40
2026-02-07,JanFeb_2026_Poseidon_Partners_Amex_Charges.xlsx,Poseidon Partners,DRIP HYDRATION LOS ANGELES CA,291.55,Personal - Health,Suspense & Review,Poseidon Partners,Personal item (category marked personal),Personal expense paid from business account — propose Due From Owner / Owner Distribution pending substantiation.,45
2025-10-07,2025_Poseidon_Partners_AmexCharges.xlsx,Unassigned / Allocation Required,Points for Amex Trvl,-290.0,Points for Amex Trvl,Suspense & Review,Unassigned / Allocation Required,Refund/credit/points,Credit / refund / points — contra to original expense; confirm matching original charge.,40
2025-08-05,2025_Poseidon_Partners_AmexCharges.xlsx,Unassigned / Allocation Required,EXPEDIA.COM TRAVEL SEATTLE WA,288.48,Miami Investor Trip,Travel,Unassigned / Allocation Required,Entity unassigned; Same-file repeat — verify not double-entered (SFR-0039),Entity could not be determined from source — allocate before consolidation.,40
2025-08-05,2025_Poseidon_Partners_AmexCharges.xlsx,Unassigned / Allocation Required,EXPEDIA.COM TRAVEL SEATTLE WA,288.48,Miami Investor Trip,Travel,Unassigned / Allocation Required,Entity unassigned; Same-file repeat — verify not double-entered (SFR-0039),Entity could not be determined from source — allocate before consolidation.,40
2025-10-28,2025_Poseidon_Partners_AmexCharges.xlsx,Unassigned / Allocation Required,HOTEL DROVER - LOBBYFORT WORTH TX,287.46,Fort Worth Investor Dinner,Investor Relations,Unassigned / Allocation Required,Entity unassigned,Entity could not be determined from source — allocate before consolidation.,40
2025-07-02,2025_Poseidon_Partners_AmexCharges.xlsx,Unassigned / Allocation Required,AMAZON MARKETPLACE NAMZN.COM/BILL WA,-286.52,Amazon,Office,Unassigned / Allocation Required,Refund/credit/points,Credit / refund / points — contra to original expense; confirm matching original charge.,40
2025-07-02,2025_Poseidon_Partners_AmexCharges.xlsx,Unassigned / Allocation Required,AMAZON MARKEPLACE NA PA,286.52,Amazon,Office,Unassigned / Allocation Required,Entity unassigned,Entity could not be determined from source — allocate before consolidation.,40
2025-04-18,2025_PlumCard_Dunnings.xlsx,DWG Capital Partners,ITA AIRWAYS,285.03,Judd/Angela Italy Trip,Suspense & Review,DWG Capital Partners,Personal item (B/P flag = personal),Personal expense paid from business account — propose Due From Owner / Owner Distribution pending substantiation.,45
2025-04-19,2025_Poseidon_Partners_AmexCharges.xlsx,Unassigned / Allocation Required,SUMUP*RIM TOURS SOC.FREGENE IT,285.03,Italy Trip (Judd/Angela),Suspense & Review,Unassigned / Allocation Required,Unmapped category,Unmapped — assign to Suspense & Review pending classification.,40
2025-04-03,2025_PlumCard_Dunnings.xlsx,DWG Capital Partners,EARLY PAY DISCOUNT,-284.98,Early Pay Discount,Suspense & Review,DWG Capital Partners,Refund/credit/points,Credit / refund / points — contra to original expense; confirm matching original charge.,45
2026-03-28,MarJune_2026_Poseidon_Partners_Amex_Charges.xlsx,Poseidon Partners,INMOTION @LAX 879 87LOS ANGELES CA,284.24,Judd & Angela - Portugal,Suspense & Review,Poseidon Partners,Unmapped category,Unmapped — assign to Suspense & Review pending classification.,45
2025-11-30,2025_Poseidon_Partners_AmexCharges.xlsx,Unassigned / Allocation Required,TST* BEETHOVEN 00200LOS ANGELES CA,283.23,Personal - Food,Suspense & Review,Unassigned / Allocation Required,Personal item (category marked personal),Personal expense paid from business account — propose Due From Owner / Owner Distribution pending substantiation.,40
2025-06-26,2025_PlumCard_Dunnings.xlsx,DWG Capital Partners,AplPay SP 7 FOR ALL LOS ANGELES,283.16,Personal - Clothing,Suspense & Review,DWG Capital Partners,Personal item (B/P flag = personal),Personal expense paid from business account — propose Due From Owner / Owner Distribution pending substantiation.,45
2026-03-30,MarJune_2026_Poseidon_Partners_Amex_Charges.xlsx,Poseidon Partners,SUMUP*LOJA DO FORTE OEIRAS AV,282.6,Judd & Angela - Portugal,Suspense & Review,Poseidon Partners,Unmapped category,Unmapped — assign to Suspense & Review pending classification.,45
2025-09-23,2025_Poseidon_Partners_AmexCharges.xlsx,Unassigned / Allocation Required,DNH*GODADDY#39016385Tempe AZ,280.85,Go Daddy,Suspense & Review,Unassigned / Allocation Required,Unmapped category,Unmapped — assign to Suspense & Review pending classification.,40
2025-12-23,2025_PlumCard_Dunnings.xlsx,DWG Capital Partners,LONG BEACH LODGE RESTOFINO,280.67,Family Trip,Travel,DWG Capital Partners,Personal item (B/P flag = personal),Personal expense paid from business account — propose Due From Owner / Owner Distribution pending substantiation.,60
2025-09-30,2025_Poseidon_Partners_AmexCharges.xlsx,Unassigned / Allocation Required,FRAUD CREDIT,-280.11,FRAUD CREDIT,Suspense & Review,Unassigned / Allocation Required,Refund/credit/points,Credit / refund / points — contra to original expense; confirm matching original charge.,40
2025-08-17,2025_Poseidon_Partners_AmexCharges.xlsx,Unassigned / Allocation Required,HEALTHCARE PROSOFT NLAS VEGAS NV,280.0,Personal - Health,Auto,Unassigned / Allocation Required,Personal item (category marked personal),Personal expense paid from business account — propose Due From Owner / Owner Distribution pending substantiation.,40
2025-08-17,2025_Poseidon_Partners_AmexCharges.xlsx,Unassigned / Allocation Required,WEATHERFORD MASSAGE WEATHERFORD TX,280.0,Personal - Health,Suspense & Review,Unassigned / Allocation Required,Personal item (category marked personal),Personal expense paid from business account — propose Due From Owner / Owner Distribution pending substantiation.,40
2025-03-14,2025_Poseidon_Partners_AmexCharges.xlsx,Unassigned / Allocation Required,GELSON'S MARKET #29 SANTA MONICA CA,276.56,Personal - Food,Suspense & Review,Unassigned / Allocation Required,Personal item (category marked personal),Personal expense paid from business account — propose Due From Owner / Owner Distribution pending substantiation.,40
2026-01-02,JanFeb_2026_Poseidon_Partners_Amex_Charges.xlsx,Poseidon Partners,MED*CEDARS SINAI MEDLOS ANGELES CA,276.12,Personal - Health,Suspense & Review,Poseidon Partners,Personal item (category marked personal),Personal expense paid from business account — propose Due From Owner / Owner Distribution pending substantiation.,45
2026-02-21,JanFeb_2026_Poseidon_Partners_Amex_Charges.xlsx,Poseidon Partners,FOLLOW YOUR HEART MACANOGA PARK CA,276.01,Personal - Family,General & Administrative,Poseidon Partners,Personal item (category marked personal),Personal expense paid from business account — propose Due From Owner / Owner Distribution pending substantiation.,55
2025-11-07,2025_PlumCard_Dunnings.xlsx,DWG Capital Partners,WORDPRESS BLAZE,275.0,Wordpress,Suspense & Review,DWG Capital Partners,Unmapped category,Unmapped — assign to Suspense & Review pending classification.,45
2025-08-13,2025_Poseidon_Partners_AmexCharges.xlsx,Unassigned / Allocation Required,TST* GBH BAYSHORE CLMIAMI FL,273.92,Miami Investor Trip,Suspense & Review,Unassigned / Allocation Required,Unmapped category,Unmapped — assign to Suspense & Review pending classification.,40
2025-05-05,2025_Poseidon_Partners_AmexCharges.xlsx,Unassigned / Allocation Required,CVS PHARMACY MARINA DEL REY CA,272.21,Personal - Health,Suspense & Review,Unassigned / Allocation Required,Personal item (category marked personal),Personal expense paid from business account — propose Due From Owner / Owner Distribution pending substantiation.,40
2025-04-07,2025_PlumCard_Dunnings.xlsx,DWG Capital Partners,AplPay YESGLASSES* NNEWARK,271.6,Judd/Angela Italy Trip,Suspense & Review,DWG Capital Partners,Personal item (B/P flag = personal),Personal expense paid from business account — propose Due From Owner / Owner Distribution pending substantiation.,45
2025-05-13,2025_Poseidon_Partners_AmexCharges.xlsx,Unassigned / Allocation Required,HARBOR FREIGHT TOOLSWEATHERFORD TX,270.61,Personal - House,Suspense & Review,Unassigned / Allocation Required,Personal item (category marked personal),Personal expense paid from business account — propose Due From Owner / Owner Distribution pending substantiation.,40
2025-07-17,2025_Poseidon_Partners_AmexCharges.xlsx,Unassigned / Allocation Required,INFUSE DR. BULL WEST HOLLYWOOD CA,270.0,Personal - Health,Suspense & Review,Unassigned / Allocation Required,Personal item (category marked personal),Personal expense paid from business account — propose Due From Owner / Owner Distribution pending substantiation.,40
2025-07-09,2025_Poseidon_Partners_AmexCharges.xlsx,Unassigned / Allocation Required,INFUSE DR. BULL WEST HOLLYWOOD CA,270.0,Personal - Health,Suspense & Review,Unassigned / Allocation Required,Personal item (category marked personal),Personal expense paid from business account — propose Due From Owner / Owner Distribution pending substantiation.,40
2025-06-09,2025_Poseidon_Partners_AmexCharges.xlsx,Unassigned / Allocation Required,INFUSE DR. BULL WEST HOLLYWOOD CA,270.0,Personal - Health,Suspense & Review,Unassigned / Allocation Required,Personal item (category marked personal),Personal expense paid from business account — propose Due From Owner / Owner Distribution pending substantiation.,40
2026-01-15,JanFeb_2026_Poseidon_Partners_Amex_Charges.xlsx,Poseidon Partners,GRANDVIEW CLEANERS 5LOS ANGELES CA,269.49,Personal - Family,General & Administrative,Poseidon Partners,Personal item (category marked personal),Personal expense paid from business account — propose Due From Owner / Owner Distribution pending substantiation.,55
2025-08-03,2025_Poseidon_Partners_AmexCharges.xlsx,Unassigned / Allocation Required,EXPEDIA 731961053002EXPEDIA.COM WA,269.47,Team Travel (Judd),Travel,Unassigned / Allocation Required,Entity unassigned,Entity could not be determined from source — allocate before consolidation.,40
2025-05-03,2025_Poseidon_Partners_AmexCharges.xlsx,Unassigned / Allocation Required,TST* TAVERNA AT THE LOS ANGELES CA,268.94,Personal - Food,Suspense & Review,Unassigned / Allocation Required,Personal item (category marked personal),Personal expense paid from business account — propose Due From Owner / Owner Distribution pending substantiation.,40
2025-11-21,2025_Poseidon_Partners_AmexCharges.xlsx,Unassigned / Allocation Required,TST* TAVERNA AT THE LOS ANGELES CA,268.76,Personal - Food,Suspense & Review,Unassigned / Allocation Required,Personal item (category marked personal),Personal expense paid from business account — propose Due From Owner / Owner Distribution pending substantiation.,40
2026-05-29,MarJune_2026_Poseidon_Partners_Amex_Charges.xlsx,Poseidon Partners,PINNACLE PERFORMANCEWeatherford TX,268.58,Personal - Health,Suspense & Review,Poseidon Partners,Personal item (category marked personal),Personal expense paid from business account — propose Due From Owner / Owner Distribution pending substantiation.,45
2025-03-19,2025_Poseidon_Partners_AmexCharges.xlsx,Unassigned / Allocation Required,EXPEDIA 730583187648EXPEDIA.COM WA,268.55,Costa Rica Trip,Suspense & Review,Unassigned / Allocation Required,Unmapped category,Unmapped — assign to Suspense & Review pending classification.,40
2025-09-30,2025_Poseidon_Partners_AmexCharges.xlsx,Unassigned / Allocation Required,FRAUD CREDIT,-267.93,FRAUD CREDIT,Suspense & Review,Unassigned / Allocation Required,Refund/credit/points,Credit / refund / points — contra to original expense; confirm matching original charge.,40
2025-08-29,2025_Poseidon_Partners_AmexCharges.xlsx,Unassigned / Allocation Required,SP BILLY REID - LEAPCHICAGO IL,267.51,Personal - Clothing,Suspense & Review,Unassigned / Allocation Required,Personal item (category marked personal),Personal expense paid from business account — propose Due From Owner / Owner Distribution pending substantiation.,40
2025-05-10,2025_Poseidon_Partners_AmexCharges.xlsx,Unassigned / Allocation Required,AMAZON MARKETPLACE NAMZN.COM/BILL WA,-266.86,Amazon,Office,Unassigned / Allocation Required,Refund/credit/points,Credit / refund / points — contra to original expense; confirm matching original charge.,40
2025-05-10,2025_Poseidon_Partners_AmexCharges.xlsx,Unassigned / Allocation Required,AMAZON MARKEPLACE NA PA,266.86,Amazon,Office,Unassigned / Allocation Required,Entity unassigned,Entity could not be determined from source — allocate before consolidation.,40
2025-06-05,2025_Poseidon_Partners_AmexCharges.xlsx,Unassigned / Allocation Required,DRURY PLAZA HOTEL CLCLEVELAND OH,266.44,Ohio Site Visit,Travel,Unassigned / Allocation Required,Entity unassigned,Entity could not be determined from source — allocate before consolidation.,40
2025-06-24,2025_Poseidon_Partners_AmexCharges.xlsx,Unassigned / Allocation Required,PwP AMERICAN EXPRSEATTLE WA,265.48,Team Travel (Judd),Travel,Unassigned / Allocation Required,Entity unassigned,Entity could not be determined from source — allocate before consolidation.,40
2025-02-04,2025_Poseidon_Partners_AmexCharges.xlsx,Unassigned / Allocation Required,FIRE ANT CONTROL OF.ALEDO TX,265.21,Personal - House,Suspense & Review,Unassigned / Allocation Required,Personal item (category marked personal),Personal expense paid from business account — propose Due From Owner / Owner Distribution pending substantiation.,40
2025-06-28,2025_Poseidon_Partners_AmexCharges.xlsx,Unassigned / Allocation Required,MAINLY MOZART INC SAN DIEGO CA,265.0,San Diego - Judd/Angela Trip,Suspense & Review,Unassigned / Allocation Required,Unmapped category,Unmapped — assign to Suspense & Review pending classification.,40
2025-07-08,2025_Poseidon_Partners_AmexCharges.xlsx,Unassigned / Allocation Required,AMAZON.COM AMZN.COM/BILL WA,264.94,Amazon,Office,Unassigned / Allocation Required,Entity unassigned,Entity could not be determined from source — allocate before consolidation.,40
2025-04-01,2025_Poseidon_Partners_AmexCharges.xlsx,Unassigned / Allocation Required,DNH*GODADDY#36817264Tempe AZ,263.15,Go Daddy,Suspense & Review,Unassigned / Allocation Required,Unmapped category,Unmapped — assign to Suspense & Review pending classification.,40
2025-06-29,2025_Poseidon_Partners_AmexCharges.xlsx,Unassigned / Allocation Required,SP TOTEM TRILOGY BOUSAN DIEGO CA,262.91,San Diego - Judd/Angela Trip,Suspense & Review,Unassigned / Allocation Required,Unmapped category,Unmapped — assign to Suspense & Review pending classification.,40
2026-05-12,MarJune_2026_Poseidon_Partners_Amex_Charges.xlsx,Poseidon Partners,TST* GREAT WHITE - VVENICE CA,262.84,Personal - Food,Suspense & Review,Poseidon Partners,Personal item (category marked personal),Personal expense paid from business account — propose Due From Owner / Owner Distribution pending substantiation.,45
2025-05-19,2025_Poseidon_Partners_AmexCharges.xlsx,Unassigned / Allocation Required,PY *LAS PALMAS LUNCHDALLAS TX,262.58,Personal - Food,Suspense & Review,Unassigned / Allocation Required,Personal item (category marked personal),Personal expense paid from business account — propose Due From Owner / Owner Distribution pending substantiation.,40
2025-04-18,2025_PlumCard_Dunnings.xlsx,DWG Capital Partners,ITA AIRWAYS,262.22,Judd/Angela Italy Trip,Suspense & Review,DWG Capital Partners,Personal item (B/P flag = personal); Same-file repeat — verify not double-entered (SFR-0004),Personal expense paid from business account — propose Due From Owner / Owner Distribution pending substantiation.,45
2025-04-18,2025_PlumCard_Dunnings.xlsx,DWG Capital Partners,ITA AIRWAYS,262.22,Judd/Angela Italy Trip,Suspense & Review,DWG Capital Partners,Personal item (B/P flag = personal); Same-file repeat — verify not double-entered (SFR-0004),Personal expense paid from business account — propose Due From Owner / Owner Distribution pending substantiation.,45
2025-09-30,2025_Poseidon_Partners_AmexCharges.xlsx,Unassigned / Allocation Required,FRAUD CREDIT,-261.66,FRAUD CREDIT,Suspense & Review,Unassigned / Allocation Required,Refund/credit/points,Credit / refund / points — contra to original expense; confirm matching original charge.,40
2025-12-06,2025_Poseidon_Partners_AmexCharges.xlsx,Unassigned / Allocation Required,CREXI LOS ANGELES CA,260.0,DWG Listing Platform,Data & Listing Platforms,Unassigned / Allocation Required,Entity unassigned,Entity could not be determined from source — allocate before consolidation.,40
2025-11-06,2025_Poseidon_Partners_AmexCharges.xlsx,Unassigned / Allocation Required,CREXI LOS ANGELES CA,260.0,DWG Listing Platform,Data & Listing Platforms,Unassigned / Allocation Required,Entity unassigned,Entity could not be determined from source — allocate before consolidation.,40
2025-10-06,2025_Poseidon_Partners_AmexCharges.xlsx,Unassigned / Allocation Required,CREXI LOS ANGELES CA,260.0,DWG Listing Platform,Data & Listing Platforms,Unassigned / Allocation Required,Entity unassigned,Entity could not be determined from source — allocate before consolidation.,40
2025-09-06,2025_Poseidon_Partners_AmexCharges.xlsx,Unassigned / Allocation Required,CREXI LOS ANGELES CA,260.0,DWG Listing Platform,Data & Listing Platforms,Unassigned / Allocation Required,Entity unassigned,Entity could not be determined from source — allocate before consolidation.,40
2025-08-06,2025_Poseidon_Partners_AmexCharges.xlsx,Unassigned / Allocation Required,CREXI LOS ANGELES CA,260.0,DWG Listing Platform,Data & Listing Platforms,Unassigned / Allocation Required,Entity unassigned,Entity could not be determined from source — allocate before consolidation.,40
2025-07-06,2025_Poseidon_Partners_AmexCharges.xlsx,Unassigned / Allocation Required,CREXI LOS ANGELES CA,260.0,DWG Listing Platform,Data & Listing Platforms,Unassigned / Allocation Required,Entity unassigned,Entity could not be determined from source — allocate before consolidation.,40
2025-06-06,2025_Poseidon_Partners_AmexCharges.xlsx,Unassigned / Allocation Required,CREXI LOS ANGELES CA,260.0,DWG Listing Platform,Data & Listing Platforms,Unassigned / Allocation Required,Entity unassigned,Entity could not be determined from source — allocate before consolidation.,40
2025-05-06,2025_Poseidon_Partners_AmexCharges.xlsx,Unassigned / Allocation Required,CREXI LOS ANGELES CA,260.0,DWG Listing Platform,Data & Listing Platforms,Unassigned / Allocation Required,Entity unassigned,Entity could not be determined from source — allocate before consolidation.,40
2025-04-06,2025_Poseidon_Partners_AmexCharges.xlsx,Unassigned / Allocation Required,CREXI LOS ANGELES CA,260.0,DWG Listing Platform,Data & Listing Platforms,Unassigned / Allocation Required,Entity unassigned,Entity could not be determined from source — allocate before consolidation.,40
2025-03-06,2025_Poseidon_Partners_AmexCharges.xlsx,Unassigned / Allocation Required,CREXI LOS ANGELES CA,260.0,DWG Listing Platform,Data & Listing Platforms,Unassigned / Allocation Required,Entity unassigned,Entity could not be determined from source — allocate before consolidation.,40
2025-02-06,2025_Poseidon_Partners_AmexCharges.xlsx,Unassigned / Allocation Required,CREXI LOS ANGELES CA,260.0,DWG Listing Platform,Data & Listing Platforms,Unassigned / Allocation Required,Entity unassigned,Entity could not be determined from source — allocate before consolidation.,40
2025-01-06,2025_Poseidon_Partners_AmexCharges.xlsx,Unassigned / Allocation Required,CREXI LOS ANGELES CA,260.0,DWG Listing Platform,Data & Listing Platforms,Unassigned / Allocation Required,Entity unassigned,Entity could not be determined from source — allocate before consolidation.,40
2025-04-22,2025_Poseidon_Partners_AmexCharges.xlsx,Unassigned / Allocation Required,DNH*GODADDY#37212709Tempe AZ,259.98,Go Daddy,Suspense & Review,Unassigned / Allocation Required,Unmapped category,Unmapped — assign to Suspense & Review pending classification.,40
2026-02-02,JanFeb_2026_Poseidon_Partners_Amex_Charges.xlsx,Poseidon Partners,TARGET WEATHERFORD TX,259.44,Personal - Family,General & Administrative,Poseidon Partners,Personal item (category marked personal),Personal expense paid from business account — propose Due From Owner / Owner Distribution pending substantiation.,55
2026-01-02,JanFeb_2026_Poseidon_Partners_Amex_Charges.xlsx,Poseidon Partners,Interest Charge on Pay Over Time Purchases,258.54,Interest Charge on Pay Over Time Purchases,Suspense & Review,Poseidon Partners,Unmapped category,Unmapped — assign to Suspense & Review pending classification.,45
2025-06-02,2025_Poseidon_Partners_AmexCharges.xlsx,Unassigned / Allocation Required,PwP AMEXTRAVEL.CO800-297-2977 WA,258.42,Ohio Site Visit,Travel,Unassigned / Allocation Required,Entity unassigned,Entity could not be determined from source — allocate before consolidation.,40
2025-03-01,2025_Poseidon_Partners_AmexCharges.xlsx,Unassigned / Allocation Required,AMEX TRAVEL PURCHASE WITH MR POINTS CREDIT,-257.6,Team Travel (Judd),Travel,Unassigned / Allocation Required,Refund/credit/points,Credit / refund / points — contra to original expense; confirm matching original charge.,40
2025-09-27,2025_Poseidon_Partners_AmexCharges.xlsx,Unassigned / Allocation Required,"ETSY, INC. BROOKLYN NY",256.82,Personal - House,Suspense & Review,Unassigned / Allocation Required,Personal item (category marked personal),Personal expense paid from business account — propose Due From Owner / Owner Distribution pending substantiation.,40
2025-05-21,2025_PlumCard_Dunnings.xlsx,DWG Capital Partners,VIATOR,256.5,Judd/Angela Italy Trip,Suspense & Review,DWG Capital Partners,Personal item (B/P flag = personal),Personal expense paid from business account — propose Due From Owner / Owner Distribution pending substantiation.,45
2025-10-23,2025_Poseidon_Partners_AmexCharges.xlsx,Unassigned / Allocation Required,ZAPIER.COM/CHARGE SAN FRANCISCO CA,255.71,Personal - Family,General & Administrative,Unassigned / Allocation Required,Personal item (category marked personal),Personal expense paid from business account — propose Due From Owner / Owner Distribution pending substantiation.,40
2026-01-19,JanFeb_2026_Poseidon_Partners_Amex_Charges.xlsx,Poseidon Partners,RESTORE.COM AUSTIN TX,254.0,Personal - Health,Suspense & Review,Poseidon Partners,Personal item (category marked personal),Personal expense paid from business account — propose Due From Owner / Owner Distribution pending substantiation.,45
2025-09-30,2025_Poseidon_Partners_AmexCharges.xlsx,Unassigned / Allocation Required,FRAUD CREDIT,-252.59,FRAUD CREDIT,Suspense & Review,Unassigned / Allocation Required,Refund/credit/points,Credit / refund / points — contra to original expense; confirm matching original charge.,40
2025-12-03,2025_PlumCard_Dunnings.xlsx,DWG Capital Partners,PROPERTYRATE APPRAISORANGE,250.0,Moab Appraisal,Suspense & Review,DWG Capital Partners,Unmapped category; Same-file repeat — verify not double-entered (SFR-0001),Unmapped — assign to Suspense & Review pending classification.,45
2025-12-03,2025_PlumCard_Dunnings.xlsx,DWG Capital Partners,PROPERTYRATE APPRAISORANGE,250.0,Moab Appraisal,Suspense & Review,DWG Capital Partners,Unmapped category; Same-file repeat — verify not double-entered (SFR-0001),Unmapped — assign to Suspense & Review pending classification.,45
2025-08-11,2025_Poseidon_Partners_AmexCharges.xlsx,Unassigned / Allocation Required,LOEWS MIAMI BEACH FBMIAMI BEACH FL,250.0,Miami Investor Trip,Suspense & Review,Unassigned / Allocation Required,Unmapped category,Unmapped — assign to Suspense & Review pending classification.,40
2026-03-09,MarJune_2026_Poseidon_Partners_Amex_Charges.xlsx,Poseidon Partners,AMEX TRAVEL PAY WITH POINTS CREDIT,-250.0,AMEX TRAVEL PAY WITH POINTS CREDIT,Other Operating Expense,Poseidon Partners,Refund/credit/points,Credit / refund / points — contra to original expense; confirm matching original charge.,85
2025-06-22,2025_Poseidon_Partners_AmexCharges.xlsx,Unassigned / Allocation Required,AMAZON MARKETPLACE NAMZN.COM/BILL WA,-249.86,Amazon,Office,Unassigned / Allocation Required,Refund/credit/points,Credit / refund / points — contra to original expense; confirm matching original charge.,40
2025-06-22,2025_Poseidon_Partners_AmexCharges.xlsx,Unassigned / Allocation Required,AMAZON MARKEPLACE NA PA,249.86,Amazon,Office,Unassigned / Allocation Required,Entity unassigned,Entity could not be determined from source — allocate before consolidation.,40
2025-08-12,2025_Poseidon_Partners_AmexCharges.xlsx,Unassigned / Allocation Required,TST* SIPSIP - MAYFAIMIAMI FL,248.6,Miami Investor Trip,Suspense & Review,Unassigned / Allocation Required,Unmapped category,Unmapped — assign to Suspense & Review pending classification.,40
2025-04-02,2025_Poseidon_Partners_AmexCharges.xlsx,Unassigned / Allocation Required,AMAZON MARKETPLACE NAMZN.COM/BILL WA,-247.81,Amazon,Office,Unassigned / Allocation Required,Refund/credit/points,Credit / refund / points — contra to original expense; confirm matching original charge.,40
2025-04-02,2025_Poseidon_Partners_AmexCharges.xlsx,Unassigned / Allocation Required,AMAZON MARKEPLACE NA PA,247.81,Amazon,Office,Unassigned / Allocation Required,Entity unassigned,Entity could not be determined from source — allocate before consolidation.,40
2025-07-16,2025_Poseidon_Partners_AmexCharges.xlsx,Unassigned / Allocation Required,EGNYTE INC 000000001MOUNTAIN VIEW CA,247.58,DWG Operations,Suspense & Review,Unassigned / Allocation Required,Unmapped category,Unmapped — assign to Suspense & Review pending classification.,40
2025-03-19,2025_Poseidon_Partners_AmexCharges.xlsx,Unassigned / Allocation Required,AMAZON MARKETPLACE NAMZN.COM/BILL WA,-247.41,Amazon,Office,Unassigned / Allocation Required,Refund/credit/points,Credit / refund / points — contra to original expense; confirm matching original charge.,40
2025-03-19,2025_Poseidon_Partners_AmexCharges.xlsx,Unassigned / Allocation Required,AMAZON MARKEPLACE NA PA,247.41,Amazon,Office,Unassigned / Allocation Required,Entity unassigned,Entity could not be determined from source — allocate before consolidation.,40
2025-12-28,2025_PlumCard_Dunnings.xlsx,DWG Capital Partners,LONG BEACH LODGE RESTOFINO,247.3,Family Trip,Travel,DWG Capital Partners,Personal item (B/P flag = personal),Personal expense paid from business account — propose Due From Owner / Owner Distribution pending substantiation.,60
2025-06-29,2025_Poseidon_Partners_AmexCharges.xlsx,Unassigned / Allocation Required,LA VALENCIA - H LODGLA JOLLA CA,247.25,San Diego - Judd/Angela Trip,Suspense & Review,Unassigned / Allocation Required,Unmapped category,Unmapped — assign to Suspense & Review pending classification.,40
2026-04-03,MarJune_2026_Poseidon_Partners_Amex_Charges.xlsx,Poseidon Partners,AT&T 3Z71 190620 VENICE CA,-246.73,AT&T,Telephone & Internet,Poseidon Partners,Refund/credit/points,Credit / refund / points — contra to original expense; confirm matching original charge.,80
2026-03-01,MarJune_2026_Poseidon_Partners_Amex_Charges.xlsx,Poseidon Partners,AT&T 3Z71 190620 VENICE CA,246.73,AT&T,Telephone & Internet,Poseidon Partners,Same-file repeat — verify not double-entered (SFR-0072),Book to Telephone & Internet.,80
2026-03-01,MarJune_2026_Poseidon_Partners_Amex_Charges.xlsx,Poseidon Partners,AT&T 3Z71 190620 VENICE CA,246.73,AT&T,Telephone & Internet,Poseidon Partners,Same-file repeat — verify not double-entered (SFR-0072),Book to Telephone & Internet.,80
2025-05-18,2025_Poseidon_Partners_AmexCharges.xlsx,Unassigned / Allocation Required,THE DAMNED (COR) NEW YORK NY,245.0,Personal - Entertainment,Suspense & Review,Unassigned / Allocation Required,Personal item (category marked personal),Personal expense paid from business account — propose Due From Owner / Owner Distribution pending substantiation.,40
2025-10-07,2025_Poseidon_Partners_AmexCharges.xlsx,Unassigned / Allocation Required,Southwest Airlines DALLAS TX,244.48,Team Travel (Judd),Travel,Unassigned / Allocation Required,Entity unassigned,Entity could not be determined from source — allocate before consolidation.,40
2025-05-27,2025_Poseidon_Partners_AmexCharges.xlsx,Unassigned / Allocation Required,GIBSONS ACE HARDWAREWEATHERFORD TX,243.55,Personal - House,Suspense & Review,Unassigned / Allocation Required,Personal item (category marked personal),Personal expense paid from business account — propose Due From Owner / Owner Distribution pending substantiation.,40
2025-04-13,2025_PlumCard_Dunnings.xlsx,DWG Capital Partners,EXPEDIA.COM TRAVEL,243.0,Judd/Angela Italy Trip,Travel,DWG Capital Partners,Personal item (B/P flag = personal); Same-file repeat — verify not double-entered (SFR-0005),Personal expense paid from business account — propose Due From Owner / Owner Distribution pending substantiation.,84
2025-04-13,2025_PlumCard_Dunnings.xlsx,DWG Capital Partners,EXPEDIA.COM TRAVEL,243.0,Judd/Angela Italy Trip,Travel,DWG Capital Partners,Personal item (B/P flag = personal); Same-file repeat — verify not double-entered (SFR-0005),Personal expense paid from business account — propose Due From Owner / Owner Distribution pending substantiation.,84
2026-04-24,MarJune_2026_Poseidon_Partners_Amex_Charges.xlsx,Poseidon Partners,PACIFIC SPAS & SAUNALOS ANGELES CA,241.96,Personal - House,Suspense & Review,Poseidon Partners,Personal item (category marked personal),Personal expense paid from business account — propose Due From Owner / Owner Distribution pending substantiation.,45
2026-01-05,JanJune_2026_Plum_Card_Amex_Charges.xlsx,DWG Capital Partners,Ticketmaster (PayPal),241.02,Personal - Entertainment,Suspense & Review,DWG Capital Partners,Personal item (B/P flag = personal),Personal expense paid from business account — propose Due From Owner / Owner Distribution pending substantiation.,45
2026-06-24,June_2026_DWG_Capital_Partners.xlsx,DWG Capital Partners,SP NOVAPETAL NYC NEW YORK NY,240.98,Employee MISC,General & Administrative,DWG Capital Partners,Low confidence,Book to General & Administrative.,55
2026-04-09,MarJune_2026_Poseidon_Partners_Amex_Charges.xlsx,Poseidon Partners,HOSPES PALACIO DEL BCORDOBA ES,240.32,Judd & Angela - Portugal,Suspense & Review,Poseidon Partners,Unmapped category,Unmapped — assign to Suspense & Review pending classification.,45
2025-12-05,2025_Poseidon_Partners_AmexCharges.xlsx,Unassigned / Allocation Required,EXPEDIA 733199016700EXPEDIA.COM WA,240.3,Team Travel (Judd),Travel,Unassigned / Allocation Required,Entity unassigned,Entity could not be determined from source — allocate before consolidation.,40
2025-10-16,2025_Poseidon_Partners_AmexCharges.xlsx,Unassigned / Allocation Required,DocuSign SEATTLE WA,240.0,Software & Subscriptions,Software & Technology,Unassigned / Allocation Required,Entity unassigned,Entity could not be determined from source — allocate before consolidation.,40
2026-02-16,JanFeb_2026_Poseidon_Partners_Amex_Charges.xlsx,Poseidon Partners,DNH*GODADDY#40188300Tempe AZ,239.98,Go Daddy,Suspense & Review,Poseidon Partners,Unmapped category,Unmapped — assign to Suspense & Review pending classification.,45
2025-04-19,2025_PlumCard_Dunnings.xlsx,DWG Capital Partners,WHSMITH ITALIA SRL,238.22,Judd/Angela Italy Trip,Suspense & Review,DWG Capital Partners,Personal item (B/P flag = personal),Personal expense paid from business account — propose Due From Owner / Owner Distribution pending substantiation.,45
2025-01-08,2025_Poseidon_Partners_AmexCharges.xlsx,Unassigned / Allocation Required,AMAZON MARKETPLACE NAMZN.COM/BILL WA,-238.14,Amazon,Office,Unassigned / Allocation Required,Refund/credit/points,Credit / refund / points — contra to original expense; confirm matching original charge.,40
2025-01-08,2025_Poseidon_Partners_AmexCharges.xlsx,Unassigned / Allocation Required,AMAZON MARKEPLACE NA PA,238.14,Amazon,Office,Unassigned / Allocation Required,Entity unassigned,Entity could not be determined from source — allocate before consolidation.,40
2025-04-30,2025_Poseidon_Partners_AmexCharges.xlsx,Unassigned / Allocation Required,AMAZON.COM AMZN.COM/BILL WA,238.12,Amazon,Office,Unassigned / Allocation Required,Entity unassigned,Entity could not be determined from source — allocate before consolidation.,40
2025-01-04,2025_PlumCard_Dunnings.xlsx,DWG Capital Partners,AplPay GOFUNDME*SUPPSAN DIEGO,238.0,Donation,Suspense & Review,DWG Capital Partners,Unmapped category,Unmapped — assign to Suspense & Review pending classification.,45
2025-07-12,2025_PlumCard_Dunnings.xlsx,DWG Capital Partners,SP TAYLOR STITCH,236.39,Personal - Clothing,Suspense & Review,DWG Capital Partners,Personal item (B/P flag = personal),Personal expense paid from business account — propose Due From Owner / Owner Distribution pending substantiation.,45
2025-12-12,2025_Poseidon_Partners_AmexCharges.xlsx,Unassigned / Allocation Required,TST* 033 MARCELLA'S COLUMBUS OH,236.31,Team Travel (Judd),Travel,Unassigned / Allocation Required,Entity unassigned,Entity could not be determined from source — allocate before consolidation.,40
2025-12-05,2025_Poseidon_Partners_AmexCharges.xlsx,Unassigned / Allocation Required,EXPEDIA 733192382190EXPEDIA.COM WA,234.69,Team Travel (Judd),Travel,Unassigned / Allocation Required,Entity unassigned,Entity could not be determined from source — allocate before consolidation.,40
2025-07-19,2025_Poseidon_Partners_AmexCharges.xlsx,Unassigned / Allocation Required,JACKS SURF BOARDS SANTA MONICA CA,234.68,Personal - Entertainment,Suspense & Review,Unassigned / Allocation Required,Personal item (category marked personal),Personal expense paid from business account — propose Due From Owner / Owner Distribution pending substantiation.,40
2025-05-12,2025_Poseidon_Partners_AmexCharges.xlsx,Unassigned / Allocation Required,PY *LAS PALMAS LUNCHDALLAS TX,234.31,Personal - Food,Suspense & Review,Unassigned / Allocation Required,Personal item (category marked personal),Personal expense paid from business account — propose Due From Owner / Owner Distribution pending substantiation.,40
2025-01-04,2025_Poseidon_Partners_AmexCharges.xlsx,Unassigned / Allocation Required,JACKS SURF BOARDS SANTA MONICA CA,-233.73,Personal - Entertainment,Suspense & Review,Unassigned / Allocation Required,Personal item (category marked personal),Personal expense paid from business account — propose Due From Owner / Owner Distribution pending substantiation.,40
2025-03-06,2025_Poseidon_Partners_AmexCharges.xlsx,Unassigned / Allocation Required,TLF=EDELWEISS FLOWERSANTA MONICA CA,231.53,Personal - House,Suspense & Review,Unassigned / Allocation Required,Personal item (category marked personal),Personal expense paid from business account — propose Due From Owner / Owner Distribution pending substantiation.,40
2025-12-28,2025_PlumCard_Dunnings.xlsx,DWG Capital Partners,TOFINO MOBILE MASSAGTOFINO,230.94,Family Trip,Telephone & Internet,DWG Capital Partners,Personal item (B/P flag = personal),Personal expense paid from business account — propose Due From Owner / Owner Distribution pending substantiation.,80
2025-12-15,2025_Poseidon_Partners_AmexCharges.xlsx,Unassigned / Allocation Required,RESTORE.COM AUSTIN TX,230.0,Personal - Health,Suspense & Review,Unassigned / Allocation Required,Personal item (category marked personal),Personal expense paid from business account — propose Due From Owner / Owner Distribution pending substantiation.,40
2025-12-04,2025_Poseidon_Partners_AmexCharges.xlsx,Unassigned / Allocation Required,RESTORE.COM AUSTIN TX,230.0,Personal - Health,Suspense & Review,Unassigned / Allocation Required,Personal item (category marked personal),Personal expense paid from business account — propose Due From Owner / Owner Distribution pending substantiation.,40
2026-02-20,JanFeb_2026_Poseidon_Partners_Amex_Charges.xlsx,Poseidon Partners,RESTORE.COM AUSTIN TX,230.0,Personal - Health,Suspense & Review,Poseidon Partners,Personal item (category marked personal),Personal expense paid from business account — propose Due From Owner / Owner Distribution pending substantiation.,45
2026-03-17,JanJune_2026_Plum_Card_Amex_Charges.xlsx,DWG Capital Partners,Restore.com,230.0,Personal - Health,Suspense & Review,DWG Capital Partners,Personal item (B/P flag = personal),Personal expense paid from business account — propose Due From Owner / Owner Distribution pending substantiation.,45
2026-05-15,MarJune_2026_Poseidon_Partners_Amex_Charges.xlsx,Poseidon Partners,RESTORE.COM AUSTIN TX,230.0,Personal - Health,Suspense & Review,Poseidon Partners,Personal item (category marked personal),Personal expense paid from business account — propose Due From Owner / Owner Distribution pending substantiation.,45
2026-03-10,MarJune_2026_Poseidon_Partners_Amex_Charges.xlsx,Poseidon Partners,RESTORE.COM AUSTIN TX,230.0,Personal - Health,Suspense & Review,Poseidon Partners,Personal item (category marked personal),Personal expense paid from business account — propose Due From Owner / Owner Distribution pending substantiation.,45
2025-09-30,2025_Poseidon_Partners_AmexCharges.xlsx,Unassigned / Allocation Required,FRAUD CREDIT,-229.92,FRAUD CREDIT,Suspense & Review,Unassigned / Allocation Required,Refund/credit/points,Credit / refund / points — contra to original expense; confirm matching original charge.,40
2026-03-28,MarJune_2026_Poseidon_Partners_Amex_Charges.xlsx,Poseidon Partners,INMOTION @LAX 879 87LOS ANGELES CA,229.38,Judd & Angela - Portugal,Suspense & Review,Poseidon Partners,Unmapped category,Unmapped — assign to Suspense & Review pending classification.,45
2025-08-29,2025_Poseidon_Partners_AmexCharges.xlsx,Unassigned / Allocation Required,COPAARP,228.22,Costa Rica Trip,Suspense & Review,Unassigned / Allocation Required,Unmapped category,Unmapped — assign to Suspense & Review pending classification.,40
2025-05-28,2025_Poseidon_Partners_AmexCharges.xlsx,Unassigned / Allocation Required,AMAZON MARKETPLACE NAMZN.COM/BILL WA,-227.3,Amazon,Office,Unassigned / Allocation Required,Refund/credit/points,Credit / refund / points — contra to original expense; confirm matching original charge.,40
2025-05-28,2025_Poseidon_Partners_AmexCharges.xlsx,Unassigned / Allocation Required,AMAZON MARKEPLACE NA PA,227.3,Amazon,Office,Unassigned / Allocation Required,Entity unassigned,Entity could not be determined from source — allocate before consolidation.,40
2025-12-05,2025_Poseidon_Partners_AmexCharges.xlsx,Unassigned / Allocation Required,EXPEDIA 733198979514EXPEDIA.COM WA,227.02,Team Travel (Judd),Travel,Unassigned / Allocation Required,Entity unassigned,Entity could not be determined from source — allocate before consolidation.,40
2025-09-30,2025_Poseidon_Partners_AmexCharges.xlsx,Unassigned / Allocation Required,FRAUD CREDIT,-226.25,FRAUD CREDIT,Suspense & Review,Unassigned / Allocation Required,Refund/credit/points,Credit / refund / points — contra to original expense; confirm matching original charge.,40
2025-09-30,2025_Poseidon_Partners_AmexCharges.xlsx,Unassigned / Allocation Required,FRAUD CREDIT,-226.24,FRAUD CREDIT,Suspense & Review,Unassigned / Allocation Required,Refund/credit/points,Credit / refund / points — contra to original expense; confirm matching original charge.,40
2025-03-16,2025_Poseidon_Partners_AmexCharges.xlsx,Unassigned / Allocation Required,TST* THE BUTCHERS DAVENICE CA,225.99,Personal - Food,Suspense & Review,Unassigned / Allocation Required,Personal item (category marked personal),Personal expense paid from business account — propose Due From Owner / Owner Distribution pending substantiation.,40
2025-06-16,2025_Poseidon_Partners_AmexCharges.xlsx,Unassigned / Allocation Required,AMAZON.COM AMZN.COM/BILL WA,225.66,Amazon,Office,Unassigned / Allocation Required,Entity unassigned,Entity could not be determined from source — allocate before consolidation.,40
2025-09-30,2025_Poseidon_Partners_AmexCharges.xlsx,Unassigned / Allocation Required,FRAUD CREDIT,-225.1,FRAUD CREDIT,Suspense & Review,Unassigned / Allocation Required,Refund/credit/points,Credit / refund / points — contra to original expense; confirm matching original charge.,40
2025-01-10,2025_Poseidon_Partners_AmexCharges.xlsx,Unassigned / Allocation Required,MED*CEDARS SINAI MEDLOS ANGELES CA,225.0,Personal - Health,Suspense & Review,Unassigned / Allocation Required,Personal item (category marked personal),Personal expense paid from business account — propose Due From Owner / Owner Distribution pending substantiation.,40
2026-04-26,MarJune_2026_Poseidon_Partners_Amex_Charges.xlsx,Poseidon Partners,TST* BLUEYS KITCHEN LOS ANGELES CA,222.85,Personal - Food,Suspense & Review,Poseidon Partners,Personal item (category marked personal),Personal expense paid from business account — propose Due From Owner / Owner Distribution pending substantiation.,45
2026-02-14,JanFeb_2026_Poseidon_Partners_Amex_Charges.xlsx,Poseidon Partners,L FLIPPIN VINTAGE RESANTA MONICA CA,221.5,Personal - Family,General & Administrative,Poseidon Partners,Personal item (category marked personal),Personal expense paid from business account — propose Due From Owner / Owner Distribution pending substantiation.,55
2025-08-13,2025_Poseidon_Partners_AmexCharges.xlsx,Unassigned / Allocation Required,SUNGLASS HUT MIAMI FL,221.49,Miami Investor Trip,Suspense & Review,Unassigned / Allocation Required,Unmapped category,Unmapped — assign to Suspense & Review pending classification.,40
2025-06-02,2025_Poseidon_Partners_AmexCharges.xlsx,Unassigned / Allocation Required,AMAZON MARKETPLACE NAMZN.COM/BILL WA,-221.39,Amazon,Office,Unassigned / Allocation Required,Refund/credit/points,Credit / refund / points — contra to original expense; confirm matching original charge.,40
2025-06-02,2025_Poseidon_Partners_AmexCharges.xlsx,Unassigned / Allocation Required,AMAZON MARKEPLACE NA PA,221.39,Amazon,Office,Unassigned / Allocation Required,Entity unassigned,Entity could not be determined from source — allocate before consolidation.,40
2026-05-31,June_2026_DWG_Capital_Partners.xlsx,DWG Capital Partners,TASKER ON TASKRABBITSAN FRANCISCO CA,220.81,Employee MISC,General & Administrative,DWG Capital Partners,Low confidence,Book to General & Administrative.,55
2025-09-30,2025_Poseidon_Partners_AmexCharges.xlsx,Unassigned / Allocation Required,FRAUD CREDIT,-220.45,FRAUD CREDIT,Suspense & Review,Unassigned / Allocation Required,Refund/credit/points,Credit / refund / points — contra to original expense; confirm matching original charge.,40
2025-05-11,2025_Poseidon_Partners_AmexCharges.xlsx,Unassigned / Allocation Required,THE HANGAR Santa Monica CA,220.39,Personal - House,Suspense & Review,Unassigned / Allocation Required,Personal item (category marked personal),Personal expense paid from business account — propose Due From Owner / Owner Distribution pending substantiation.,40
2025-12-13,2025_Poseidon_Partners_AmexCharges.xlsx,Unassigned / Allocation Required,PAYA THAI LA LLC LOS ANGELES CA,220.0,Personal - Health,Suspense & Review,Unassigned / Allocation Required,Personal item (category marked personal),Personal expense paid from business account — propose Due From Owner / Owner Distribution pending substantiation.,40
2025-12-30,2025_PlumCard_Dunnings.xlsx,DWG Capital Partners,MOLTAQA MOROCCAN RESVANCOUVER,219.81,Family Trip,Travel,DWG Capital Partners,Personal item (B/P flag = personal),Personal expense paid from business account — propose Due From Owner / Owner Distribution pending substantiation.,60
2025-02-25,2025_Poseidon_Partners_AmexCharges.xlsx,Unassigned / Allocation Required,AMAZON MARKETPLACE NAMZN.COM/BILL WA,-219.8,Amazon,Office,Unassigned / Allocation Required,Refund/credit/points,Credit / refund / points — contra to original expense; confirm matching original charge.,40
2025-02-25,2025_Poseidon_Partners_AmexCharges.xlsx,Unassigned / Allocation Required,AMAZON MARKEPLACE NA PA,219.8,Amazon,Office,Unassigned / Allocation Required,Entity unassigned,Entity could not be determined from source — allocate before consolidation.,40
2025-12-28,2025_PlumCard_Dunnings.xlsx,DWG Capital Partners,LS STORM SURF SHOP,219.7,Family Trip,Travel,DWG Capital Partners,Personal item (B/P flag = personal),Personal expense paid from business account — propose Due From Owner / Owner Distribution pending substantiation.,60
2025-09-30,2025_Poseidon_Partners_AmexCharges.xlsx,Unassigned / Allocation Required,FRAUD CREDIT,-219.03,FRAUD CREDIT,Suspense & Review,Unassigned / Allocation Required,Refund/credit/points,Credit / refund / points — contra to original expense; confirm matching original charge.,40
2025-06-16,2025_Poseidon_Partners_AmexCharges.xlsx,Unassigned / Allocation Required,AMAZON MARKETPLACE NAMZN.COM/BILL WA,-218.55,Amazon,Office,Unassigned / Allocation Required,Refund/credit/points,Credit / refund / points — contra to original expense; confirm matching original charge.,40
2025-06-16,2025_Poseidon_Partners_AmexCharges.xlsx,Unassigned / Allocation Required,AMAZON MARKEPLACE NA PA,218.55,Amazon,Office,Unassigned / Allocation Required,Entity unassigned,Entity could not be determined from source — allocate before consolidation.,40
2026-03-08,MarJune_2026_Poseidon_Partners_Amex_Charges.xlsx,Poseidon Partners,TST* CAFE GRATITUDE VENICE CA,217.93,Personal - Food,Suspense & Review,Poseidon Partners,Personal item (category marked personal),Personal expense paid from business account — propose Due From Owner / Owner Distribution pending substantiation.,45
2025-07-31,2025_Poseidon_Partners_AmexCharges.xlsx,Unassigned / Allocation Required,SP BILLY REID - LEAPCHICAGO IL,217.86,Personal - Clothing,Suspense & Review,Unassigned / Allocation Required,Personal item (category marked personal),Personal expense paid from business account — propose Due From Owner / Owner Distribution pending substantiation.,40
2026-01-08,JanFeb_2026_Poseidon_Partners_Amex_Charges.xlsx,Poseidon Partners,WP*WORDPRESS 6HWFBTNSAN FRANCISCO CA,217.46,Personal - Word Press,Suspense & Review,Poseidon Partners,Personal item (category marked personal),Personal expense paid from business account — propose Due From Owner / Owner Distribution pending substantiation.,45
2026-02-02,JanFeb_2026_Poseidon_Partners_Amex_Charges.xlsx,Poseidon Partners,THE FLYING CARPET TUFORT WORTH TX,217.08,Personal - Family,Auto,Poseidon Partners,Personal item (category marked personal),Personal expense paid from business account — propose Due From Owner / Owner Distribution pending substantiation.,76
2025-09-30,2025_Poseidon_Partners_AmexCharges.xlsx,Unassigned / Allocation Required,FRAUD CREDIT,-216.49,FRAUD CREDIT,Suspense & Review,Unassigned / Allocation Required,Refund/credit/points,Credit / refund / points — contra to original expense; confirm matching original charge.,40
2025-04-15,2025_PlumCard_Dunnings.xlsx,DWG Capital Partners,BOUTIQUE LACOSTE,216.47,Judd/Angela Italy Trip,Suspense & Review,DWG Capital Partners,Personal item (B/P flag = personal),Personal expense paid from business account — propose Due From Owner / Owner Distribution pending substantiation.,45
2025-04-14,2025_PlumCard_Dunnings.xlsx,DWG Capital Partners,BOUTIQUE LACOSTE,216.22,Judd/Angela Italy Trip,Suspense & Review,DWG Capital Partners,Personal item (B/P flag = personal),Personal expense paid from business account — propose Due From Owner / Owner Distribution pending substantiation.,45
2026-03-26,MarJune_2026_Poseidon_Partners_Amex_Charges.xlsx,Poseidon Partners,EVERLANE* R281500246SAN FRANCISCO CA,215.12,Personal - Clothing,Suspense & Review,Poseidon Partners,Personal item (category marked personal),Personal expense paid from business account — propose Due From Owner / Owner Distribution pending substantiation.,45
2025-05-10,2025_Poseidon_Partners_AmexCharges.xlsx,Unassigned / Allocation Required,AMAZON MARKETPLACE NAMZN.COM/BILL WA,-214.83,Amazon,Office,Unassigned / Allocation Required,Refund/credit/points,Credit / refund / points — contra to original expense; confirm matching original charge.,40
2025-05-10,2025_Poseidon_Partners_AmexCharges.xlsx,Unassigned / Allocation Required,AMAZON MARKEPLACE NA PA,214.83,Amazon,Office,Unassigned / Allocation Required,Entity unassigned,Entity could not be determined from source — allocate before consolidation.,40
2025-03-27,2025_Poseidon_Partners_AmexCharges.xlsx,Unassigned / Allocation Required,TST* CAFE GRATITUDE VENICE CA,214.35,Personal - Food,Suspense & Review,Unassigned / Allocation Required,Personal item (category marked personal),Personal expense paid from business account — propose Due From Owner / Owner Distribution pending substantiation.,40
2026-03-08,MarJune_2026_Poseidon_Partners_Amex_Charges.xlsx,Poseidon Partners,TCKTWEB*AGENTORANGETSAN FRANCISCO CA,213.65,Personal - Entertainment,Suspense & Review,Poseidon Partners,Personal item (category marked personal),Personal expense paid from business account — propose Due From Owner / Owner Distribution pending substantiation.,45
2025-03-26,2025_Poseidon_Partners_AmexCharges.xlsx,Unassigned / Allocation Required,HOTEL HAMPTON INN ANALAJUELA AL,213.57,Costa Rica Trip,Travel,Unassigned / Allocation Required,Entity unassigned,Entity could not be determined from source — allocate before consolidation.,40
2025-12-07,2025_Poseidon_Partners_AmexCharges.xlsx,Unassigned / Allocation Required,TST* PASHA 00127546 ATLANTA GA,212.88,Personal - Food,Suspense & Review,Unassigned / Allocation Required,Personal item (category marked personal),Personal expense paid from business account — propose Due From Owner / Owner Distribution pending substantiation.,40
2026-04-17,MarJune_2026_Poseidon_Partners_Amex_Charges.xlsx,Poseidon Partners,TAP PORTUGAL LISBON LISBON PR,212.53,Judd & Angela - Portugal,Suspense & Review,Poseidon Partners,Unmapped category,Unmapped — assign to Suspense & Review pending classification.,45
2025-01-13,2025_Poseidon_Partners_AmexCharges.xlsx,Unassigned / Allocation Required,AMAZON MARKETPLACE NAMZN.COM/BILL WA,-211.9,Amazon,Office,Unassigned / Allocation Required,Refund/credit/points,Credit / refund / points — contra to original expense; confirm matching original charge.,40
2025-01-13,2025_Poseidon_Partners_AmexCharges.xlsx,Unassigned / Allocation Required,AMAZON MARKEPLACE NA PA,211.9,Amazon,Office,Unassigned / Allocation Required,Entity unassigned,Entity could not be determined from source — allocate before consolidation.,40
2025-04-06,2025_PlumCard_Dunnings.xlsx,DWG Capital Partners,VIATOR,211.24,Judd/Angela Italy Trip,Suspense & Review,DWG Capital Partners,Personal item (B/P flag = personal),Personal expense paid from business account — propose Due From Owner / Owner Distribution pending substantiation.,45
2025-01-20,2025_Poseidon_Partners_AmexCharges.xlsx,Unassigned / Allocation Required,AMAZON MARKETPLACE NAMZN.COM/BILL WA,-210.9,Amazon,Office,Unassigned / Allocation Required,Refund/credit/points,Credit / refund / points — contra to original expense; confirm matching original charge.,40
2025-01-20,2025_Poseidon_Partners_AmexCharges.xlsx,Unassigned / Allocation Required,AMAZON MARKEPLACE NA PA,210.9,Amazon,Office,Unassigned / Allocation Required,Entity unassigned,Entity could not be determined from source — allocate before consolidation.,40
2025-09-30,2025_Poseidon_Partners_AmexCharges.xlsx,Unassigned / Allocation Required,FRAUD CREDIT,-210.46,FRAUD CREDIT,Suspense & Review,Unassigned / Allocation Required,Refund/credit/points,Credit / refund / points — contra to original expense; confirm matching original charge.,40
2025-02-03,2025_Poseidon_Partners_AmexCharges.xlsx,Unassigned / Allocation Required,STAPLES 00127 VENICE CA,210.44,DWG Operations,Office,Unassigned / Allocation Required,Entity unassigned,Entity could not be determined from source — allocate before consolidation.,40
2025-10-05,2025_Poseidon_Partners_AmexCharges.xlsx,Unassigned / Allocation Required,PAYA THAI LA LLC LOS ANGELES CA,210.0,Personal - Health,Suspense & Review,Unassigned / Allocation Required,Personal item (category marked personal),Personal expense paid from business account — propose Due From Owner / Owner Distribution pending substantiation.,40
2026-06-13,June_2026_DWG_Capital_Partners.xlsx,DWG Capital Partners,AMEX TRAVEL PAY WITH POINTS CREDIT,-210.0,AMEX TRAVEL PAY WITH POINTS CREDIT,Other Operating Expense,DWG Capital Partners,Refund/credit/points,Credit / refund / points — contra to original expense; confirm matching original charge.,85
2026-01-16,JanFeb_2026_Poseidon_Partners_Amex_Charges.xlsx,Poseidon Partners,AMEX CLEAR PLUS CREDIT,-209.0,AMEX CLEAR PLUS CREDIT,Suspense & Review,Poseidon Partners,Refund/credit/points,Credit / refund / points — contra to original expense; confirm matching original charge.,45
2025-02-07,2025_Poseidon_Partners_AmexCharges.xlsx,Unassigned / Allocation Required,AMAZON MARKETPLACE NAMZN.COM/BILL WA,-208.15,Amazon,Office,Unassigned / Allocation Required,Refund/credit/points,Credit / refund / points — contra to original expense; confirm matching original charge.,40
2025-02-07,2025_Poseidon_Partners_AmexCharges.xlsx,Unassigned / Allocation Required,AMAZON MARKEPLACE NA PA,208.15,Amazon,Office,Unassigned / Allocation Required,Entity unassigned,Entity could not be determined from source — allocate before consolidation.,40
2025-12-30,2025_PlumCard_Dunnings.xlsx,DWG Capital Partners,THE NAAM RESTAURANT VANCOUVER,208.09,Family Trip,Meals & Entertainment,DWG Capital Partners,Personal item (B/P flag = personal),Personal expense paid from business account — propose Due From Owner / Owner Distribution pending substantiation.,82
2025-06-29,2025_Poseidon_Partners_AmexCharges.xlsx,Unassigned / Allocation Required,AMAZON MARKETPLACE NAMZN.COM/BILL WA,-206.95,Amazon,Office,Unassigned / Allocation Required,Refund/credit/points,Credit / refund / points — contra to original expense; confirm matching original charge.,40
2025-06-29,2025_Poseidon_Partners_AmexCharges.xlsx,Unassigned / Allocation Required,AMAZON MARKEPLACE NA PA,206.95,Amazon,Office,Unassigned / Allocation Required,Entity unassigned,Entity could not be determined from source — allocate before consolidation.,40
2025-05-21,2025_Poseidon_Partners_AmexCharges.xlsx,Unassigned / Allocation Required,AMAZON MARKETPLACE NAMZN.COM/BILL WA,-206.95,Amazon,Office,Unassigned / Allocation Required,Refund/credit/points,Credit / refund / points — contra to original expense; confirm matching original charge.,40
2025-05-21,2025_Poseidon_Partners_AmexCharges.xlsx,Unassigned / Allocation Required,AMAZON MARKEPLACE NA PA,206.95,Amazon,Office,Unassigned / Allocation Required,Entity unassigned,Entity could not be determined from source — allocate before consolidation.,40
2025-04-16,2025_Poseidon_Partners_AmexCharges.xlsx,Unassigned / Allocation Required,AMAZON MARKETPLACE NAMZN.COM/BILL WA,-206.95,Amazon,Office,Unassigned / Allocation Required,Refund/credit/points,Credit / refund / points — contra to original expense; confirm matching original charge.,40
2025-04-16,2025_Poseidon_Partners_AmexCharges.xlsx,Unassigned / Allocation Required,AMAZON MARKEPLACE NA PA,206.95,Amazon,Office,Unassigned / Allocation Required,Entity unassigned,Entity could not be determined from source — allocate before consolidation.,40
2025-04-01,2025_Poseidon_Partners_AmexCharges.xlsx,Unassigned / Allocation Required,AMAZON MARKETPLACE NAMZN.COM/BILL WA,-206.95,Amazon,Office,Unassigned / Allocation Required,Refund/credit/points,Credit / refund / points — contra to original expense; confirm matching original charge.,40
2025-04-01,2025_Poseidon_Partners_AmexCharges.xlsx,Unassigned / Allocation Required,AMAZON MARKEPLACE NA PA,206.95,Amazon,Office,Unassigned / Allocation Required,Entity unassigned,Entity could not be determined from source — allocate before consolidation.,40
2025-03-03,2025_Poseidon_Partners_AmexCharges.xlsx,Unassigned / Allocation Required,AMAZON MARKETPLACE NAMZN.COM/BILL WA,-206.95,Amazon,Office,Unassigned / Allocation Required,Refund/credit/points,Credit / refund / points — contra to original expense; confirm matching original charge.,40
2025-03-03,2025_Poseidon_Partners_AmexCharges.xlsx,Unassigned / Allocation Required,AMAZON MARKEPLACE NA PA,206.95,Amazon,Office,Unassigned / Allocation Required,Entity unassigned,Entity could not be determined from source — allocate before consolidation.,40
2025-02-24,2025_Poseidon_Partners_AmexCharges.xlsx,Unassigned / Allocation Required,AMAZON MARKETPLACE NAMZN.COM/BILL WA,-206.95,Amazon,Office,Unassigned / Allocation Required,Refund/credit/points,Credit / refund / points — contra to original expense; confirm matching original charge.,40
2025-02-24,2025_Poseidon_Partners_AmexCharges.xlsx,Unassigned / Allocation Required,AMAZON MARKEPLACE NA PA,206.95,Amazon,Office,Unassigned / Allocation Required,Entity unassigned,Entity could not be determined from source — allocate before consolidation.,40
2025-02-14,2025_Poseidon_Partners_AmexCharges.xlsx,Unassigned / Allocation Required,AMAZON MARKETPLACE NAMZN.COM/BILL WA,-206.95,Amazon,Office,Unassigned / Allocation Required,Refund/credit/points; Same-file repeat — verify not double-entered (SFR-0054),Credit / refund / points — contra to original expense; confirm matching original charge.,40
2025-02-14,2025_Poseidon_Partners_AmexCharges.xlsx,Unassigned / Allocation Required,AMAZON MARKETPLACE NAMZN.COM/BILL WA,-206.95,Amazon,Office,Unassigned / Allocation Required,Refund/credit/points; Same-file repeat — verify not double-entered (SFR-0054),Credit / refund / points — contra to original expense; confirm matching original charge.,40
2025-02-14,2025_Poseidon_Partners_AmexCharges.xlsx,Unassigned / Allocation Required,AMAZON MARKEPLACE NA PA,206.95,Amazon,Office,Unassigned / Allocation Required,Entity unassigned; Same-file repeat — verify not double-entered (SFR-0055),Entity could not be determined from source — allocate before consolidation.,40
2025-02-14,2025_Poseidon_Partners_AmexCharges.xlsx,Unassigned / Allocation Required,AMAZON MARKEPLACE NA PA,206.95,Amazon,Office,Unassigned / Allocation Required,Entity unassigned; Same-file repeat — verify not double-entered (SFR-0055),Entity could not be determined from source — allocate before consolidation.,40
2025-01-04,2025_Poseidon_Partners_AmexCharges.xlsx,Unassigned / Allocation Required,AMAZON MARKETPLACE NAMZN.COM/BILL WA,-206.95,Amazon,Office,Unassigned / Allocation Required,Refund/credit/points,Credit / refund / points — contra to original expense; confirm matching original charge.,40
2025-01-04,2025_Poseidon_Partners_AmexCharges.xlsx,Unassigned / Allocation Required,AMAZON MARKEPLACE NA PA,206.95,Amazon,Office,Unassigned / Allocation Required,Entity unassigned,Entity could not be determined from source — allocate before consolidation.,40
2025-01-02,2025_Poseidon_Partners_AmexCharges.xlsx,Unassigned / Allocation Required,AMAZON MARKETPLACE NAMZN.COM/BILL WA,-206.95,Amazon,Office,Unassigned / Allocation Required,Refund/credit/points,Credit / refund / points — contra to original expense; confirm matching original charge.,40
2025-01-02,2025_Poseidon_Partners_AmexCharges.xlsx,Unassigned / Allocation Required,AMAZON MARKEPLACE NA PA,206.95,Amazon,Office,Unassigned / Allocation Required,Entity unassigned,Entity could not be determined from source — allocate before consolidation.,40
2025-01-01,2025_Poseidon_Partners_AmexCharges.xlsx,Unassigned / Allocation Required,AMAZON.COM AMZN.COM/BILL WA,206.95,Amazon,Office,Unassigned / Allocation Required,Entity unassigned,Entity could not be determined from source — allocate before consolidation.,40
2025-09-30,2025_Poseidon_Partners_AmexCharges.xlsx,Unassigned / Allocation Required,FRAUD CREDIT,-206.69,FRAUD CREDIT,Suspense & Review,Unassigned / Allocation Required,Refund/credit/points,Credit / refund / points — contra to original expense; confirm matching original charge.,40
2025-11-14,2025_Poseidon_Partners_AmexCharges.xlsx,Unassigned / Allocation Required,RESTORE.COM AUSTIN TX,206.0,Personal - Health,Suspense & Review,Unassigned / Allocation Required,Personal item (category marked personal),Personal expense paid from business account — propose Due From Owner / Owner Distribution pending substantiation.,40
2025-10-10,2025_Poseidon_Partners_AmexCharges.xlsx,Unassigned / Allocation Required,AMAZON.COM AMZN.COM/BILL WA,205.66,Amazon,Office,Unassigned / Allocation Required,Entity unassigned,Entity could not be determined from source — allocate before consolidation.,40
2025-12-21,2025_PlumCard_Dunnings.xlsx,DWG Capital Partners,SHELTER RESTAURANT STOFINO,205.65,Family Trip,Meals & Entertainment,DWG Capital Partners,Personal item (B/P flag = personal),Personal expense paid from business account — propose Due From Owner / Owner Distribution pending substantiation.,82
2025-05-13,2025_PlumCard_Dunnings.xlsx,DWG Capital Partners,THE HOME DEPOT 6515 WEATHERFORD,205.17,Personal - House,Suspense & Review,DWG Capital Partners,Personal item (B/P flag = personal),Personal expense paid from business account — propose Due From Owner / Owner Distribution pending substantiation.,45
2026-06-08,MarJune_2026_Poseidon_Partners_Amex_Charges.xlsx,Poseidon Partners,PRESS CAFE - FORT WOFORT WORTH TX,205.0,Personal - Food,Suspense & Review,Poseidon Partners,Personal item (category marked personal),Personal expense paid from business account — propose Due From Owner / Owner Distribution pending substantiation.,45
2025-09-30,2025_Poseidon_Partners_AmexCharges.xlsx,Unassigned / Allocation Required,FRAUD CREDIT,-204.1,FRAUD CREDIT,Suspense & Review,Unassigned / Allocation Required,Refund/credit/points,Credit / refund / points — contra to original expense; confirm matching original charge.,40
2025-05-22,2025_Poseidon_Partners_AmexCharges.xlsx,Unassigned / Allocation Required,DNH*GODADDY#37568861Tempe AZ,203.88,Go Daddy,Suspense & Review,Unassigned / Allocation Required,Unmapped category,Unmapped — assign to Suspense & Review pending classification.,40
2025-09-25,2025_Poseidon_Partners_AmexCharges.xlsx,Unassigned / Allocation Required,PACOS TACOS 0755 LOS ANGELES CA,203.82,Personal - Food,Suspense & Review,Unassigned / Allocation Required,Personal item (category marked personal),Personal expense paid from business account — propose Due From Owner / Owner Distribution pending substantiation.,40
2025-04-11,2025_PlumCard_Dunnings.xlsx,DWG Capital Partners,RISTORANTE CAFFE' ILFIRENZE,203.68,Judd/Angela Italy Trip,Suspense & Review,DWG Capital Partners,Personal item (B/P flag = personal),Personal expense paid from business account — propose Due From Owner / Owner Distribution pending substantiation.,45
2025-09-30,2025_Poseidon_Partners_AmexCharges.xlsx,Unassigned / Allocation Required,SPONSORCLOUD (SYNPROSALT LAKE CITY UT,203.37,Sponsor Cloud,Data & Listing Platforms,Unassigned / Allocation Required,Entity unassigned,Entity could not be determined from source — allocate before consolidation.,40
2025-08-30,2025_Poseidon_Partners_AmexCharges.xlsx,Unassigned / Allocation Required,TST* THE BUTCHER'S DVENICE CA,202.84,Personal - Food,Suspense & Review,Unassigned / Allocation Required,Personal item (category marked personal),Personal expense paid from business account — propose Due From Owner / Owner Distribution pending substantiation.,40
2025-12-30,2025_PlumCard_Dunnings.xlsx,DWG Capital Partners,STEVE MADDEN (SM16 VVANCOUVER,202.67,Family Trip,Travel,DWG Capital Partners,Personal item (B/P flag = personal),Personal expense paid from business account — propose Due From Owner / Owner Distribution pending substantiation.,60
2025-09-30,2025_Poseidon_Partners_AmexCharges.xlsx,Unassigned / Allocation Required,FRAUD CREDIT,-202.56,FRAUD CREDIT,Suspense & Review,Unassigned / Allocation Required,Refund/credit/points,Credit / refund / points — contra to original expense; confirm matching original charge.,40
2025-03-17,2025_Poseidon_Partners_AmexCharges.xlsx,Unassigned / Allocation Required,PAYA THAI LA LLC LOS ANGELES CA,202.5,Personal - Health,Suspense & Review,Unassigned / Allocation Required,Personal item (category marked personal),Personal expense paid from business account — propose Due From Owner / Owner Distribution pending substantiation.,40
2025-09-30,2025_Poseidon_Partners_AmexCharges.xlsx,Unassigned / Allocation Required,FRAUD CREDIT,-201.74,FRAUD CREDIT,Suspense & Review,Unassigned / Allocation Required,Refund/credit/points,Credit / refund / points — contra to original expense; confirm matching original charge.,40
2025-09-30,2025_Poseidon_Partners_AmexCharges.xlsx,Unassigned / Allocation Required,TST* BEETHOVEN 00200LOS ANGELES CA,201.1,Personal - Food,Suspense & Review,Unassigned / Allocation Required,Personal item (category marked personal),Personal expense paid from business account — propose Due From Owner / Owner Distribution pending substantiation.,40
2025-11-27,2025_Poseidon_Partners_AmexCharges.xlsx,Unassigned / Allocation Required,INN OF THE SEVENTH RTOPANGA CA,200.0,Personal - Food,Suspense & Review,Unassigned / Allocation Required,Personal item (category marked personal),Personal expense paid from business account — propose Due From Owner / Owner Distribution pending substantiation.,40
2025-10-25,2025_Poseidon_Partners_AmexCharges.xlsx,Unassigned / Allocation Required,TST* DON ARTEMIO 000FORT WORTH TX,200.0,Personal - Food,Suspense & Review,Unassigned / Allocation Required,Personal item (category marked personal),Personal expense paid from business account — propose Due From Owner / Owner Distribution pending substantiation.,40
2025-08-13,2025_Poseidon_Partners_AmexCharges.xlsx,Unassigned / Allocation Required,Sugar Miami FL,200.0,Miami Investor Trip,Suspense & Review,Unassigned / Allocation Required,Unmapped category,Unmapped — assign to Suspense & Review pending classification.,40
2025-03-16,2025_Poseidon_Partners_AmexCharges.xlsx,Unassigned / Allocation Required,PAYA THAI LA LLC LOS ANGELES CA,200.0,Personal - Health,Suspense & Review,Unassigned / Allocation Required,Personal item (category marked personal),Personal expense paid from business account — propose Due From Owner / Owner Distribution pending substantiation.,40
2026-05-16,Mar-May_2026_DWGCP_Amex_Charges.xlsx,DWG Capital Partners,NIMBUS HEALTH FIRST,200.0,Personal Health,General & Administrative,DWG Capital Partners,Personal item (B/P flag = personal),Personal expense paid from business account — propose Due From Owner / Owner Distribution pending substantiation.,55
2026-04-08,Mar-May_2026_DWGCP_Amex_Charges.xlsx,DWG Capital Partners,STEVEN BULLOCK PHOTOGRAPHER,200.0,DWG Capital Group,Suspense & Review,DWG Capital Partners,Unmapped category,Unmapped — assign to Suspense & Review pending classification.,45
2026-04-06,Mar-May_2026_DWGCP_Amex_Charges.xlsx,DWG Capital Partners,AMEX TRAVEL POINTS CREDIT,-200.0,Points redemption,Other Operating Expense,DWG Capital Partners,Refund/credit/points,Credit / refund / points — contra to original expense; confirm matching original charge.,85
2025-06-05,2025_Poseidon_Partners_AmexCharges.xlsx,Unassigned / Allocation Required,DRURY PLAZA HOTEL CLCLEVELAND OH,199.74,Ohio Site Visit,Travel,Unassigned / Allocation Required,Entity unassigned,Entity could not be determined from source — allocate before consolidation.,40
2025-12-15,2025_Poseidon_Partners_AmexCharges.xlsx,Unassigned / Allocation Required,RESTORE.COM AUSTIN TX,199.0,Personal - Health,Suspense & Review,Unassigned / Allocation Required,Personal item (category marked personal),Personal expense paid from business account — propose Due From Owner / Owner Distribution pending substantiation.,40
2025-11-15,2025_Poseidon_Partners_AmexCharges.xlsx,Unassigned / Allocation Required,RESTORE.COM AUSTIN TX,199.0,Personal - Health,Suspense & Review,Unassigned / Allocation Required,Personal item (category marked personal),Personal expense paid from business account — propose Due From Owner / Owner Distribution pending substantiation.,40
2025-10-15,2025_Poseidon_Partners_AmexCharges.xlsx,Unassigned / Allocation Required,RESTORE.COM AUSTIN TX,199.0,Personal - Health,Suspense & Review,Unassigned / Allocation Required,Personal item (category marked personal),Personal expense paid from business account — propose Due From Owner / Owner Distribution pending substantiation.,40
2025-09-22,2025_Poseidon_Partners_AmexCharges.xlsx,Unassigned / Allocation Required,RESTORE.COM AUSTIN TX,199.0,Personal - Health,Suspense & Review,Unassigned / Allocation Required,Personal item (category marked personal),Personal expense paid from business account — propose Due From Owner / Owner Distribution pending substantiation.,40
2026-02-15,JanFeb_2026_Poseidon_Partners_Amex_Charges.xlsx,Poseidon Partners,RESTORE.COM AUSTIN TX,199.0,Personal - Health,Suspense & Review,Poseidon Partners,Personal item (category marked personal),Personal expense paid from business account — propose Due From Owner / Owner Distribution pending substantiation.,45
2026-01-15,JanFeb_2026_Poseidon_Partners_Amex_Charges.xlsx,Poseidon Partners,RESTORE.COM AUSTIN TX,199.0,Personal - Health,Suspense & Review,Poseidon Partners,Personal item (category marked personal),Personal expense paid from business account — propose Due From Owner / Owner Distribution pending substantiation.,45
2026-03-15,MarJune_2026_Poseidon_Partners_Amex_Charges.xlsx,Poseidon Partners,RESTORE.COM AUSTIN TX,199.0,Personal - Health,Suspense & Review,Poseidon Partners,Personal item (category marked personal),Personal expense paid from business account — propose Due From Owner / Owner Distribution pending substantiation.,45
2025-01-04,2025_Poseidon_Partners_AmexCharges.xlsx,Unassigned / Allocation Required,THE HANGAR Santa Monica CA,198.45,Personal - House,Suspense & Review,Unassigned / Allocation Required,Personal item (category marked personal),Personal expense paid from business account — propose Due From Owner / Owner Distribution pending substantiation.,40
2025-10-25,2025_Poseidon_Partners_AmexCharges.xlsx,Unassigned / Allocation Required,TDMC DICKIESARENA BOFORT WORTH TX,198.0,Personal - Entertainment,Suspense & Review,Unassigned / Allocation Required,Personal item (category marked personal),Personal expense paid from business account — propose Due From Owner / Owner Distribution pending substantiation.,40
2025-05-25,2025_Poseidon_Partners_AmexCharges.xlsx,Unassigned / Allocation Required,MAC MSY Kenner LA,197.55,New Orleans Family Trip,Travel,Unassigned / Allocation Required,Personal item (category marked family/household),Personal expense paid from business account — propose Due From Owner / Owner Distribution pending substantiation.,40
2025-05-28,2025_Poseidon_Partners_AmexCharges.xlsx,Unassigned / Allocation Required,AMAZON MARKETPLACE NAMZN.COM/BILL WA,-197.28,Amazon,Office,Unassigned / Allocation Required,Refund/credit/points,Credit / refund / points — contra to original expense; confirm matching original charge.,40
2025-05-28,2025_Poseidon_Partners_AmexCharges.xlsx,Unassigned / Allocation Required,AMAZON MARKEPLACE NA PA,197.28,Amazon,Office,Unassigned / Allocation Required,Entity unassigned,Entity could not be determined from source — allocate before consolidation.,40
2025-05-20,2025_Poseidon_Partners_AmexCharges.xlsx,Unassigned / Allocation Required,BLU JASMINE 0000 HUDSON OAKS TX,197.02,Personal - Food,Suspense & Review,Unassigned / Allocation Required,Personal item (category marked personal),Personal expense paid from business account — propose Due From Owner / Owner Distribution pending substantiation.,40
2025-09-30,2025_Poseidon_Partners_AmexCharges.xlsx,Unassigned / Allocation Required,FRAUD CREDIT,-196.31,FRAUD CREDIT,Suspense & Review,Unassigned / Allocation Required,Refund/credit/points,Credit / refund / points — contra to original expense; confirm matching original charge.,40
2025-12-29,2025_PlumCard_Dunnings.xlsx,DWG Capital Partners,BE LOVE RESTAURANT 0VICTORIA,195.87,Family Trip,Meals & Entertainment,DWG Capital Partners,Personal item (B/P flag = personal),Personal expense paid from business account — propose Due From Owner / Owner Distribution pending substantiation.,82
2026-03-22,MarJune_2026_Poseidon_Partners_Amex_Charges.xlsx,Poseidon Partners,LA CABANA - VENICE 5877-8144102 CA,195.26,Personal - Food,Suspense & Review,Poseidon Partners,Personal item (category marked personal),Personal expense paid from business account — propose Due From Owner / Owner Distribution pending substantiation.,45
2025-12-07,2025_Poseidon_Partners_AmexCharges.xlsx,Unassigned / Allocation Required,NNN.MARKET CLEARWATER FL,195.0,DWG Listing Platform,Data & Listing Platforms,Unassigned / Allocation Required,Entity unassigned,Entity could not be determined from source — allocate before consolidation.,40
2025-11-07,2025_Poseidon_Partners_AmexCharges.xlsx,Unassigned / Allocation Required,NNN.MARKET CLEARWATER FL,195.0,DWG Listing Platform,Data & Listing Platforms,Unassigned / Allocation Required,Entity unassigned,Entity could not be determined from source — allocate before consolidation.,40
2025-12-08,2025_Poseidon_Partners_AmexCharges.xlsx,Unassigned / Allocation Required,MASTERCLASS.COM/CHARSAN FRANCISCO CA,194.85,DWG Development,Suspense & Review,Unassigned / Allocation Required,Unmapped category,Unmapped — assign to Suspense & Review pending classification.,40
2025-09-30,2025_Poseidon_Partners_AmexCharges.xlsx,Unassigned / Allocation Required,FRAUD CREDIT,-194.84,FRAUD CREDIT,Suspense & Review,Unassigned / Allocation Required,Refund/credit/points,Credit / refund / points — contra to original expense; confirm matching original charge.,40
2025-07-13,2025_PlumCard_Dunnings.xlsx,DWG Capital Partners,TST* WILDSEED - UNIOSAN FRANCISCO,193.19,Personal - Food,Suspense & Review,DWG Capital Partners,Personal item (B/P flag = personal),Personal expense paid from business account — propose Due From Owner / Owner Distribution pending substantiation.,45
2025-09-30,2025_Poseidon_Partners_AmexCharges.xlsx,Unassigned / Allocation Required,FRAUD CREDIT,-192.65,FRAUD CREDIT,Suspense & Review,Unassigned / Allocation Required,Refund/credit/points,Credit / refund / points — contra to original expense; confirm matching original charge.,40
2025-02-11,2025_Poseidon_Partners_AmexCharges.xlsx,Unassigned / Allocation Required,PREMIER IV WEATHERFOWEATHERFORD TX,192.61,Personal - Health,Suspense & Review,Unassigned / Allocation Required,Personal item (category marked personal),Personal expense paid from business account — propose Due From Owner / Owner Distribution pending substantiation.,40
2025-09-12,2025_PlumCard_Dunnings.xlsx,DWG Capital Partners,RIDER SHACK,192.14,Personal - Clothing,Suspense & Review,DWG Capital Partners,Personal item (B/P flag = personal),Personal expense paid from business account — propose Due From Owner / Owner Distribution pending substantiation.,45
2026-03-21,Mar-May_2026_DWGCP_Amex_Charges.xlsx,DWG Capital Partners,SHINOLA/DETROIT,192.07,Personal,Suspense & Review,DWG Capital Partners,Personal item (B/P flag = personal),Personal expense paid from business account — propose Due From Owner / Owner Distribution pending substantiation.,45
2025-09-30,2025_Poseidon_Partners_AmexCharges.xlsx,Unassigned / Allocation Required,FRAUD CREDIT,-191.97,FRAUD CREDIT,Suspense & Review,Unassigned / Allocation Required,Refund/credit/points,Credit / refund / points — contra to original expense; confirm matching original charge.,40
2025-01-30,2025_Poseidon_Partners_AmexCharges.xlsx,Unassigned / Allocation Required,AMAZON MARKETPLACE NAMZN.COM/BILL WA,-191.43,Amazon,Office,Unassigned / Allocation Required,Refund/credit/points,Credit / refund / points — contra to original expense; confirm matching original charge.,40
2025-01-30,2025_Poseidon_Partners_AmexCharges.xlsx,Unassigned / Allocation Required,AMAZON MARKEPLACE NA PA,191.43,Amazon,Office,Unassigned / Allocation Required,Entity unassigned,Entity could not be determined from source — allocate before consolidation.,40
2025-07-09,2025_Poseidon_Partners_AmexCharges.xlsx,Unassigned / Allocation Required,EXPEDIA 731687770784EXPEDIA.COM WA,191.28,San Francisco Investor Meeting,Investor Relations,Unassigned / Allocation Required,Entity unassigned,Entity could not be determined from source — allocate before consolidation.,40
2025-08-23,2025_Poseidon_Partners_AmexCharges.xlsx,Unassigned / Allocation Required,PACOS TACOS 0755 LOS ANGELES CA,190.0,Personal - Food,Suspense & Review,Unassigned / Allocation Required,Personal item (category marked personal),Personal expense paid from business account — propose Due From Owner / Owner Distribution pending substantiation.,40
2026-05-01,MarJune_2026_Poseidon_Partners_Amex_Charges.xlsx,Poseidon Partners,PACOS TACOS LOS ANGELES CA,189.96,Personal - Food,Suspense & Review,Poseidon Partners,Personal item (category marked personal),Personal expense paid from business account — propose Due From Owner / Owner Distribution pending substantiation.,45
2026-03-22,MarJune_2026_Poseidon_Partners_Amex_Charges.xlsx,Poseidon Partners,TST* CAFE GRATITUDE VENICE CA,188.09,Personal - Food,Suspense & Review,Poseidon Partners,Personal item (category marked personal),Personal expense paid from business account — propose Due From Owner / Owner Distribution pending substantiation.,45
2025-01-10,2025_Poseidon_Partners_AmexCharges.xlsx,Unassigned / Allocation Required,AMAZON.COM AMZN.COM/BILL WA,187.83,Amazon,Office,Unassigned / Allocation Required,Entity unassigned,Entity could not be determined from source — allocate before consolidation.,40
2025-09-30,2025_Poseidon_Partners_AmexCharges.xlsx,Unassigned / Allocation Required,FRAUD CREDIT,-187.79,FRAUD CREDIT,Suspense & Review,Unassigned / Allocation Required,Refund/credit/points,Credit / refund / points — contra to original expense; confirm matching original charge.,40
2025-08-10,2025_Poseidon_Partners_AmexCharges.xlsx,Unassigned / Allocation Required,TST* BOMBAY DARBAR CCOCOUNT GROVE FL,187.2,Miami Investor Trip,Suspense & Review,Unassigned / Allocation Required,Unmapped category,Unmapped — assign to Suspense & Review pending classification.,40
2026-03-26,MarJune_2026_Poseidon_Partners_Amex_Charges.xlsx,Poseidon Partners,ON INC PORTLAND OR,186.58,Personal - Clothing,Suspense & Review,Poseidon Partners,Personal item (category marked personal),Personal expense paid from business account — propose Due From Owner / Owner Distribution pending substantiation.,45
2025-09-26,2025_Poseidon_Partners_AmexCharges.xlsx,Unassigned / Allocation Required,TST* TAVERNA AT THE LOS ANGELES CA,185.76,Personal - Food,Suspense & Review,Unassigned / Allocation Required,Personal item (category marked personal),Personal expense paid from business account — propose Due From Owner / Owner Distribution pending substantiation.,40
2026-05-25,MarJune_2026_Poseidon_Partners_Amex_Charges.xlsx,Poseidon Partners,BEREN MEZE GRILL HOUFORT WORTH TX,185.75,Personal - Food,Suspense & Review,Poseidon Partners,Personal item (category marked personal),Personal expense paid from business account — propose Due From Owner / Owner Distribution pending substantiation.,45
2025-03-17,2025_Poseidon_Partners_AmexCharges.xlsx,Unassigned / Allocation Required,SANDS CHIROPRACTIC Redondo Beach CA,185.0,Personal - Health,Suspense & Review,Unassigned / Allocation Required,Personal item (category marked personal),Personal expense paid from business account — propose Due From Owner / Owner Distribution pending substantiation.,40
2025-03-13,2025_Poseidon_Partners_AmexCharges.xlsx,Unassigned / Allocation Required,SANDS CHIROPRACTIC Los Angeles CA,185.0,Personal - Health,Suspense & Review,Unassigned / Allocation Required,Personal item (category marked personal),Personal expense paid from business account — propose Due From Owner / Owner Distribution pending substantiation.,40
2025-08-11,2025_Poseidon_Partners_AmexCharges.xlsx,Unassigned / Allocation Required,BOUCHER BROTHERS MANMiami Beach FL,184.58,Miami Investor Trip,Suspense & Review,Unassigned / Allocation Required,Unmapped category,Unmapped — assign to Suspense & Review pending classification.,40
2025-08-31,2025_Poseidon_Partners_AmexCharges.xlsx,Unassigned / Allocation Required,SPONSORCLOUD (SYNPROSALT LAKE CITY UT,184.16,Sponsor Cloud,Data & Listing Platforms,Unassigned / Allocation Required,Entity unassigned,Entity could not be determined from source — allocate before consolidation.,40
2025-05-08,2025_Poseidon_Partners_AmexCharges.xlsx,Unassigned / Allocation Required,AMAZON MARKETPLACE NAMZN.COM/BILL WA,-184.01,Amazon,Office,Unassigned / Allocation Required,Refund/credit/points,Credit / refund / points — contra to original expense; confirm matching original charge.,40
2025-05-08,2025_Poseidon_Partners_AmexCharges.xlsx,Unassigned / Allocation Required,AMAZON MARKEPLACE NA PA,184.01,Amazon,Office,Unassigned / Allocation Required,Entity unassigned,Entity could not be determined from source — allocate before consolidation.,40
2026-02-11,JanFeb_2026_Poseidon_Partners_Amex_Charges.xlsx,Poseidon Partners,PACOS TACOS LOS ANGELES CA,183.0,Personal - Food,Suspense & Review,Poseidon Partners,Personal item (category marked personal),Personal expense paid from business account — propose Due From Owner / Owner Distribution pending substantiation.,45
2025-06-08,2025_Poseidon_Partners_AmexCharges.xlsx,Unassigned / Allocation Required,TST* CAFE GRATITUDE VENICE CA,182.58,Personal - Food,Suspense & Review,Unassigned / Allocation Required,Personal item (category marked personal),Personal expense paid from business account — propose Due From Owner / Owner Distribution pending substantiation.,40
2026-01-31,JanFeb_2026_Poseidon_Partners_Amex_Charges.xlsx,Poseidon Partners,GRAPEVINE ANTIQUE MAGRAPEVINE TX,181.96,Personal - Family,General & Administrative,Poseidon Partners,Personal item (category marked personal),Personal expense paid from business account — propose Due From Owner / Owner Distribution pending substantiation.,55
2025-07-06,2025_Poseidon_Partners_AmexCharges.xlsx,Unassigned / Allocation Required,AMAZON MARKETPLACE NAMZN.COM/BILL WA,-181.41,Amazon,Office,Unassigned / Allocation Required,Refund/credit/points,Credit / refund / points — contra to original expense; confirm matching original charge.,40
2025-07-06,2025_Poseidon_Partners_AmexCharges.xlsx,Unassigned / Allocation Required,AMAZON MARKEPLACE NA PA,181.41,Amazon,Office,Unassigned / Allocation Required,Entity unassigned,Entity could not be determined from source — allocate before consolidation.,40
2025-05-27,2025_Poseidon_Partners_AmexCharges.xlsx,Unassigned / Allocation Required,MALAI KITCHEN FORT FORT WORTH TX,180.47,Personal - Food,Suspense & Review,Unassigned / Allocation Required,Personal item (category marked personal),Personal expense paid from business account — propose Due From Owner / Owner Distribution pending substantiation.,40
2025-09-29,2025_Poseidon_Partners_AmexCharges.xlsx,Unassigned / Allocation Required,LUGG HOLD #OEKQFH SAN FRANCISCO CA,180.29,Personal - House,Suspense & Review,Unassigned / Allocation Required,Personal item (category marked personal),Personal expense paid from business account — propose Due From Owner / Owner Distribution pending substantiation.,40
2025-12-31,2025_Poseidon_Partners_AmexCharges.xlsx,Unassigned / Allocation Required,SPONSORCLOUD (SYNPROSALT LAKE CITY UT,180.14,Sponsor Cloud,Data & Listing Platforms,Unassigned / Allocation Required,Entity unassigned,Entity could not be determined from source — allocate before consolidation.,40
2025-11-30,2025_Poseidon_Partners_AmexCharges.xlsx,Unassigned / Allocation Required,SPONSORCLOUD (SYNPROSALT LAKE CITY UT,180.14,Sponsor Cloud,Data & Listing Platforms,Unassigned / Allocation Required,Entity unassigned,Entity could not be determined from source — allocate before consolidation.,40
2025-06-29,2025_Poseidon_Partners_AmexCharges.xlsx,Unassigned / Allocation Required,TST* QUIXOTE 0012789SAN DIEGO CA,180.1,San Diego - Judd/Angela Trip,Suspense & Review,Unassigned / Allocation Required,Unmapped category,Unmapped — assign to Suspense & Review pending classification.,40
2025-10-29,2025_Poseidon_Partners_AmexCharges.xlsx,Unassigned / Allocation Required,GAMMA.APP SAN FRANCISCO CA,180.0,DWG Marketing,Marketing,Unassigned / Allocation Required,Entity unassigned,Entity could not be determined from source — allocate before consolidation.,40
2025-10-19,2025_Poseidon_Partners_AmexCharges.xlsx,Unassigned / Allocation Required,WEATHERFORD MASSAGE WEATHERFORD TX,180.0,Personal - Health,Suspense & Review,Unassigned / Allocation Required,Personal item (category marked personal),Personal expense paid from business account — propose Due From Owner / Owner Distribution pending substantiation.,40
2025-10-09,2025_Poseidon_Partners_AmexCharges.xlsx,Unassigned / Allocation Required,HYDRATEIVBAR.COM DENVER CO,180.0,Denver Trip,Suspense & Review,Unassigned / Allocation Required,Unmapped category,Unmapped — assign to Suspense & Review pending classification.,40
2025-04-16,2025_Poseidon_Partners_AmexCharges.xlsx,Unassigned / Allocation Required,DNH*GODADDY#37107736Tempe AZ,180.0,Go Daddy,Suspense & Review,Unassigned / Allocation Required,Unmapped category,Unmapped — assign to Suspense & Review pending classification.,40
2025-04-03,2025_PlumCard_Dunnings.xlsx,DWG Capital Partners,VIATOR,179.9,Judd/Angela Italy Trip,Suspense & Review,DWG Capital Partners,Personal item (B/P flag = personal),Personal expense paid from business account — propose Due From Owner / Owner Distribution pending substantiation.,45
2026-02-05,JanFeb_2026_Poseidon_Partners_Amex_Charges.xlsx,Poseidon Partners,VENETO TRATTORIA 000SCOTTSDALE AZ,179.66,Personal - Food,Suspense & Review,Poseidon Partners,Personal item (category marked personal),Personal expense paid from business account — propose Due From Owner / Owner Distribution pending substantiation.,45
2025-05-04,2025_Poseidon_Partners_AmexCharges.xlsx,Unassigned / Allocation Required,TST* BLUEYS KITCHEN LOS ANGELES CA,179.56,Personal - Food,Suspense & Review,Unassigned / Allocation Required,Personal item (category marked personal),Personal expense paid from business account — propose Due From Owner / Owner Distribution pending substantiation.,40
2025-03-30,2025_Poseidon_Partners_AmexCharges.xlsx,Unassigned / Allocation Required,ITA AIRWAYS FIUMICINO IT,179.52,Italy Trip (Judd/Angela),Suspense & Review,Unassigned / Allocation Required,Unmapped category; Same-file repeat — verify not double-entered (SFR-0046),Unmapped — assign to Suspense & Review pending classification.,40
2025-03-30,2025_Poseidon_Partners_AmexCharges.xlsx,Unassigned / Allocation Required,ITA AIRWAYS FIUMICINO IT,179.52,Italy Trip (Judd/Angela),Suspense & Review,Unassigned / Allocation Required,Unmapped category; Same-file repeat — verify not double-entered (SFR-0046),Unmapped — assign to Suspense & Review pending classification.,40
2025-03-30,2025_Poseidon_Partners_AmexCharges.xlsx,Unassigned / Allocation Required,ITA AIRWAYS FIUMICINO IT,179.52,Italy Trip (Judd/Angela),Suspense & Review,Unassigned / Allocation Required,Unmapped category; Same-file repeat — verify not double-entered (SFR-0046),Unmapped — assign to Suspense & Review pending classification.,40
2025-03-30,2025_Poseidon_Partners_AmexCharges.xlsx,Unassigned / Allocation Required,ITA AIRWAYS FIUMICINO IT,179.52,Italy Trip (Judd/Angela),Suspense & Review,Unassigned / Allocation Required,Unmapped category; Same-file repeat — verify not double-entered (SFR-0046),Unmapped — assign to Suspense & Review pending classification.,40
2025-10-31,2025_Poseidon_Partners_AmexCharges.xlsx,Unassigned / Allocation Required,SPONSORCLOUD (SYNPROSALT LAKE CITY UT,179.16,Sponsor Cloud,Data & Listing Platforms,Unassigned / Allocation Required,Entity unassigned,Entity could not be determined from source — allocate before consolidation.,40
2025-07-03,2025_Poseidon_Partners_AmexCharges.xlsx,Unassigned / Allocation Required,RESTORE.COM AUSTIN TX,179.0,Personal - Health,Suspense & Review,Unassigned / Allocation Required,Personal item (category marked personal),Personal expense paid from business account — propose Due From Owner / Owner Distribution pending substantiation.,40
2026-04-11,MarJune_2026_Poseidon_Partners_Amex_Charges.xlsx,Poseidon Partners,CRUZ DE ELVIRA 36308GRANADA ES,178.26,Judd & Angela - Portugal,Suspense & Review,Poseidon Partners,Unmapped category,Unmapped — assign to Suspense & Review pending classification.,45
2025-09-30,2025_Poseidon_Partners_AmexCharges.xlsx,Unassigned / Allocation Required,FRAUD CREDIT,-177.54,FRAUD CREDIT,Suspense & Review,Unassigned / Allocation Required,Refund/credit/points,Credit / refund / points — contra to original expense; confirm matching original charge.,40
2026-05-09,Mar-June_2026_DWGRE_Amex_Charges.xlsx,DWG Capital Group,FORT WORTH FLORIST FORT WORTH TX,177.31,Personal,Suspense & Review,DWG Capital Group,Personal item (B/P flag = personal),Personal expense paid from business account — propose Due From Owner / Owner Distribution pending substantiation.,45
2026-01-02,JanJune_2026_Plum_Card_Amex_Charges.xlsx,DWG Capital Partners,Early Pay Discount,-176.96,Early Pay Discount,Suspense & Review,DWG Capital Partners,Refund/credit/points,Credit / refund / points — contra to original expense; confirm matching original charge.,45
2026-05-11,MarJune_2026_Poseidon_Partners_Amex_Charges.xlsx,Poseidon Partners,SIXT PORTUGAL RAC_30PAREDES PR,176.82,Judd & Angela - Portugal,Suspense & Review,Poseidon Partners,Unmapped category,Unmapped — assign to Suspense & Review pending classification.,45
2025-09-25,2025_Poseidon_Partners_AmexCharges.xlsx,Unassigned / Allocation Required,PAYPAL *WALKER EDIS 8014333008 UT,176.7,Personal - House,Suspense & Review,Unassigned / Allocation Required,Personal item (category marked personal),Personal expense paid from business account — propose Due From Owner / Owner Distribution pending substantiation.,40
2025-02-02,2025_Poseidon_Partners_AmexCharges.xlsx,Unassigned / Allocation Required,KAIF FUSION INC LOS ANGELES CA,176.63,Personal - Clothing,Suspense & Review,Unassigned / Allocation Required,Personal item (category marked personal),Personal expense paid from business account — propose Due From Owner / Owner Distribution pending substantiation.,40
2025-03-31,2025_Poseidon_Partners_AmexCharges.xlsx,Unassigned / Allocation Required,TST* CAFE GRATITUDE VENICE CA,175.8,Personal - Food,Suspense & Review,Unassigned / Allocation Required,Personal item (category marked personal),Personal expense paid from business account — propose Due From Owner / Owner Distribution pending substantiation.,40
2025-05-04,2025_Poseidon_Partners_AmexCharges.xlsx,Unassigned / Allocation Required,ON INC PORTLAND OR,175.6,Personal - Clothing,Suspense & Review,Unassigned / Allocation Required,Personal item (category marked personal),Personal expense paid from business account — propose Due From Owner / Owner Distribution pending substantiation.,40
2025-03-17,2025_Poseidon_Partners_AmexCharges.xlsx,Unassigned / Allocation Required,ON INC PORTLAND OR,175.2,Personal - Clothing,Suspense & Review,Unassigned / Allocation Required,Personal item (category marked personal),Personal expense paid from business account — propose Due From Owner / Owner Distribution pending substantiation.,40
2025-10-10,2025_Poseidon_Partners_AmexCharges.xlsx,Unassigned / Allocation Required,DNH*GODADDY#39192267Tempe AZ,174.76,Go Daddy,Suspense & Review,Unassigned / Allocation Required,Unmapped category,Unmapped — assign to Suspense & Review pending classification.,40
2025-07-14,2025_Poseidon_Partners_AmexCharges.xlsx,Unassigned / Allocation Required,AMAZON MARKETPLACE NAMZN.COM/BILL WA,-174.1,Amazon,Office,Unassigned / Allocation Required,Refund/credit/points,Credit / refund / points — contra to original expense; confirm matching original charge.,40
2026-03-01,MarJune_2026_Poseidon_Partners_Amex_Charges.xlsx,Poseidon Partners,GEFFEN PLAYHOUSE INCLOS ANGELES CA,174.0,Personal - Entertainment,Suspense & Review,Poseidon Partners,Personal item (category marked personal),Personal expense paid from business account — propose Due From Owner / Owner Distribution pending substantiation.,45
2026-02-01,JanFeb_2026_Poseidon_Partners_Amex_Charges.xlsx,Poseidon Partners,"ARHAUS, LLC BOSTON HEIGHTS OH",173.2,Personal - Family,General & Administrative,Poseidon Partners,Personal item (category marked personal),Personal expense paid from business account — propose Due From Owner / Owner Distribution pending substantiation.,55
2026-02-20,JanFeb_2026_Poseidon_Partners_Amex_Charges.xlsx,Poseidon Partners,PACOS TACOS LOS ANGELES CA,172.68,Personal - Food,Suspense & Review,Poseidon Partners,Personal item (category marked personal),Personal expense paid from business account — propose Due From Owner / Owner Distribution pending substantiation.,45
2026-03-19,Mar-May_2026_DWGCP_Amex_Charges.xlsx,DWG Capital Partners,TST* GREAT WHITE - VENICE,172.6,Team Lunch,Meals & Entertainment,DWG Capital Partners,Personal item (B/P flag = personal),Personal expense paid from business account — propose Due From Owner / Owner Distribution pending substantiation.,82
2026-05-05,Mar-May_2026_DWGCP_Amex_Charges.xlsx,DWG Capital Partners,MERCEDES BAR & GRILLE,172.58,Team Lunch,Meals & Entertainment,DWG Capital Partners,Personal item (B/P flag = personal),Personal expense paid from business account — propose Due From Owner / Owner Distribution pending substantiation.,82
2025-09-30,2025_Poseidon_Partners_AmexCharges.xlsx,Unassigned / Allocation Required,FRAUD CREDIT,-172.17,FRAUD CREDIT,Suspense & Review,Unassigned / Allocation Required,Refund/credit/points,Credit / refund / points — contra to original expense; confirm matching original charge.,40
2026-01-28,JanFeb_2026_Poseidon_Partners_Amex_Charges.xlsx,Poseidon Partners,Southwest Airlines DALLAS TX,-172.0,Team Travel,Travel,Poseidon Partners,Refund/credit/points,Credit / refund / points — contra to original expense; confirm matching original charge.,84
2025-04-18,2025_PlumCard_Dunnings.xlsx,DWG Capital Partners,ZANNETTI RICCARDO SRROMA,171.02,Judd/Angela Italy Trip,Auto,DWG Capital Partners,Personal item (B/P flag = personal),Personal expense paid from business account — propose Due From Owner / Owner Distribution pending substantiation.,76
2025-11-28,2025_Poseidon_Partners_AmexCharges.xlsx,Unassigned / Allocation Required,YOLANDAS OXNARD 7183OXNARD CA,170.93,Personal - Food,Suspense & Review,Unassigned / Allocation Required,Personal item (category marked personal),Personal expense paid from business account — propose Due From Owner / Owner Distribution pending substantiation.,40
2025-05-31,2025_Poseidon_Partners_AmexCharges.xlsx,Unassigned / Allocation Required,SPONSORCLOUD (SYNPROSALT LAKE CITY UT,169.95,Sponsor Cloud,Data & Listing Platforms,Unassigned / Allocation Required,Entity unassigned,Entity could not be determined from source — allocate before consolidation.,40
2025-04-18,2025_PlumCard_Dunnings.xlsx,DWG Capital Partners,ITA AIRWAYS,169.87,Judd/Angela Italy Trip,Suspense & Review,DWG Capital Partners,Personal item (B/P flag = personal); Same-file repeat — verify not double-entered (SFR-0003),Personal expense paid from business account — propose Due From Owner / Owner Distribution pending substantiation.,45
2025-04-18,2025_PlumCard_Dunnings.xlsx,DWG Capital Partners,ITA AIRWAYS,169.87,Judd/Angela Italy Trip,Suspense & Review,DWG Capital Partners,Personal item (B/P flag = personal); Same-file repeat — verify not double-entered (SFR-0003),Personal expense paid from business account — propose Due From Owner / Owner Distribution pending substantiation.,45
2026-01-04,JanFeb_2026_Poseidon_Partners_Amex_Charges.xlsx,Poseidon Partners,"MARINE LAYER, INC. SAN FRANCISCO CA",169.57,Personal - Clothing,Suspense & Review,Poseidon Partners,Personal item (category marked personal),Personal expense paid from business account — propose Due From Owner / Owner Distribution pending substantiation.,45
2025-05-01,2025_Poseidon_Partners_AmexCharges.xlsx,Unassigned / Allocation Required,ABC*ICONFIT LOS ANGELES CA,169.52,Personal - Health,Suspense & Review,Unassigned / Allocation Required,Personal item (category marked personal),Personal expense paid from business account — propose Due From Owner / Owner Distribution pending substantiation.,40
2025-12-06,2025_Poseidon_Partners_AmexCharges.xlsx,Unassigned / Allocation Required,PACOS TACOS LOS ANGELES CA,169.38,Personal - Food,Suspense & Review,Unassigned / Allocation Required,Personal item (category marked personal),Personal expense paid from business account — propose Due From Owner / Owner Distribution pending substantiation.,40
2026-03-24,MarJune_2026_Poseidon_Partners_Amex_Charges.xlsx,Poseidon Partners,PACOS TACOS LOS ANGELES CA,169.07,Personal - Food,Suspense & Review,Poseidon Partners,Personal item (category marked personal),Personal expense paid from business account — propose Due From Owner / Owner Distribution pending substantiation.,45
2025-06-30,2025_Poseidon_Partners_AmexCharges.xlsx,Unassigned / Allocation Required,SPONSORCLOUD (SYNPROSALT LAKE CITY UT,168.97,Sponsor Cloud,Data & Listing Platforms,Unassigned / Allocation Required,Entity unassigned,Entity could not be determined from source — allocate before consolidation.,40
2026-01-26,JanFeb_2026_Poseidon_Partners_Amex_Charges.xlsx,Poseidon Partners,AMERICAN AIRLINES 800-433-7300 TX,-168.4,Team Travel,Travel,Poseidon Partners,Refund/credit/points,Credit / refund / points — contra to original expense; confirm matching original charge.,84
2025-03-19,2025_Poseidon_Partners_AmexCharges.xlsx,Unassigned / Allocation Required,BM DE PALMAR PUNTARENAS PU,168.39,Costa Rica Trip,Suspense & Review,Unassigned / Allocation Required,Unmapped category,Unmapped — assign to Suspense & Review pending classification.,40
2025-09-05,2025_Poseidon_Partners_AmexCharges.xlsx,Unassigned / Allocation Required,HOLIDAY INN EXPRESS ALAJUELA AL,168.37,Costa Rica Trip,Suspense & Review,Unassigned / Allocation Required,Unmapped category,Unmapped — assign to Suspense & Review pending classification.,40
2025-05-23,2025_Poseidon_Partners_AmexCharges.xlsx,Unassigned / Allocation Required,VOODOO AUTHENTICA INNEW ORLEANS LA,167.58,New Orleans Family Trip,Travel,Unassigned / Allocation Required,Personal item (category marked family/household),Personal expense paid from business account — propose Due From Owner / Owner Distribution pending substantiation.,40
2026-02-11,JanFeb_2026_Poseidon_Partners_Amex_Charges.xlsx,Poseidon Partners,IN *FINGERPRINT PROMSANTA MONICA CA,167.58,DWGCP Swag,Suspense & Review,Poseidon Partners,Unmapped category,Unmapped — assign to Suspense & Review pending classification.,45
2026-01-01,JanJune_2026_Plum_Card_Amex_Charges.xlsx,DWG Capital Partners,Ticketmaster (PayPal),167.5,Personal - Entertainment,Suspense & Review,DWG Capital Partners,Personal item (B/P flag = personal),Personal expense paid from business account — propose Due From Owner / Owner Distribution pending substantiation.,45
2025-05-30,2025_Poseidon_Partners_AmexCharges.xlsx,Unassigned / Allocation Required,TST* TAVERNA AT THE LOS ANGELES CA,167.0,Personal - Food,Suspense & Review,Unassigned / Allocation Required,Personal item (category marked personal),Personal expense paid from business account — propose Due From Owner / Owner Distribution pending substantiation.,40
2025-03-21,2025_Poseidon_Partners_AmexCharges.xlsx,Unassigned / Allocation Required,ITA AIRWAYS ITA AIRWUNITED STATES,167.0,Italy Trip (Judd/Angela),Travel,Unassigned / Allocation Required,Entity unassigned; Same-file repeat — verify not double-entered (SFR-0047),Entity could not be determined from source — allocate before consolidation.,40
2025-03-21,2025_Poseidon_Partners_AmexCharges.xlsx,Unassigned / Allocation Required,ITA AIRWAYS ITA AIRWUNITED STATES,167.0,Italy Trip (Judd/Angela),Travel,Unassigned / Allocation Required,Entity unassigned; Same-file repeat — verify not double-entered (SFR-0047),Entity could not be determined from source — allocate before consolidation.,40
2025-03-21,2025_Poseidon_Partners_AmexCharges.xlsx,Unassigned / Allocation Required,ITA AIRWAYS ITA AIRWUNITED STATES,167.0,Italy Trip (Judd/Angela),Travel,Unassigned / Allocation Required,Entity unassigned; Same-file repeat — verify not double-entered (SFR-0047),Entity could not be determined from source — allocate before consolidation.,40
2025-03-21,2025_Poseidon_Partners_AmexCharges.xlsx,Unassigned / Allocation Required,ITA AIRWAYS ITA AIRWUNITED STATES,167.0,Italy Trip (Judd/Angela),Travel,Unassigned / Allocation Required,Entity unassigned; Same-file repeat — verify not double-entered (SFR-0047),Entity could not be determined from source — allocate before consolidation.,40
2026-03-04,MarJune_2026_Poseidon_Partners_Amex_Charges.xlsx,Poseidon Partners,PIPEDRIVE INC NEW YORK NY,166.53,DWG Business Development,Suspense & Review,Poseidon Partners,Unmapped category,Unmapped — assign to Suspense & Review pending classification.,45
2025-03-09,2025_Poseidon_Partners_AmexCharges.xlsx,Unassigned / Allocation Required,MOZAMBIQUE RESTAURANFOUNTAIN VLY CA,166.27,Personal - Food,Suspense & Review,Unassigned / Allocation Required,Personal item (category marked personal),Personal expense paid from business account — propose Due From Owner / Owner Distribution pending substantiation.,40
2025-01-31,2025_Poseidon_Partners_AmexCharges.xlsx,Unassigned / Allocation Required,KINDLE SVCS*ZC1UV10K888-802-3080 WA,166.03,Personal - Entertainment,Suspense & Review,Unassigned / Allocation Required,Personal item (category marked personal),Personal expense paid from business account — propose Due From Owner / Owner Distribution pending substantiation.,40
2025-08-08,2025_Poseidon_Partners_AmexCharges.xlsx,Unassigned / Allocation Required,TST* LITTLE FATTY 00LOS ANGELES CA,165.89,Personal - Food,Suspense & Review,Unassigned / Allocation Required,Personal item (category marked personal),Personal expense paid from business account — propose Due From Owner / Owner Distribution pending substantiation.,40
2025-07-06,2025_Poseidon_Partners_AmexCharges.xlsx,Unassigned / Allocation Required,AMAZON.COM AMZN.COM/BILL WA,165.62,Amazon,Office,Unassigned / Allocation Required,Entity unassigned,Entity could not be determined from source — allocate before consolidation.,40
2025-09-30,2025_Poseidon_Partners_AmexCharges.xlsx,Unassigned / Allocation Required,FRAUD CREDIT,-165.22,FRAUD CREDIT,Suspense & Review,Unassigned / Allocation Required,Refund/credit/points,Credit / refund / points — contra to original expense; confirm matching original charge.,40
2025-09-28,2025_Poseidon_Partners_AmexCharges.xlsx,Unassigned / Allocation Required,PAYA THAI LA LLC LOS ANGELES CA,165.0,Personal - Health,Suspense & Review,Unassigned / Allocation Required,Personal item (category marked personal),Personal expense paid from business account — propose Due From Owner / Owner Distribution pending substantiation.,40
2025-07-31,2025_Poseidon_Partners_AmexCharges.xlsx,Unassigned / Allocation Required,SPONSORCLOUD (SYNPROSALT LAKE CITY UT,164.95,Sponsor Cloud,Data & Listing Platforms,Unassigned / Allocation Required,Entity unassigned,Entity could not be determined from source — allocate before consolidation.,40
2026-01-04,JanFeb_2026_Poseidon_Partners_Amex_Charges.xlsx,Poseidon Partners,EVERLANE* R227161775SAN FRANCISCO CA,164.66,Personal - Clothing,Suspense & Review,Poseidon Partners,Personal item (category marked personal),Personal expense paid from business account — propose Due From Owner / Owner Distribution pending substantiation.,45
2026-01-14,JanFeb_2026_Poseidon_Partners_Amex_Charges.xlsx,Poseidon Partners,QUIADAIYN RESTAURANTLos Angeles CA,164.52,Personal - Food,Meals & Entertainment,Poseidon Partners,Personal item (category marked personal),Personal expense paid from business account — propose Due From Owner / Owner Distribution pending substantiation.,82
2025-07-12,2025_PlumCard_Dunnings.xlsx,DWG Capital Partners,TST* GREENS 30056944SAN FRANCISCO,164.2,Personal - Food,Suspense & Review,DWG Capital Partners,Personal item (B/P flag = personal),Personal expense paid from business account — propose Due From Owner / Owner Distribution pending substantiation.,45
2025-06-21,2025_Poseidon_Partners_AmexCharges.xlsx,Unassigned / Allocation Required,AMAZON MARKETPLACE NAMZN.COM/BILL WA,-163.34,Amazon,Office,Unassigned / Allocation Required,Refund/credit/points,Credit / refund / points — contra to original expense; confirm matching original charge.,40
2025-06-21,2025_Poseidon_Partners_AmexCharges.xlsx,Unassigned / Allocation Required,AMAZON MARKEPLACE NA PA,163.34,Amazon,Office,Unassigned / Allocation Required,Entity unassigned,Entity could not be determined from source — allocate before consolidation.,40
2025-12-07,2025_Poseidon_Partners_AmexCharges.xlsx,Unassigned / Allocation Required,TST* CAFE GRATITUDE VENICE CA,162.8,Personal - Food,Suspense & Review,Unassigned / Allocation Required,Personal item (category marked personal),Personal expense paid from business account — propose Due From Owner / Owner Distribution pending substantiation.,40
2025-05-04,2025_Poseidon_Partners_AmexCharges.xlsx,Unassigned / Allocation Required,AMAZON.COM AMZN.COM/BILL WA,162.36,Amazon,Office,Unassigned / Allocation Required,Entity unassigned,Entity could not be determined from source — allocate before consolidation.,40
2025-06-21,2025_Poseidon_Partners_AmexCharges.xlsx,Unassigned / Allocation Required,AMAZON.COM AMZN.COM/BILL WA,162.33,Amazon,Office,Unassigned / Allocation Required,Entity unassigned,Entity could not be determined from source — allocate before consolidation.,40
2025-03-16,2025_Poseidon_Partners_AmexCharges.xlsx,Unassigned / Allocation Required,EVERLANE* R087774467SAN FRANCISCO CA,162.02,Personal - Clothing,Suspense & Review,Unassigned / Allocation Required,Personal item (category marked personal),Personal expense paid from business account — propose Due From Owner / Owner Distribution pending substantiation.,40
2025-09-09,2025_Poseidon_Partners_AmexCharges.xlsx,Unassigned / Allocation Required,THE UPS STORE 4398 LOS ANGELES CA,161.79,DWG Swag,Suspense & Review,Unassigned / Allocation Required,Unmapped category,Unmapped — assign to Suspense & Review pending classification.,40
2025-04-16,2025_PlumCard_Dunnings.xlsx,DWG Capital Partners,CALAJANARA RESTAURANCONCA DEI MARINI,161.78,Judd/Angela Italy Trip,Suspense & Review,DWG Capital Partners,Personal item (B/P flag = personal),Personal expense paid from business account — propose Due From Owner / Owner Distribution pending substantiation.,45
2025-04-08,2025_Poseidon_Partners_AmexCharges.xlsx,Unassigned / Allocation Required,BAR MANGANELLI SIENA,161.76,Italy Trip (Judd/Angela),Suspense & Review,Unassigned / Allocation Required,Unmapped category,Unmapped — assign to Suspense & Review pending classification.,40
2025-09-13,2025_PlumCard_Dunnings.xlsx,DWG Capital Partners,PAYA THAI LA LLC. BLLOS ANGELES,161.0,Personal - Food,Suspense & Review,DWG Capital Partners,Personal item (B/P flag = personal),Personal expense paid from business account — propose Due From Owner / Owner Distribution pending substantiation.,45
2025-01-22,2025_Poseidon_Partners_AmexCharges.xlsx,Unassigned / Allocation Required,AMAZON MARKETPLACE NAMZN.COM/BILL WA,-160.9,Amazon,Office,Unassigned / Allocation Required,Refund/credit/points,Credit / refund / points — contra to original expense; confirm matching original charge.,40
2025-01-22,2025_Poseidon_Partners_AmexCharges.xlsx,Unassigned / Allocation Required,AMAZON MARKEPLACE NA PA,160.9,Amazon,Office,Unassigned / Allocation Required,Entity unassigned,Entity could not be determined from source — allocate before consolidation.,40
2025-05-30,2025_Poseidon_Partners_AmexCharges.xlsx,Unassigned / Allocation Required,VENICE SMOKES 580400LOS ANGELES CA,160.5,Personal - Entertainment,Suspense & Review,Unassigned / Allocation Required,Personal item (category marked personal),Personal expense paid from business account — propose Due From Owner / Owner Distribution pending substantiation.,40
2025-09-30,2025_Poseidon_Partners_AmexCharges.xlsx,Unassigned / Allocation Required,FRAUD CREDIT,-160.37,FRAUD CREDIT,Suspense & Review,Unassigned / Allocation Required,Refund/credit/points,Credit / refund / points — contra to original expense; confirm matching original charge.,40
2025-09-30,2025_Poseidon_Partners_AmexCharges.xlsx,Unassigned / Allocation Required,FRAUD CREDIT,-160.14,FRAUD CREDIT,Suspense & Review,Unassigned / Allocation Required,Refund/credit/points,Credit / refund / points — contra to original expense; confirm matching original charge.,40
2025-11-09,2025_Poseidon_Partners_AmexCharges.xlsx,Unassigned / Allocation Required,PAYA THAI LA LLC LOS ANGELES CA,160.0,Personal - Health,Suspense & Review,Unassigned / Allocation Required,Personal item (category marked personal),Personal expense paid from business account — propose Due From Owner / Owner Distribution pending substantiation.,40
2025-06-07,2025_Poseidon_Partners_AmexCharges.xlsx,Unassigned / Allocation Required,PAYA THAI LA LLC. BLLOS ANGELES CA,160.0,Personal - Health,Suspense & Review,Unassigned / Allocation Required,Personal item (category marked personal),Personal expense paid from business account — propose Due From Owner / Owner Distribution pending substantiation.,40
2026-01-24,JanFeb_2026_Poseidon_Partners_Amex_Charges.xlsx,Poseidon Partners,BLUE LOTUS MASSAGE Los Angeles CA,160.0,Personal - Health,Suspense & Review,Poseidon Partners,Personal item (category marked personal),Personal expense paid from business account — propose Due From Owner / Owner Distribution pending substantiation.,45
2026-01-09,JanFeb_2026_Poseidon_Partners_Amex_Charges.xlsx,Poseidon Partners,PACOS TACOS LOS ANGELES CA,159.51,Personal - Food,Suspense & Review,Poseidon Partners,Personal item (category marked personal),Personal expense paid from business account — propose Due From Owner / Owner Distribution pending substantiation.,45
2025-03-08,2025_Poseidon_Partners_AmexCharges.xlsx,Unassigned / Allocation Required,TST* DOOMIES HOME COLOS ANGELES CA,159.11,Personal - Food,Suspense & Review,Unassigned / Allocation Required,Personal item (category marked personal),Personal expense paid from business account — propose Due From Owner / Owner Distribution pending substantiation.,40
2025-10-31,2025_Poseidon_Partners_AmexCharges.xlsx,Unassigned / Allocation Required,PROPERTYBLAST.COM 800-418-4452 FL,159.0,DWG Marketing,Marketing,Unassigned / Allocation Required,Entity unassigned,Entity could not be determined from source — allocate before consolidation.,40
2025-04-24,2025_Poseidon_Partners_AmexCharges.xlsx,Unassigned / Allocation Required,PROPERTYBLAST.COM 800-418-4452 FL,159.0,DWG Marketing,Marketing,Unassigned / Allocation Required,Entity unassigned,Entity could not be determined from source — allocate before consolidation.,40
2025-02-18,2025_Poseidon_Partners_AmexCharges.xlsx,Unassigned / Allocation Required,PROPERTYBLAST.COM 800-418-4452 FL,159.0,DWG Marketing,Marketing,Unassigned / Allocation Required,Entity unassigned,Entity could not be determined from source — allocate before consolidation.,40
2025-03-03,2025_PlumCard_Dunnings.xlsx,DWG Capital Partners,EARLY PAY DISCOUNT,-158.42,Early Pay Discount,Suspense & Review,DWG Capital Partners,Refund/credit/points,Credit / refund / points — contra to original expense; confirm matching original charge.,45
2025-07-06,2025_Poseidon_Partners_AmexCharges.xlsx,Unassigned / Allocation Required,AMAZON MARKETPLACE NAMZN.COM/BILL WA,-158.32,Amazon,Office,Unassigned / Allocation Required,Refund/credit/points,Credit / refund / points — contra to original expense; confirm matching original charge.,40
2025-07-06,2025_Poseidon_Partners_AmexCharges.xlsx,Unassigned / Allocation Required,AMAZON MARKEPLACE NA PA,158.32,Amazon,Office,Unassigned / Allocation Required,Entity unassigned,Entity could not be determined from source — allocate before consolidation.,40
2025-09-30,2025_Poseidon_Partners_AmexCharges.xlsx,Unassigned / Allocation Required,FRAUD CREDIT,-157.8,FRAUD CREDIT,Suspense & Review,Unassigned / Allocation Required,Refund/credit/points,Credit / refund / points — contra to original expense; confirm matching original charge.,40
2025-11-06,2025_Poseidon_Partners_AmexCharges.xlsx,Unassigned / Allocation Required,CASABLANCA RESTAURANVENICE CA,156.16,Personal - Food,Suspense & Review,Unassigned / Allocation Required,Personal item (category marked personal),Personal expense paid from business account — propose Due From Owner / Owner Distribution pending substantiation.,40
2025-08-10,2025_PlumCard_Dunnings.xlsx,DWG Capital Partners,PAYA THAI LA LLC. BLLOS ANGELES,155.0,Personal - Food,Suspense & Review,DWG Capital Partners,Personal item (B/P flag = personal),Personal expense paid from business account — propose Due From Owner / Owner Distribution pending substantiation.,45
2025-08-23,2025_Poseidon_Partners_AmexCharges.xlsx,Unassigned / Allocation Required,PAYA THAI LA LLC. BLLOS ANGELES CA,155.0,Personal - Health,Suspense & Review,Unassigned / Allocation Required,Personal item (category marked personal),Personal expense paid from business account — propose Due From Owner / Owner Distribution pending substantiation.,40
2026-05-21,MarJune_2026_Poseidon_Partners_Amex_Charges.xlsx,Poseidon Partners,BLUE LOTUS MASSAGE Los Angeles CA,155.0,Personal - Health,Suspense & Review,Poseidon Partners,Personal item (category marked personal),Personal expense paid from business account — propose Due From Owner / Owner Distribution pending substantiation.,45
2026-05-18,MarJune_2026_Poseidon_Partners_Amex_Charges.xlsx,Poseidon Partners,BLUE LOTUS MASSAGE Los Angeles CA,155.0,Personal - Health,Suspense & Review,Poseidon Partners,Personal item (category marked personal),Personal expense paid from business account — propose Due From Owner / Owner Distribution pending substantiation.,45
2026-05-09,MarJune_2026_Poseidon_Partners_Amex_Charges.xlsx,Poseidon Partners,BLUE LOTUS MASSAGE Los Angeles CA,155.0,Personal - Health,Suspense & Review,Poseidon Partners,Personal item (category marked personal),Personal expense paid from business account — propose Due From Owner / Owner Distribution pending substantiation.,45
2026-03-01,MarJune_2026_Poseidon_Partners_Amex_Charges.xlsx,Poseidon Partners,BLUE LOTUS MASSAGE Los Angeles CA,155.0,Personal - Health,Suspense & Review,Poseidon Partners,Personal item (category marked personal),Personal expense paid from business account — propose Due From Owner / Owner Distribution pending substantiation.,45
2025-12-13,2025_Poseidon_Partners_AmexCharges.xlsx,Unassigned / Allocation Required,LA CABANA - VENICE 5877-8144102 CA,154.54,Personal - Food,Suspense & Review,Unassigned / Allocation Required,Personal item (category marked personal),Personal expense paid from business account — propose Due From Owner / Owner Distribution pending substantiation.,40
2025-10-31,2025_Poseidon_Partners_AmexCharges.xlsx,Unassigned / Allocation Required,ZENO'S ON THE SQUAREWEATHERFORD TX,154.49,Personal - Food,Suspense & Review,Unassigned / Allocation Required,Personal item (category marked personal),Personal expense paid from business account — propose Due From Owner / Owner Distribution pending substantiation.,40
2025-01-05,2025_Poseidon_Partners_AmexCharges.xlsx,Unassigned / Allocation Required,TST* THE BUTCHERS DAVENICE CA,153.86,Personal - Food,Suspense & Review,Unassigned / Allocation Required,Personal item (category marked personal),Personal expense paid from business account — propose Due From Owner / Owner Distribution pending substantiation.,40
2025-02-01,2025_Poseidon_Partners_AmexCharges.xlsx,Unassigned / Allocation Required,AMAZON MARKETPLACE NAMZN.COM/BILL WA,-153.67,Amazon,Office,Unassigned / Allocation Required,Refund/credit/points,Credit / refund / points — contra to original expense; confirm matching original charge.,40
2025-02-01,2025_Poseidon_Partners_AmexCharges.xlsx,Unassigned / Allocation Required,AMAZON MARKEPLACE NA PA,153.67,Amazon,Office,Unassigned / Allocation Required,Entity unassigned,Entity could not be determined from source — allocate before consolidation.,40
2026-01-22,JanFeb_2026_Poseidon_Partners_Amex_Charges.xlsx,Poseidon Partners,TLF=GORDON BOSWELL FFORT WORTH TX,153.65,Personal - Family,General & Administrative,Poseidon Partners,Personal item (category marked personal),Personal expense paid from business account — propose Due From Owner / Owner Distribution pending substantiation.,55
2025-12-19,2025_PlumCard_Dunnings.xlsx,DWG Capital Partners,PHARMASAVE HEALTH CETOFINO,152.44,Family Trip,Travel,DWG Capital Partners,Personal item (B/P flag = personal),Personal expense paid from business account — propose Due From Owner / Owner Distribution pending substantiation.,60
2025-07-07,2025_Poseidon_Partners_AmexCharges.xlsx,Unassigned / Allocation Required,GRANDVIEW CLEANERS 5LOS ANGELES CA,152.22,Personal - House,Suspense & Review,Unassigned / Allocation Required,Personal item (category marked personal),Personal expense paid from business account — propose Due From Owner / Owner Distribution pending substantiation.,40
2026-05-29,MarJune_2026_Poseidon_Partners_Amex_Charges.xlsx,Poseidon Partners,HOMEGOODS #1084 0000WEATHERFORD TX,151.85,Personal - House,Suspense & Review,Poseidon Partners,Personal item (category marked personal),Personal expense paid from business account — propose Due From Owner / Owner Distribution pending substantiation.,45
2025-08-17,2025_Poseidon_Partners_AmexCharges.xlsx,Unassigned / Allocation Required,HOMEGOODS #1084 0000WEATHERFORD TX,151.53,Personal - House,Suspense & Review,Unassigned / Allocation Required,Personal item (category marked personal),Personal expense paid from business account — propose Due From Owner / Owner Distribution pending substantiation.,40
2025-02-09,2025_Poseidon_Partners_AmexCharges.xlsx,Unassigned / Allocation Required,AMAZON MARKETPLACE NAMZN.COM/BILL WA,-151.44,Amazon,Office,Unassigned / Allocation Required,Refund/credit/points,Credit / refund / points — contra to original expense; confirm matching original charge.,40
2025-02-09,2025_Poseidon_Partners_AmexCharges.xlsx,Unassigned / Allocation Required,AMAZON MARKEPLACE NA PA,151.44,Amazon,Office,Unassigned / Allocation Required,Entity unassigned,Entity could not be determined from source — allocate before consolidation.,40
2025-10-03,2025_Poseidon_Partners_AmexCharges.xlsx,Unassigned / Allocation Required,ADJ REDIST PURCHASE BAL,-151.35,ADJ REDIST PURCHASE BAL,Suspense & Review,Unassigned / Allocation Required,Refund/credit/points,Credit / refund / points — contra to original expense; confirm matching original charge.,40
2025-10-03,2025_Poseidon_Partners_AmexCharges.xlsx,Unassigned / Allocation Required,DR ADJ REDIST CADV PRIN,151.35,DR ADJ REDIST CADV PRIN,Suspense & Review,Unassigned / Allocation Required,Unmapped category,Unmapped — assign to Suspense & Review pending classification.,40
2025-09-30,2025_Poseidon_Partners_AmexCharges.xlsx,Unassigned / Allocation Required,FRAUD CREDIT,-151.33,FRAUD CREDIT,Suspense & Review,Unassigned / Allocation Required,Refund/credit/points,Credit / refund / points — contra to original expense; confirm matching original charge.,40
2026-03-09,MarJune_2026_Poseidon_Partners_Amex_Charges.xlsx,Poseidon Partners,Amex Online Flight Statement Credit,-151.2,Amex Online Flight Statement Credit,Travel,Poseidon Partners,Refund/credit/points,Credit / refund / points — contra to original expense; confirm matching original charge.,84
2026-01-02,JanFeb_2026_Poseidon_Partners_Amex_Charges.xlsx,Poseidon Partners,CASABLANCA RESTAURANVENICE CA,150.69,Personal - Food,Suspense & Review,Poseidon Partners,Personal item (category marked personal),Personal expense paid from business account — propose Due From Owner / Owner Distribution pending substantiation.,45
2025-03-03,2025_Poseidon_Partners_AmexCharges.xlsx,Unassigned / Allocation Required,FOUND:RE PHOENIX 068PHOENIX AZ,150.09,Team Travel (Judd),Travel,Unassigned / Allocation Required,Entity unassigned,Entity could not be determined from source — allocate before consolidation.,40
2025-04-20,2025_PlumCard_Dunnings.xlsx,DWG Capital Partners,PAYA THAI LA LLC. BLLOS ANGELES,150.0,Personal - Health,Suspense & Review,DWG Capital Partners,Personal item (B/P flag = personal),Personal expense paid from business account — propose Due From Owner / Owner Distribution pending substantiation.,45
2025-08-30,2025_Poseidon_Partners_AmexCharges.xlsx,Unassigned / Allocation Required,COPA AIRLINES COPA APANAMA PA,150.0,Costa Rica Trip,Travel,Unassigned / Allocation Required,Entity unassigned,Entity could not be determined from source — allocate before consolidation.,40
2025-07-03,2025_Poseidon_Partners_AmexCharges.xlsx,Unassigned / Allocation Required,PAYA THAI LA LLC. BLLOS ANGELES CA,150.0,Personal - Health,Suspense & Review,Unassigned / Allocation Required,Personal item (category marked personal),Personal expense paid from business account — propose Due From Owner / Owner Distribution pending substantiation.,40
2025-05-10,2025_Poseidon_Partners_AmexCharges.xlsx,Unassigned / Allocation Required,PAYA THAI LA LLC LOS ANGELES CA,150.0,Personal - Health,Suspense & Review,Unassigned / Allocation Required,Personal item (category marked personal),Personal expense paid from business account — propose Due From Owner / Owner Distribution pending substantiation.,40
2025-02-06,2025_Poseidon_Partners_AmexCharges.xlsx,Unassigned / Allocation Required,PAYA THAI LA LLC. BLLOS ANGELES CA,150.0,Personal - Health,Suspense & Review,Unassigned / Allocation Required,Personal item (category marked personal),Personal expense paid from business account — propose Due From Owner / Owner Distribution pending substantiation.,40
2025-01-11,2025_Poseidon_Partners_AmexCharges.xlsx,Unassigned / Allocation Required,PAYA THAI LA LLC LOS ANGELES CA,150.0,Personal - Health,Suspense & Review,Unassigned / Allocation Required,Personal item (category marked personal),Personal expense paid from business account — propose Due From Owner / Owner Distribution pending substantiation.,40
2026-02-02,JanFeb_2026_Poseidon_Partners_Amex_Charges.xlsx,Poseidon Partners,Points for Amex Trvl,-150.0,Points for Amex Trvl,Suspense & Review,Poseidon Partners,Refund/credit/points,Credit / refund / points — contra to original expense; confirm matching original charge.,45
2026-04-07,Mar-May_2026_DWGCP_Amex_Charges.xlsx,DWG Capital Partners,AMEX TRAVEL POINTS CREDIT,-150.0,Points redemption,Other Operating Expense,DWG Capital Partners,Refund/credit/points,Credit / refund / points — contra to original expense; confirm matching original charge.,85
2026-05-24,MarJune_2026_Poseidon_Partners_Amex_Charges.xlsx,Poseidon Partners,AplPay ACCREDITED INREDMOND WA,150.0,Personal - Family,General & Administrative,Poseidon Partners,Personal item (category marked personal),Personal expense paid from business account — propose Due From Owner / Owner Distribution pending substantiation.,55
2026-04-28,MarJune_2026_Poseidon_Partners_Amex_Charges.xlsx,Poseidon Partners,BLUE LOTUS MASSAGE Los Angeles CA,150.0,Personal - Health,Suspense & Review,Poseidon Partners,Personal item (category marked personal),Personal expense paid from business account — propose Due From Owner / Owner Distribution pending substantiation.,45
2026-01-14,JanFeb_2026_Poseidon_Partners_Amex_Charges.xlsx,Poseidon Partners,PAYA THAI LA LLC LOS ANGELES CA,149.5,Personal - Food,Suspense & Review,Poseidon Partners,Personal item (category marked personal),Personal expense paid from business account — propose Due From Owner / Owner Distribution pending substantiation.,45
2026-03-06,MarJune_2026_Poseidon_Partners_Amex_Charges.xlsx,Poseidon Partners,BLUE LOTUS MASSAGE Los Angeles CA,149.5,Personal - Health,Suspense & Review,Poseidon Partners,Personal item (category marked personal),Personal expense paid from business account — propose Due From Owner / Owner Distribution pending substantiation.,45
2026-03-04,MarJune_2026_Poseidon_Partners_Amex_Charges.xlsx,Poseidon Partners,"NAIOP, INC.*NAIOP, IHERNDON VA",149.0,DWG Business Development,Suspense & Review,Poseidon Partners,Unmapped category,Unmapped — assign to Suspense & Review pending classification.,45
2025-10-13,2025_Poseidon_Partners_AmexCharges.xlsx,Unassigned / Allocation Required,TST* BLUEYS KITCHEN LOS ANGELES CA,148.6,Personal - Food,Suspense & Review,Unassigned / Allocation Required,Personal item (category marked personal),Personal expense paid from business account — propose Due From Owner / Owner Distribution pending substantiation.,40
2025-09-30,2025_Poseidon_Partners_AmexCharges.xlsx,Unassigned / Allocation Required,FRAUD CREDIT,-148.55,FRAUD CREDIT,Suspense & Review,Unassigned / Allocation Required,Refund/credit/points,Credit / refund / points — contra to original expense; confirm matching original charge.,40
2025-09-30,2025_Poseidon_Partners_AmexCharges.xlsx,Unassigned / Allocation Required,FRAUD CREDIT,-148.51,FRAUD CREDIT,Suspense & Review,Unassigned / Allocation Required,Refund/credit/points,Credit / refund / points — contra to original expense; confirm matching original charge.,40
2025-12-17,2025_Poseidon_Partners_AmexCharges.xlsx,Unassigned / Allocation Required,PACOS TACOS LOS ANGELES CA,148.19,Personal - Food,Suspense & Review,Unassigned / Allocation Required,Personal item (category marked personal),Personal expense paid from business account — propose Due From Owner / Owner Distribution pending substantiation.,40
2025-04-08,2025_PlumCard_Dunnings.xlsx,DWG Capital Partners,PAYPAL *CLAUDIAFRACA4029357733,147.95,Judd/Angela Italy Trip,Suspense & Review,DWG Capital Partners,Personal item (B/P flag = personal),Personal expense paid from business account — propose Due From Owner / Owner Distribution pending substantiation.,45
2025-11-29,2025_Poseidon_Partners_AmexCharges.xlsx,Unassigned / Allocation Required,CASABLANCA RESTAURANVENICE CA,147.86,Personal - Food,Suspense & Review,Unassigned / Allocation Required,Personal item (category marked personal),Personal expense paid from business account — propose Due From Owner / Owner Distribution pending substantiation.,40
2025-07-06,2025_Poseidon_Partners_AmexCharges.xlsx,Unassigned / Allocation Required,"RAHEL VEGAN, INC. 00CENTRAL LA CA",147.54,Personal - Food,Suspense & Review,Unassigned / Allocation Required,Personal item (category marked personal),Personal expense paid from business account — propose Due From Owner / Owner Distribution pending substantiation.,40
2025-04-04,2025_Poseidon_Partners_AmexCharges.xlsx,Unassigned / Allocation Required,AMAZON MARKETPLACE NAMZN.COM/BILL WA,-147.31,Amazon,Office,Unassigned / Allocation Required,Refund/credit/points,Credit / refund / points — contra to original expense; confirm matching original charge.,40
2025-04-04,2025_Poseidon_Partners_AmexCharges.xlsx,Unassigned / Allocation Required,AMAZON MARKEPLACE NA PA,147.31,Amazon,Office,Unassigned / Allocation Required,Entity unassigned,Entity could not be determined from source — allocate before consolidation.,40
2025-08-17,2025_Poseidon_Partners_AmexCharges.xlsx,Unassigned / Allocation Required,BOULEVARD OF GREENS Fort Worth TX,147.23,Personal - Food,Suspense & Review,Unassigned / Allocation Required,Personal item (category marked personal),Personal expense paid from business account — propose Due From Owner / Owner Distribution pending substantiation.,40
2025-03-03,2025_Poseidon_Partners_AmexCharges.xlsx,Unassigned / Allocation Required,AMAZON MARKETPLACE NAMZN.COM/BILL WA,-147.2,Amazon,Office,Unassigned / Allocation Required,Refund/credit/points,Credit / refund / points — contra to original expense; confirm matching original charge.,40
2025-03-03,2025_Poseidon_Partners_AmexCharges.xlsx,Unassigned / Allocation Required,AMAZON MARKEPLACE NA PA,147.2,Amazon,Office,Unassigned / Allocation Required,Entity unassigned,Entity could not be determined from source — allocate before consolidation.,40
2025-02-01,2025_Poseidon_Partners_AmexCharges.xlsx,Unassigned / Allocation Required,AMAZON MARKETPLACE NAMZN.COM/BILL WA,-147.2,Amazon,Office,Unassigned / Allocation Required,Refund/credit/points,Credit / refund / points — contra to original expense; confirm matching original charge.,40
2025-02-01,2025_Poseidon_Partners_AmexCharges.xlsx,Unassigned / Allocation Required,AMAZON MARKEPLACE NA PA,147.2,Amazon,Office,Unassigned / Allocation Required,Entity unassigned,Entity could not be determined from source — allocate before consolidation.,40
2026-04-28,MarJune_2026_Poseidon_Partners_Amex_Charges.xlsx,Poseidon Partners,TST* CAFE GRATITUDE VENICE CA,146.57,Personal - Food,Suspense & Review,Poseidon Partners,Personal item (category marked personal),Personal expense paid from business account — propose Due From Owner / Owner Distribution pending substantiation.,45
2026-05-04,Mar-May_2026_DWGCP_Amex_Charges.xlsx,DWG Capital Partners,TST* BLUEYS KITCHEN,146.4,Team Lunch,Meals & Entertainment,DWG Capital Partners,Personal item (B/P flag = personal),Personal expense paid from business account — propose Due From Owner / Owner Distribution pending substantiation.,82
2025-04-09,2025_PlumCard_Dunnings.xlsx,DWG Capital Partners,GRAND HOTEL CONTINENSIENA,145.46,Judd/Angela Italy Trip,Travel,DWG Capital Partners,Personal item (B/P flag = personal),Personal expense paid from business account — propose Due From Owner / Owner Distribution pending substantiation.,84
2026-01-21,JanFeb_2026_Poseidon_Partners_Amex_Charges.xlsx,Poseidon Partners,MONTAGE LAGUNA BEACHLAGUNA BEACH CA,145.25,Personal - Family,General & Administrative,Poseidon Partners,Personal item (category marked personal),Personal expense paid from business account — propose Due From Owner / Owner Distribution pending substantiation.,55
2026-05-04,MarJune_2026_Poseidon_Partners_Amex_Charges.xlsx,Poseidon Partners,PACIFIC SPAS & SAUNALOS ANGELES CA,144.92,Personal - House,Suspense & Review,Poseidon Partners,Personal item (category marked personal),Personal expense paid from business account — propose Due From Owner / Owner Distribution pending substantiation.,45
2025-10-12,2025_Poseidon_Partners_AmexCharges.xlsx,Unassigned / Allocation Required,THE CORNER BEET Denver CO,144.54,Personal - Food,Suspense & Review,Unassigned / Allocation Required,Personal item (category marked personal),Personal expense paid from business account — propose Due From Owner / Owner Distribution pending substantiation.,40
2025-04-15,2025_PlumCard_Dunnings.xlsx,DWG Capital Partners,WWW.VIENNA-CONCERT.CWien,143.97,Judd/Angela Italy Trip,Suspense & Review,DWG Capital Partners,Personal item (B/P flag = personal),Personal expense paid from business account — propose Due From Owner / Owner Distribution pending substantiation.,45
2025-05-02,2025_Poseidon_Partners_AmexCharges.xlsx,Unassigned / Allocation Required,AMAZON.COM AMZN.COM/BILL WA,143.69,Amazon,Office,Unassigned / Allocation Required,Entity unassigned,Entity could not be determined from source — allocate before consolidation.,40
2025-08-29,2025_Poseidon_Partners_AmexCharges.xlsx,Unassigned / Allocation Required,TST* CAFE GRATITUDE VENICE CA,143.36,Personal - Food,Suspense & Review,Unassigned / Allocation Required,Personal item (category marked personal),Personal expense paid from business account — propose Due From Owner / Owner Distribution pending substantiation.,40
2025-03-29,2025_Poseidon_Partners_AmexCharges.xlsx,Unassigned / Allocation Required,PACOS TACOS 0755 LOS ANGELES CA,143.26,Personal - Food,Suspense & Review,Unassigned / Allocation Required,Personal item (category marked personal),Personal expense paid from business account — propose Due From Owner / Owner Distribution pending substantiation.,40
2025-05-01,2025_Poseidon_Partners_AmexCharges.xlsx,Unassigned / Allocation Required,TST* THAI SPICES 000MESA AZ,142.69,Personal - Food,Suspense & Review,Unassigned / Allocation Required,Personal item (category marked personal),Personal expense paid from business account — propose Due From Owner / Owner Distribution pending substantiation.,40
2025-08-09,2025_PlumCard_Dunnings.xlsx,DWG Capital Partners,ROSS DRESS FOR LESS VENICE,142.18,Personal - House,Suspense & Review,DWG Capital Partners,Personal item (B/P flag = personal),Personal expense paid from business account — propose Due From Owner / Owner Distribution pending substantiation.,45
2025-04-03,2025_PlumCard_Dunnings.xlsx,DWG Capital Partners,RISTORANTE PIPERNO,141.58,Judd/Angela Italy Trip,Suspense & Review,DWG Capital Partners,Personal item (B/P flag = personal),Personal expense paid from business account — propose Due From Owner / Owner Distribution pending substantiation.,45
2025-05-22,2025_Poseidon_Partners_AmexCharges.xlsx,Unassigned / Allocation Required,ADMIRAL ENFORCEMENT NEW ORLEANS LA,140.96,New Orleans Family Trip,Travel,Unassigned / Allocation Required,Personal item (category marked family/household),Personal expense paid from business account — propose Due From Owner / Owner Distribution pending substantiation.,40
2025-09-02,2025_Poseidon_Partners_AmexCharges.xlsx,Unassigned / Allocation Required,MANGO SURF SHOP JACOPUNTARENAS PU,140.53,Costa Rica Trip,Suspense & Review,Unassigned / Allocation Required,Unmapped category,Unmapped — assign to Suspense & Review pending classification.,40
2025-04-23,2025_Poseidon_Partners_AmexCharges.xlsx,Unassigned / Allocation Required,AMAZON MARKETPLACE NAMZN.COM/BILL WA,-140.13,Amazon,Office,Unassigned / Allocation Required,Refund/credit/points,Credit / refund / points — contra to original expense; confirm matching original charge.,40
2025-04-23,2025_Poseidon_Partners_AmexCharges.xlsx,Unassigned / Allocation Required,AMAZON MARKEPLACE NA PA,140.13,Amazon,Office,Unassigned / Allocation Required,Entity unassigned,Entity could not be determined from source — allocate before consolidation.,40
2025-06-02,2025_Poseidon_Partners_AmexCharges.xlsx,Unassigned / Allocation Required,POINTS FOR AMEX TRVL,-140.0,Points for Amex Trvl,Suspense & Review,Unassigned / Allocation Required,Refund/credit/points,Credit / refund / points — contra to original expense; confirm matching original charge.,40
2025-02-12,2025_Poseidon_Partners_AmexCharges.xlsx,Unassigned / Allocation Required,AMAZON MARKETPLACE NAMZN.COM/BILL WA,-139.78,Amazon,Office,Unassigned / Allocation Required,Refund/credit/points,Credit / refund / points — contra to original expense; confirm matching original charge.,40
2025-02-12,2025_Poseidon_Partners_AmexCharges.xlsx,Unassigned / Allocation Required,AMAZON MARKEPLACE NA PA,139.78,Amazon,Office,Unassigned / Allocation Required,Entity unassigned,Entity could not be determined from source — allocate before consolidation.,40
2025-06-02,2025_Poseidon_Partners_AmexCharges.xlsx,Unassigned / Allocation Required,AMAZON MARKETPLACE NAMZN.COM/BILL WA,-139.76,Amazon,Office,Unassigned / Allocation Required,Refund/credit/points,Credit / refund / points — contra to original expense; confirm matching original charge.,40
2025-06-02,2025_Poseidon_Partners_AmexCharges.xlsx,Unassigned / Allocation Required,AMAZON MARKEPLACE NA PA,139.76,Amazon,Office,Unassigned / Allocation Required,Entity unassigned,Entity could not be determined from source — allocate before consolidation.,40
2025-06-04,2025_Poseidon_Partners_AmexCharges.xlsx,Unassigned / Allocation Required,UNITED AIRLINES HOUSTON TX,139.74,Ohio Site Visit,Travel,Unassigned / Allocation Required,Entity unassigned,Entity could not be determined from source — allocate before consolidation.,40
2025-06-03,2025_Poseidon_Partners_AmexCharges.xlsx,Unassigned / Allocation Required,AMAZON MARKETPLACE NAMZN.COM/BILL WA,-139.56,Amazon,Office,Unassigned / Allocation Required,Refund/credit/points,Credit / refund / points — contra to original expense; confirm matching original charge.,40
2025-06-03,2025_Poseidon_Partners_AmexCharges.xlsx,Unassigned / Allocation Required,AMAZON MARKEPLACE NA PA,139.56,Amazon,Office,Unassigned / Allocation Required,Entity unassigned,Entity could not be determined from source — allocate before consolidation.,40
2025-06-05,2025_Poseidon_Partners_AmexCharges.xlsx,Unassigned / Allocation Required,TST* TAVERNA AT THE LOS ANGELES CA,139.38,Personal - Food,Suspense & Review,Unassigned / Allocation Required,Personal item (category marked personal),Personal expense paid from business account — propose Due From Owner / Owner Distribution pending substantiation.,40
2025-09-30,2025_Poseidon_Partners_AmexCharges.xlsx,Unassigned / Allocation Required,FRAUD CREDIT,-139.36,FRAUD CREDIT,Suspense & Review,Unassigned / Allocation Required,Refund/credit/points,Credit / refund / points — contra to original expense; confirm matching original charge.,40
2025-11-26,2025_PlumCard_Dunnings.xlsx,DWG Capital Partners,VENMO *JAMES PHILLIP8558124430,139.05,Venmo,Suspense & Review,DWG Capital Partners,Unmapped category,Unmapped — assign to Suspense & Review pending classification.,45
2025-08-19,2025_PlumCard_Dunnings.xlsx,DWG Capital Partners,BLVD,139.05,Personal - Health,Suspense & Review,DWG Capital Partners,Personal item (B/P flag = personal),Personal expense paid from business account — propose Due From Owner / Owner Distribution pending substantiation.,45
2025-10-31,2025_Poseidon_Partners_AmexCharges.xlsx,Unassigned / Allocation Required,PAYPAL *CREPUSHCOM 4029357733 FL,139.0,DWG Marketing,Marketing,Unassigned / Allocation Required,Entity unassigned,Entity could not be determined from source — allocate before consolidation.,40
2025-04-24,2025_Poseidon_Partners_AmexCharges.xlsx,Unassigned / Allocation Required,PAYPAL *BIGBOYSBLAS 7275437907 FL,139.0,DWG Marketing,Marketing,Unassigned / Allocation Required,Entity unassigned,Entity could not be determined from source — allocate before consolidation.,40
2025-02-27,2025_Poseidon_Partners_AmexCharges.xlsx,Unassigned / Allocation Required,PAYPAL *CREPUSHCOM 4029357733 FL,139.0,DWG Marketing,Marketing,Unassigned / Allocation Required,Entity unassigned,Entity could not be determined from source — allocate before consolidation.,40
2025-02-19,2025_Poseidon_Partners_AmexCharges.xlsx,Unassigned / Allocation Required,PAYPAL *BIGBOYSBLAS 7275437907 FL,139.0,DWG Marketing,Marketing,Unassigned / Allocation Required,Entity unassigned,Entity could not be determined from source — allocate before consolidation.,40
2025-02-06,2025_Poseidon_Partners_AmexCharges.xlsx,Unassigned / Allocation Required,FAIRMONT HOTEL SCOTTSCOTTSDALE AZ,138.3,Personal - Food,Travel,Unassigned / Allocation Required,Personal item (category marked personal),Personal expense paid from business account — propose Due From Owner / Owner Distribution pending substantiation.,40
2025-09-30,2025_Poseidon_Partners_AmexCharges.xlsx,Unassigned / Allocation Required,FRAUD CREDIT,-138.25,FRAUD CREDIT,Suspense & Review,Unassigned / Allocation Required,Refund/credit/points,Credit / refund / points — contra to original expense; confirm matching original charge.,40
2025-06-03,2025_Poseidon_Partners_AmexCharges.xlsx,Unassigned / Allocation Required,LS SAMSON MENS EMPORCOLUMBUS OH,138.24,Ohio Site Visit,Suspense & Review,Unassigned / Allocation Required,Unmapped category,Unmapped — assign to Suspense & Review pending classification.,40
2025-06-03,2025_Poseidon_Partners_AmexCharges.xlsx,Unassigned / Allocation Required,TST* LAUGH FACTORY -LOS ANGELES CA,137.45,Personal - Entertainment,Suspense & Review,Unassigned / Allocation Required,Personal item (category marked personal),Personal expense paid from business account — propose Due From Owner / Owner Distribution pending substantiation.,40
2025-04-13,2025_PlumCard_Dunnings.xlsx,DWG Capital Partners,STAZ.SERVIZIO GIOVE GIOVE,137.13,Judd/Angela Italy Trip,Suspense & Review,DWG Capital Partners,Personal item (B/P flag = personal),Personal expense paid from business account — propose Due From Owner / Owner Distribution pending substantiation.,45
2025-07-04,2025_Poseidon_Partners_AmexCharges.xlsx,Unassigned / Allocation Required,LA CABANA - VENICE 5877-8144102 CA,137.1,Personal - Food,Suspense & Review,Unassigned / Allocation Required,Personal item (category marked personal),Personal expense paid from business account — propose Due From Owner / Owner Distribution pending substantiation.,40
2025-09-30,2025_Poseidon_Partners_AmexCharges.xlsx,Unassigned / Allocation Required,FRAUD CREDIT,-137.0,FRAUD CREDIT,Suspense & Review,Unassigned / Allocation Required,Refund/credit/points,Credit / refund / points — contra to original expense; confirm matching original charge.,40
2026-04-02,MarJune_2026_Poseidon_Partners_Amex_Charges.xlsx,Poseidon Partners,VIVA*CASA VEGETARIANPORTO PR,136.7,Judd & Angela - Portugal,Suspense & Review,Poseidon Partners,Unmapped category,Unmapped — assign to Suspense & Review pending classification.,45
2025-09-07,2025_Poseidon_Partners_AmexCharges.xlsx,Unassigned / Allocation Required,LA CABANA - VENICE 5877-8144102 CA,136.5,Personal - Food,Suspense & Review,Unassigned / Allocation Required,Personal item (category marked personal),Personal expense paid from business account — propose Due From Owner / Owner Distribution pending substantiation.,40
2025-12-09,2025_Poseidon_Partners_AmexCharges.xlsx,Unassigned / Allocation Required,TST* CENTRAL RESTAURMONTGOMERY AL,136.06,Team Travel (Judd),Travel,Unassigned / Allocation Required,Entity unassigned,Entity could not be determined from source — allocate before consolidation.,40
2025-09-05,2025_Poseidon_Partners_AmexCharges.xlsx,Unassigned / Allocation Required,ALASKA AIRLINES SEATTLE WA,135.99,Costa Rica Trip,Travel,Unassigned / Allocation Required,Entity unassigned,Entity could not be determined from source — allocate before consolidation.,40
2026-03-08,MarJune_2026_Poseidon_Partners_Amex_Charges.xlsx,Poseidon Partners,LA CABANA - VENICE 5877-8144102 CA,135.65,Personal - Food,Suspense & Review,Poseidon Partners,Personal item (category marked personal),Personal expense paid from business account — propose Due From Owner / Owner Distribution pending substantiation.,45
2026-05-09,MarJune_2026_Poseidon_Partners_Amex_Charges.xlsx,Poseidon Partners,AplPay GRUBHUB*IKESLNEW YORK NY,135.35,Personal - Food,Suspense & Review,Poseidon Partners,Personal item (category marked personal),Personal expense paid from business account — propose Due From Owner / Owner Distribution pending substantiation.,45
2025-07-03,2025_Poseidon_Partners_AmexCharges.xlsx,Unassigned / Allocation Required,TST* BLUEYS KITCHEN LOS ANGELES CA,135.18,Personal - Food,Suspense & Review,Unassigned / Allocation Required,Personal item (category marked personal),Personal expense paid from business account — propose Due From Owner / Owner Distribution pending substantiation.,40
2025-03-27,2025_Poseidon_Partners_AmexCharges.xlsx,Unassigned / Allocation Required,DELTA AIR LINES ATLANTA,135.0,Team Travel (Judd),Travel,Unassigned / Allocation Required,Entity unassigned,Entity could not be determined from source — allocate before consolidation.,40
2026-06-09,MarJune_2026_Poseidon_Partners_Amex_Charges.xlsx,Poseidon Partners,PURE MASSAGE WEATHERFORD TX,135.0,Personal - Health,Suspense & Review,Poseidon Partners,Personal item (category marked personal),Personal expense paid from business account — propose Due From Owner / Owner Distribution pending substantiation.,45
2026-05-28,MarJune_2026_Poseidon_Partners_Amex_Charges.xlsx,Poseidon Partners,PURE MASSAGE WEATHERFORD TX,135.0,Personal - Health,Suspense & Review,Poseidon Partners,Personal item (category marked personal),Personal expense paid from business account — propose Due From Owner / Owner Distribution pending substantiation.,45
2025-11-19,2025_Poseidon_Partners_AmexCharges.xlsx,Unassigned / Allocation Required,LA CABANA - VENICE 5877-8144102 CA,134.36,Personal - Food,Suspense & Review,Unassigned / Allocation Required,Personal item (category marked personal),Personal expense paid from business account — propose Due From Owner / Owner Distribution pending substantiation.,40
2025-06-02,2025_Poseidon_Partners_AmexCharges.xlsx,Unassigned / Allocation Required,AMAZON.COM AMZN.COM/BILL WA,134.25,Amazon,Office,Unassigned / Allocation Required,Entity unassigned,Entity could not be determined from source — allocate before consolidation.,40
2025-04-01,2025_Poseidon_Partners_AmexCharges.xlsx,Unassigned / Allocation Required,AMAZON MARKETPLACE NAMZN.COM/BILL WA,-134.0,Amazon,Office,Unassigned / Allocation Required,Refund/credit/points,Credit / refund / points — contra to original expense; confirm matching original charge.,40
2025-04-01,2025_Poseidon_Partners_AmexCharges.xlsx,Unassigned / Allocation Required,AMAZON MARKEPLACE NA PA,134.0,Amazon,Office,Unassigned / Allocation Required,Entity unassigned,Entity could not be determined from source — allocate before consolidation.,40
2025-01-01,2025_Poseidon_Partners_AmexCharges.xlsx,Unassigned / Allocation Required,EXPEDIA.COM TRAVEL SEATTLE WA,134.0,Team Travel (Angela),Travel,Unassigned / Allocation Required,Entity unassigned; Same-file repeat — verify not double-entered (SFR-0068),Entity could not be determined from source — allocate before consolidation.,40
2025-01-01,2025_Poseidon_Partners_AmexCharges.xlsx,Unassigned / Allocation Required,EXPEDIA.COM TRAVEL SEATTLE WA,134.0,Team Travel (Angela),Travel,Unassigned / Allocation Required,Entity unassigned; Same-file repeat — verify not double-entered (SFR-0068),Entity could not be determined from source — allocate before consolidation.,40
2025-10-09,2025_Poseidon_Partners_AmexCharges.xlsx,Unassigned / Allocation Required,THE CORNER BEET Denver CO,133.89,Denver Trip,Suspense & Review,Unassigned / Allocation Required,Unmapped category,Unmapped — assign to Suspense & Review pending classification.,40
2025-05-03,2025_Poseidon_Partners_AmexCharges.xlsx,Unassigned / Allocation Required,STAPLES 00127 VENICE CA,133.82,DWG Operations,Office,Unassigned / Allocation Required,Entity unassigned,Entity could not be determined from source — allocate before consolidation.,40
2025-09-30,2025_Poseidon_Partners_AmexCharges.xlsx,Unassigned / Allocation Required,FRAUD CREDIT,-133.21,FRAUD CREDIT,Suspense & Review,Unassigned / Allocation Required,Refund/credit/points,Credit / refund / points — contra to original expense; confirm matching original charge.,40
2025-03-17,2025_Poseidon_Partners_AmexCharges.xlsx,Unassigned / Allocation Required,EXPEDIA.COM TRAVEL SEATTLE WA,132.76,Team Travel (Angela),Travel,Unassigned / Allocation Required,Entity unassigned; Same-file repeat — verify not double-entered (SFR-0049),Entity could not be determined from source — allocate before consolidation.,40
2025-03-17,2025_Poseidon_Partners_AmexCharges.xlsx,Unassigned / Allocation Required,EXPEDIA.COM TRAVEL SEATTLE WA,132.76,Team Travel (Angela),Travel,Unassigned / Allocation Required,Entity unassigned; Same-file repeat — verify not double-entered (SFR-0049),Entity could not be determined from source — allocate before consolidation.,40
2026-05-09,MarJune_2026_Poseidon_Partners_Amex_Charges.xlsx,Poseidon Partners,SP AVIATOR NATION VENICE CA,131.7,Personal - Clothing,Suspense & Review,Poseidon Partners,Personal item (category marked personal),Personal expense paid from business account — propose Due From Owner / Owner Distribution pending substantiation.,45
2026-03-26,MarJune_2026_Poseidon_Partners_Amex_Charges.xlsx,Poseidon Partners,"ADIDAS AMERICA, INC.CANTON MA",131.7,Personal - Clothing,Suspense & Review,Poseidon Partners,Personal item (category marked personal),Personal expense paid from business account — propose Due From Owner / Owner Distribution pending substantiation.,45
2025-07-31,2025_Poseidon_Partners_AmexCharges.xlsx,Unassigned / Allocation Required,TST* THE CLOVERFIELDSANTA MONICA CA,131.67,Personal - Food,Suspense & Review,Unassigned / Allocation Required,Personal item (category marked personal),Personal expense paid from business account — propose Due From Owner / Owner Distribution pending substantiation.,40
2025-05-04,2025_Poseidon_Partners_AmexCharges.xlsx,Unassigned / Allocation Required,TST* CAFE GRATITUDE VENICE CA,131.39,Personal - Food,Suspense & Review,Unassigned / Allocation Required,Personal item (category marked personal),Personal expense paid from business account — propose Due From Owner / Owner Distribution pending substantiation.,40
2025-08-13,2025_Poseidon_Partners_AmexCharges.xlsx,Unassigned / Allocation Required,Sugar Miami FL,131.27,Miami Investor Trip,Suspense & Review,Unassigned / Allocation Required,Unmapped category,Unmapped — assign to Suspense & Review pending classification.,40
2026-05-09,MarJune_2026_Poseidon_Partners_Amex_Charges.xlsx,Poseidon Partners,PV FUEL LOS ANGELES CA,131.01,Personal - Car,Auto,Poseidon Partners,Personal item (category marked personal),Personal expense paid from business account — propose Due From Owner / Owner Distribution pending substantiation.,76
2025-10-24,2025_Poseidon_Partners_AmexCharges.xlsx,Unassigned / Allocation Required,RUSSELL FEED & SUPPLWEATHERFORD TX,130.96,Personal - House,Suspense & Review,Unassigned / Allocation Required,Personal item (category marked personal),Personal expense paid from business account — propose Due From Owner / Owner Distribution pending substantiation.,40
2025-10-08,2025_Poseidon_Partners_AmexCharges.xlsx,Unassigned / Allocation Required,LAX AIRP BGRILL BY BLOS ANGELES CA,130.55,Denver Trip,Suspense & Review,Unassigned / Allocation Required,Unmapped category,Unmapped — assign to Suspense & Review pending classification.,40
2025-09-17,2025_Poseidon_Partners_AmexCharges.xlsx,Unassigned / Allocation Required,CASABLANCA 00-080164VENICE CA,130.0,Personal - Food,Suspense & Review,Unassigned / Allocation Required,Personal item (category marked personal),Personal expense paid from business account — propose Due From Owner / Owner Distribution pending substantiation.,40
2025-05-03,2025_Poseidon_Partners_AmexCharges.xlsx,Unassigned / Allocation Required,PACOS TACOS 0755 LOS ANGELES CA,130.0,Personal - Food,Suspense & Review,Unassigned / Allocation Required,Personal item (category marked personal),Personal expense paid from business account — propose Due From Owner / Owner Distribution pending substantiation.,40
2025-06-23,2025_Poseidon_Partners_AmexCharges.xlsx,Unassigned / Allocation Required,AMAZON MARKETPLACE NAMZN.COM/BILL WA,-129.9,Amazon,Office,Unassigned / Allocation Required,Refund/credit/points,Credit / refund / points — contra to original expense; confirm matching original charge.,40
2025-06-23,2025_Poseidon_Partners_AmexCharges.xlsx,Unassigned / Allocation Required,AMAZON MARKEPLACE NA PA,129.9,Amazon,Office,Unassigned / Allocation Required,Entity unassigned,Entity could not be determined from source — allocate before consolidation.,40
2025-03-16,2025_Poseidon_Partners_AmexCharges.xlsx,Unassigned / Allocation Required,AMAZON MARKETPLACE NAMZN.COM/BILL WA,-129.9,Amazon,Office,Unassigned / Allocation Required,Refund/credit/points,Credit / refund / points — contra to original expense; confirm matching original charge.,40
2025-03-16,2025_Poseidon_Partners_AmexCharges.xlsx,Unassigned / Allocation Required,AMAZON MARKEPLACE NA PA,129.9,Amazon,Office,Unassigned / Allocation Required,Entity unassigned,Entity could not be determined from source — allocate before consolidation.,40
2025-05-07,2025_Poseidon_Partners_AmexCharges.xlsx,Unassigned / Allocation Required,AMAZON MARKETPLACE NAMZN.COM/BILL WA,-129.87,Amazon,Office,Unassigned / Allocation Required,Refund/credit/points,Credit / refund / points — contra to original expense; confirm matching original charge.,40
2025-05-07,2025_Poseidon_Partners_AmexCharges.xlsx,Unassigned / Allocation Required,AMAZON MARKEPLACE NA PA,129.87,Amazon,Office,Unassigned / Allocation Required,Entity unassigned,Entity could not be determined from source — allocate before consolidation.,40
2025-03-05,2025_Poseidon_Partners_AmexCharges.xlsx,Unassigned / Allocation Required,AMAZON MARKETPLACE NAMZN.COM/BILL WA,-129.87,Amazon,Office,Unassigned / Allocation Required,Refund/credit/points,Credit / refund / points — contra to original expense; confirm matching original charge.,40
2025-03-05,2025_Poseidon_Partners_AmexCharges.xlsx,Unassigned / Allocation Required,AMAZON MARKEPLACE NA PA,129.87,Amazon,Office,Unassigned / Allocation Required,Entity unassigned,Entity could not be determined from source — allocate before consolidation.,40
2026-05-17,MarJune_2026_Poseidon_Partners_Amex_Charges.xlsx,Poseidon Partners,TST* TAVERNA AT THE LOS ANGELES CA,129.7,Personal - Food,Suspense & Review,Poseidon Partners,Personal item (category marked personal),Personal expense paid from business account — propose Due From Owner / Owner Distribution pending substantiation.,45
2026-02-03,JanFeb_2026_Poseidon_Partners_Amex_Charges.xlsx,Poseidon Partners,THE ORIGINAL MEXICANFORT WORTH TX,129.55,Personal - Food,Suspense & Review,Poseidon Partners,Personal item (category marked personal),Personal expense paid from business account — propose Due From Owner / Owner Distribution pending substantiation.,45
2026-02-01,JanFeb_2026_Poseidon_Partners_Amex_Charges.xlsx,Poseidon Partners,ABC*ICONFIT LOS ANGELES CA,129.52,Personal - Health,Suspense & Review,Poseidon Partners,Personal item (category marked personal),Personal expense paid from business account — propose Due From Owner / Owner Distribution pending substantiation.,45
2026-06-01,MarJune_2026_Poseidon_Partners_Amex_Charges.xlsx,Poseidon Partners,ABC*ICONFIT LOS ANGELES CA,129.52,Personal - Health,Suspense & Review,Poseidon Partners,Personal item (category marked personal),Personal expense paid from business account — propose Due From Owner / Owner Distribution pending substantiation.,45
2026-03-01,MarJune_2026_Poseidon_Partners_Amex_Charges.xlsx,Poseidon Partners,ABC*ICONFIT LOS ANGELES CA,129.52,Personal - Health,Suspense & Review,Poseidon Partners,Personal item (category marked personal),Personal expense paid from business account — propose Due From Owner / Owner Distribution pending substantiation.,45
2025-06-01,2025_Poseidon_Partners_AmexCharges.xlsx,Unassigned / Allocation Required,EVERLANE* R256818126SAN FRANCISCO CA,129.51,Personal - Clothing,Suspense & Review,Unassigned / Allocation Required,Personal item (category marked personal),Personal expense paid from business account — propose Due From Owner / Owner Distribution pending substantiation.,40
2025-05-26,2025_Poseidon_Partners_AmexCharges.xlsx,Unassigned / Allocation Required,THE HOME DEPOT WEATHERFORD TX,129.51,Personal - House,Suspense & Review,Unassigned / Allocation Required,Personal item (category marked personal),Personal expense paid from business account — propose Due From Owner / Owner Distribution pending substantiation.,40
2026-03-25,MarJune_2026_Poseidon_Partners_Amex_Charges.xlsx,Poseidon Partners,AplPay GRUBHUB*JINYANEW YORK NY,129.5,Personal - Food,Suspense & Review,Poseidon Partners,Personal item (category marked personal),Personal expense paid from business account — propose Due From Owner / Owner Distribution pending substantiation.,45
2025-09-27,2025_Poseidon_Partners_AmexCharges.xlsx,Unassigned / Allocation Required,TST* BEETHOVEN 00200LOS ANGELES CA,129.13,Personal - Food,Suspense & Review,Unassigned / Allocation Required,Personal item (category marked personal),Personal expense paid from business account — propose Due From Owner / Owner Distribution pending substantiation.,40
2025-12-30,2025_PlumCard_Dunnings.xlsx,DWG Capital Partners,BANANA REPUBLIC 6734VANCOUVER,128.98,Family Trip,Travel,DWG Capital Partners,Personal item (B/P flag = personal),Personal expense paid from business account — propose Due From Owner / Owner Distribution pending substantiation.,60
2025-09-30,2025_Poseidon_Partners_AmexCharges.xlsx,Unassigned / Allocation Required,FRAUD CREDIT,-128.81,FRAUD CREDIT,Suspense & Review,Unassigned / Allocation Required,Refund/credit/points,Credit / refund / points — contra to original expense; confirm matching original charge.,40
2025-09-30,2025_Poseidon_Partners_AmexCharges.xlsx,Unassigned / Allocation Required,FRAUD CREDIT,-128.73,FRAUD CREDIT,Suspense & Review,Unassigned / Allocation Required,Refund/credit/points; Same-file repeat — verify not double-entered (SFR-0021),Credit / refund / points — contra to original expense; confirm matching original charge.,40
2025-09-30,2025_Poseidon_Partners_AmexCharges.xlsx,Unassigned / Allocation Required,FRAUD CREDIT,-128.73,FRAUD CREDIT,Suspense & Review,Unassigned / Allocation Required,Refund/credit/points; Same-file repeat — verify not double-entered (SFR-0021),Credit / refund / points — contra to original expense; confirm matching original charge.,40
2025-03-13,2025_Poseidon_Partners_AmexCharges.xlsx,Unassigned / Allocation Required,VONS #2270 2270 LOS ANGELES CA,127.6,Personal - House,Suspense & Review,Unassigned / Allocation Required,Personal item (category marked personal),Personal expense paid from business account — propose Due From Owner / Owner Distribution pending substantiation.,40
2025-05-09,2025_Poseidon_Partners_AmexCharges.xlsx,Unassigned / Allocation Required,TST* CAFE GRATITUDE VENICE CA,127.58,Personal - Food,Suspense & Review,Unassigned / Allocation Required,Personal item (category marked personal),Personal expense paid from business account — propose Due From Owner / Owner Distribution pending substantiation.,40
2025-06-03,2025_Poseidon_Partners_AmexCharges.xlsx,Unassigned / Allocation Required,LS SAMSON MENS EMPORCOLUMBUS OH,127.44,Ohio Site Visit,Suspense & Review,Unassigned / Allocation Required,Unmapped category,Unmapped — assign to Suspense & Review pending classification.,40
2025-06-10,2025_Poseidon_Partners_AmexCharges.xlsx,Unassigned / Allocation Required,TST* THE BUTCHER'S DVENICE CA,127.4,Personal - Food,Suspense & Review,Unassigned / Allocation Required,Personal item (category marked personal),Personal expense paid from business account — propose Due From Owner / Owner Distribution pending substantiation.,40
2025-03-18,2025_Poseidon_Partners_AmexCharges.xlsx,Unassigned / Allocation Required,PACOS TACOS 0755 LOS ANGELES CA,126.85,Personal - Food,Suspense & Review,Unassigned / Allocation Required,Personal item (category marked personal),Personal expense paid from business account — propose Due From Owner / Owner Distribution pending substantiation.,40
2025-05-23,2025_Poseidon_Partners_AmexCharges.xlsx,Unassigned / Allocation Required,TST* MEALS FROM THE NEW ORLEANS LA,126.61,New Orleans Family Trip,Meals & Entertainment,Unassigned / Allocation Required,Personal item (category marked family/household),Personal expense paid from business account — propose Due From Owner / Owner Distribution pending substantiation.,40
2026-02-28,JanFeb_2026_Poseidon_Partners_Amex_Charges.xlsx,Poseidon Partners,GELSON'S MARKET #29 SANTA MONICA CA,126.6,Personal - Food,Suspense & Review,Poseidon Partners,Personal item (category marked personal),Personal expense paid from business account — propose Due From Owner / Owner Distribution pending substantiation.,45
2025-11-04,2025_Poseidon_Partners_AmexCharges.xlsx,Unassigned / Allocation Required,YOAST B.V. WIJCHEN NL,126.4,TBD,Suspense & Review,Unassigned / Allocation Required,Unmapped category,Unmapped — assign to Suspense & Review pending classification.,40
2025-09-30,2025_Poseidon_Partners_AmexCharges.xlsx,Unassigned / Allocation Required,FRAUD CREDIT,-125.81,FRAUD CREDIT,Suspense & Review,Unassigned / Allocation Required,Refund/credit/points,Credit / refund / points — contra to original expense; confirm matching original charge.,40
2025-04-07,2025_Poseidon_Partners_AmexCharges.xlsx,Unassigned / Allocation Required,AMAZON MARKETPLACE NAMZN.COM/BILL WA,-125.35,Amazon,Office,Unassigned / Allocation Required,Refund/credit/points,Credit / refund / points — contra to original expense; confirm matching original charge.,40
2025-04-07,2025_Poseidon_Partners_AmexCharges.xlsx,Unassigned / Allocation Required,AMAZON MARKEPLACE NA PA,125.35,Amazon,Office,Unassigned / Allocation Required,Entity unassigned,Entity could not be determined from source — allocate before consolidation.,40
2025-07-08,2025_Poseidon_Partners_AmexCharges.xlsx,Unassigned / Allocation Required,BT*BREVITAS SAN FRANCISCO CA,125.0,DWG Listing Platform,Data & Listing Platforms,Unassigned / Allocation Required,Entity unassigned,Entity could not be determined from source — allocate before consolidation.,40
2025-06-29,2025_Poseidon_Partners_AmexCharges.xlsx,Unassigned / Allocation Required,DONNA JEAN SAN DIEGO CA,124.98,San Diego - Judd/Angela Trip,Suspense & Review,Unassigned / Allocation Required,Unmapped category,Unmapped — assign to Suspense & Review pending classification.,40
2025-06-25,2025_Poseidon_Partners_AmexCharges.xlsx,Unassigned / Allocation Required,AMAZON MARKETPLACE NAMZN.COM/BILL WA,-124.4,Amazon,Office,Unassigned / Allocation Required,Refund/credit/points,Credit / refund / points — contra to original expense; confirm matching original charge.,40
2025-06-25,2025_Poseidon_Partners_AmexCharges.xlsx,Unassigned / Allocation Required,AMAZON MARKEPLACE NA PA,124.4,Amazon,Office,Unassigned / Allocation Required,Entity unassigned,Entity could not be determined from source — allocate before consolidation.,40
2025-03-28,2025_Poseidon_Partners_AmexCharges.xlsx,Unassigned / Allocation Required,TST* BLUEYS KITCHEN LOS ANGELES CA,124.31,Personal - Food,Suspense & Review,Unassigned / Allocation Required,Personal item (category marked personal),Personal expense paid from business account — propose Due From Owner / Owner Distribution pending substantiation.,40
2025-12-21,2025_PlumCard_Dunnings.xlsx,DWG Capital Partners,LONG BEACH LODGE RESTOFINO,124.02,Family Trip,Travel,DWG Capital Partners,Personal item (B/P flag = personal),Personal expense paid from business account — propose Due From Owner / Owner Distribution pending substantiation.,60
2025-06-03,2025_PlumCard_Dunnings.xlsx,DWG Capital Partners,EARLY PAY DISCOUNT,-123.4,Early Pay Discount,Suspense & Review,DWG Capital Partners,Refund/credit/points,Credit / refund / points — contra to original expense; confirm matching original charge.,45
2025-04-09,2025_PlumCard_Dunnings.xlsx,DWG Capital Partners,VIATOR,-122.94,Judd/Angela Italy Trip,Suspense & Review,DWG Capital Partners,Personal item (B/P flag = personal),Personal expense paid from business account — propose Due From Owner / Owner Distribution pending substantiation.,45
2025-04-09,2025_PlumCard_Dunnings.xlsx,DWG Capital Partners,VIATOR,122.94,Judd/Angela Italy Trip,Suspense & Review,DWG Capital Partners,Personal item (B/P flag = personal),Personal expense paid from business account — propose Due From Owner / Owner Distribution pending substantiation.,45
2025-01-13,2025_Poseidon_Partners_AmexCharges.xlsx,Unassigned / Allocation Required,AMAZON MARKETPLACE NAMZN.COM/BILL WA,-122.25,Amazon,Office,Unassigned / Allocation Required,Refund/credit/points,Credit / refund / points — contra to original expense; confirm matching original charge.,40
2025-01-13,2025_Poseidon_Partners_AmexCharges.xlsx,Unassigned / Allocation Required,AMAZON MARKEPLACE NA PA,122.25,Amazon,Office,Unassigned / Allocation Required,Entity unassigned,Entity could not be determined from source — allocate before consolidation.,40
2026-04-08,MarJune_2026_Poseidon_Partners_Amex_Charges.xlsx,Poseidon Partners,AMALTEA ALIMENTOS ECCORDOBA ES,122.11,Judd & Angela - Portugal,Suspense & Review,Poseidon Partners,Unmapped category,Unmapped — assign to Suspense & Review pending classification.,45
2025-03-17,2025_Poseidon_Partners_AmexCharges.xlsx,Unassigned / Allocation Required,EVERLANE* R363160565SAN FRANCISCO CA,121.55,Personal - Clothing,Suspense & Review,Unassigned / Allocation Required,Personal item (category marked personal),Personal expense paid from business account — propose Due From Owner / Owner Distribution pending substantiation.,40
2025-09-30,2025_Poseidon_Partners_AmexCharges.xlsx,Unassigned / Allocation Required,FRAUD CREDIT,-121.33,FRAUD CREDIT,Suspense & Review,Unassigned / Allocation Required,Refund/credit/points,Credit / refund / points — contra to original expense; confirm matching original charge.,40
2026-02-02,JanFeb_2026_Poseidon_Partners_Amex_Charges.xlsx,Poseidon Partners,"ARHAUS, LLC BOSTON HEIGHTS OH",121.24,Personal - Family,General & Administrative,Poseidon Partners,Personal item (category marked personal),Personal expense paid from business account — propose Due From Owner / Owner Distribution pending substantiation.,55
2025-10-03,2025_Poseidon_Partners_AmexCharges.xlsx,Unassigned / Allocation Required,TST* BLUEYS KITCHEN LOS ANGELES CA,121.01,Personal - Food,Suspense & Review,Unassigned / Allocation Required,Personal item (category marked personal),Personal expense paid from business account — propose Due From Owner / Owner Distribution pending substantiation.,40
2025-09-30,2025_Poseidon_Partners_AmexCharges.xlsx,Unassigned / Allocation Required,FRAUD CREDIT,-120.96,FRAUD CREDIT,Suspense & Review,Unassigned / Allocation Required,Refund/credit/points,Credit / refund / points — contra to original expense; confirm matching original charge.,40
2026-01-20,JanFeb_2026_Poseidon_Partners_Amex_Charges.xlsx,Poseidon Partners,TST* CAFE GRATITUDE VENICE CA,120.22,Personal - Food,Suspense & Review,Poseidon Partners,Personal item (category marked personal),Personal expense paid from business account — propose Due From Owner / Owner Distribution pending substantiation.,45
2026-03-02,MarJune_2026_Poseidon_Partners_Amex_Charges.xlsx,Poseidon Partners,CVS PHARMACY LOS ANGELES CA,120.2,Personal - Health,Suspense & Review,Poseidon Partners,Personal item (category marked personal),Personal expense paid from business account — propose Due From Owner / Owner Distribution pending substantiation.,45
2025-05-07,2025_Poseidon_Partners_AmexCharges.xlsx,Unassigned / Allocation Required,AMAZON MARKETPLACE NAMZN.COM/BILL WA,-120.14,Amazon,Office,Unassigned / Allocation Required,Refund/credit/points,Credit / refund / points — contra to original expense; confirm matching original charge.,40
2025-05-07,2025_Poseidon_Partners_AmexCharges.xlsx,Unassigned / Allocation Required,AMAZON MARKEPLACE NA PA,120.14,Amazon,Office,Unassigned / Allocation Required,Entity unassigned,Entity could not be determined from source — allocate before consolidation.,40
2025-10-07,2025_Poseidon_Partners_AmexCharges.xlsx,Unassigned / Allocation Required,RESTORE.COM AUSTIN TX,120.0,Personal - Health,Suspense & Review,Unassigned / Allocation Required,Personal item (category marked personal),Personal expense paid from business account — propose Due From Owner / Owner Distribution pending substantiation.,40
2025-08-20,2025_Poseidon_Partners_AmexCharges.xlsx,Unassigned / Allocation Required,SILVER LEAF CIGAR LOFORT WORTH TX,120.0,Personal - Entertainment,Suspense & Review,Unassigned / Allocation Required,Personal item (category marked personal),Personal expense paid from business account — propose Due From Owner / Owner Distribution pending substantiation.,40
2025-09-30,2025_Poseidon_Partners_AmexCharges.xlsx,Unassigned / Allocation Required,FRAUD CREDIT,-119.91,FRAUD CREDIT,Suspense & Review,Unassigned / Allocation Required,Refund/credit/points,Credit / refund / points — contra to original expense; confirm matching original charge.,40
2025-11-07,2025_Poseidon_Partners_AmexCharges.xlsx,Unassigned / Allocation Required,DNH*GODADDY#39415092Tempe AZ,119.88,Go Daddy,Suspense & Review,Unassigned / Allocation Required,Unmapped category,Unmapped — assign to Suspense & Review pending classification.,40
2025-09-26,2025_Poseidon_Partners_AmexCharges.xlsx,Unassigned / Allocation Required,DNH*GODADDY#39053759Tempe AZ,119.88,Go Daddy,Suspense & Review,Unassigned / Allocation Required,Unmapped category,Unmapped — assign to Suspense & Review pending classification.,40
2025-09-04,2025_Poseidon_Partners_AmexCharges.xlsx,Unassigned / Allocation Required,DNH*GODADDY#38791705Tempe AZ,119.88,Go Daddy,Suspense & Review,Unassigned / Allocation Required,Unmapped category,Unmapped — assign to Suspense & Review pending classification.,40
2025-12-01,2025_Poseidon_Partners_AmexCharges.xlsx,Unassigned / Allocation Required,ABC*ICONFIT LOS ANGELES CA,119.52,Personal - Health,Suspense & Review,Unassigned / Allocation Required,Personal item (category marked personal),Personal expense paid from business account — propose Due From Owner / Owner Distribution pending substantiation.,40
2025-11-01,2025_Poseidon_Partners_AmexCharges.xlsx,Unassigned / Allocation Required,ABC*ICONFIT LOS ANGELES CA,119.52,Personal - Health,Suspense & Review,Unassigned / Allocation Required,Personal item (category marked personal),Personal expense paid from business account — propose Due From Owner / Owner Distribution pending substantiation.,40
2025-10-01,2025_Poseidon_Partners_AmexCharges.xlsx,Unassigned / Allocation Required,ABC*ICONFIT LOS ANGELES CA,119.52,Personal - Health,Suspense & Review,Unassigned / Allocation Required,Personal item (category marked personal),Personal expense paid from business account — propose Due From Owner / Owner Distribution pending substantiation.,40
2025-09-01,2025_Poseidon_Partners_AmexCharges.xlsx,Unassigned / Allocation Required,ABC*ICONFIT LOS ANGELES CA,119.52,Personal - Health,Suspense & Review,Unassigned / Allocation Required,Personal item (category marked personal),Personal expense paid from business account — propose Due From Owner / Owner Distribution pending substantiation.,40
2025-08-01,2025_Poseidon_Partners_AmexCharges.xlsx,Unassigned / Allocation Required,ABC*ICONFIT LOS ANGELES CA,119.52,Personal - Health,Suspense & Review,Unassigned / Allocation Required,Personal item (category marked personal),Personal expense paid from business account — propose Due From Owner / Owner Distribution pending substantiation.,40
2025-07-01,2025_Poseidon_Partners_AmexCharges.xlsx,Unassigned / Allocation Required,ABC*ICONFIT LOS ANGELES CA,119.52,Personal - Health,Suspense & Review,Unassigned / Allocation Required,Personal item (category marked personal),Personal expense paid from business account — propose Due From Owner / Owner Distribution pending substantiation.,40
2025-06-01,2025_Poseidon_Partners_AmexCharges.xlsx,Unassigned / Allocation Required,ABC*ICONFIT LOS ANGELES CA,119.52,Personal - Health,Suspense & Review,Unassigned / Allocation Required,Personal item (category marked personal),Personal expense paid from business account — propose Due From Owner / Owner Distribution pending substantiation.,40
2025-04-01,2025_Poseidon_Partners_AmexCharges.xlsx,Unassigned / Allocation Required,ABC*ICONFIT LOS ANGELES CA,119.52,Personal - Health,Suspense & Review,Unassigned / Allocation Required,Personal item (category marked personal),Personal expense paid from business account — propose Due From Owner / Owner Distribution pending substantiation.,40
2025-03-01,2025_Poseidon_Partners_AmexCharges.xlsx,Unassigned / Allocation Required,ABC*ICONFIT LOS ANGELES CA,119.52,Personal - Health,Suspense & Review,Unassigned / Allocation Required,Personal item (category marked personal),Personal expense paid from business account — propose Due From Owner / Owner Distribution pending substantiation.,40
2025-02-01,2025_Poseidon_Partners_AmexCharges.xlsx,Unassigned / Allocation Required,ABC*ICONFIT LOS ANGELES CA,119.52,Personal - Health,Suspense & Review,Unassigned / Allocation Required,Personal item (category marked personal),Personal expense paid from business account — propose Due From Owner / Owner Distribution pending substantiation.,40
2026-01-01,JanFeb_2026_Poseidon_Partners_Amex_Charges.xlsx,Poseidon Partners,ABC*ICONFIT LOS ANGELES CA,119.52,Personal - Health,Suspense & Review,Poseidon Partners,Personal item (category marked personal),Personal expense paid from business account — propose Due From Owner / Owner Distribution pending substantiation.,45
2025-09-30,2025_Poseidon_Partners_AmexCharges.xlsx,Unassigned / Allocation Required,FRAUD CREDIT,-119.06,FRAUD CREDIT,Suspense & Review,Unassigned / Allocation Required,Refund/credit/points,Credit / refund / points — contra to original expense; confirm matching original charge.,40
2025-04-18,2025_PlumCard_Dunnings.xlsx,DWG Capital Partners,UBER EATS,118.86,Judd/Angela Italy Trip,Travel,DWG Capital Partners,Personal item (B/P flag = personal),Personal expense paid from business account — propose Due From Owner / Owner Distribution pending substantiation.,84
2025-08-13,2025_Poseidon_Partners_AmexCharges.xlsx,Unassigned / Allocation Required,MAYFAIR HOUSE CRES COCONUT GROVE FL,118.66,Miami Investor Trip,Suspense & Review,Unassigned / Allocation Required,Unmapped category; Same-file repeat — verify not double-entered (SFR-0035),Unmapped — assign to Suspense & Review pending classification.,40
2025-08-13,2025_Poseidon_Partners_AmexCharges.xlsx,Unassigned / Allocation Required,MAYFAIR HOUSE CRES COCONUT GROVE FL,118.66,Miami Investor Trip,Suspense & Review,Unassigned / Allocation Required,Unmapped category; Same-file repeat — verify not double-entered (SFR-0035),Unmapped — assign to Suspense & Review pending classification.,40
2025-07-10,2025_Poseidon_Partners_AmexCharges.xlsx,Unassigned / Allocation Required,LAZY DOG RESTAURANT NEWARK CA,118.31,San Francisco Investor Meeting,Investor Relations,Unassigned / Allocation Required,Entity unassigned,Entity could not be determined from source — allocate before consolidation.,40
2025-09-05,2025_Poseidon_Partners_AmexCharges.xlsx,Unassigned / Allocation Required,DNH*GODADDY#38803084Tempe AZ,118.13,Go Daddy,Suspense & Review,Unassigned / Allocation Required,Unmapped category,Unmapped — assign to Suspense & Review pending classification.,40
2025-04-24,2025_Poseidon_Partners_AmexCharges.xlsx,Unassigned / Allocation Required,AMAZON MARKETPLACE NAMZN.COM/BILL WA,-117.46,Amazon,Office,Unassigned / Allocation Required,Refund/credit/points,Credit / refund / points — contra to original expense; confirm matching original charge.,40
2025-04-24,2025_Poseidon_Partners_AmexCharges.xlsx,Unassigned / Allocation Required,AMAZON MARKEPLACE NA PA,117.46,Amazon,Office,Unassigned / Allocation Required,Entity unassigned,Entity could not be determined from source — allocate before consolidation.,40
2025-08-08,2025_Poseidon_Partners_AmexCharges.xlsx,Unassigned / Allocation Required,DICE.FM NEW YORK NY,117.42,Software & Subscriptions,Software & Technology,Unassigned / Allocation Required,Entity unassigned,Entity could not be determined from source — allocate before consolidation.,40
2025-03-13,2025_Poseidon_Partners_AmexCharges.xlsx,Unassigned / Allocation Required,AMAZON MARKETPLACE NAMZN.COM/BILL WA,-116.88,Amazon,Office,Unassigned / Allocation Required,Refund/credit/points,Credit / refund / points — contra to original expense; confirm matching original charge.,40
2025-03-13,2025_Poseidon_Partners_AmexCharges.xlsx,Unassigned / Allocation Required,AMAZON MARKEPLACE NA PA,116.88,Amazon,Office,Unassigned / Allocation Required,Entity unassigned,Entity could not be determined from source — allocate before consolidation.,40
2025-08-08,2025_Poseidon_Partners_AmexCharges.xlsx,Unassigned / Allocation Required,TST* CAFE GRATITUDE VENICE CA,116.83,Personal - Food,Suspense & Review,Unassigned / Allocation Required,Personal item (category marked personal),Personal expense paid from business account — propose Due From Owner / Owner Distribution pending substantiation.,40
2025-09-30,2025_Poseidon_Partners_AmexCharges.xlsx,Unassigned / Allocation Required,FRAUD CREDIT,-116.33,FRAUD CREDIT,Suspense & Review,Unassigned / Allocation Required,Refund/credit/points,Credit / refund / points — contra to original expense; confirm matching original charge.,40
2025-02-12,2025_Poseidon_Partners_AmexCharges.xlsx,Unassigned / Allocation Required,EXPEDIA.COM TRAVEL SEATTLE WA,116.0,Team Travel (Angela),Travel,Unassigned / Allocation Required,Entity unassigned,Entity could not be determined from source — allocate before consolidation.,40
2025-05-12,2025_Poseidon_Partners_AmexCharges.xlsx,Unassigned / Allocation Required,TST* CAFE GRATITUDE VENICE CA,115.51,Personal - Food,Suspense & Review,Unassigned / Allocation Required,Personal item (category marked personal),Personal expense paid from business account — propose Due From Owner / Owner Distribution pending substantiation.,40
2025-09-22,2025_Poseidon_Partners_AmexCharges.xlsx,Unassigned / Allocation Required,TST* BLUEYS KITCHEN LOS ANGELES CA,115.28,Personal - Food,Suspense & Review,Unassigned / Allocation Required,Personal item (category marked personal),Personal expense paid from business account — propose Due From Owner / Owner Distribution pending substantiation.,40
2025-09-13,2025_PlumCard_Dunnings.xlsx,DWG Capital Partners,LA CABANA - VENICE 5877-8144102,115.13,Personal - Food,Suspense & Review,DWG Capital Partners,Personal item (B/P flag = personal),Personal expense paid from business account — propose Due From Owner / Owner Distribution pending substantiation.,45
2025-04-23,2025_Poseidon_Partners_AmexCharges.xlsx,Unassigned / Allocation Required,DNH*GODADDY#37224430Tempe AZ,115.13,Go Daddy,Suspense & Review,Unassigned / Allocation Required,Unmapped category,Unmapped — assign to Suspense & Review pending classification.,40
2025-02-15,2025_PlumCard_Dunnings.xlsx,DWG Capital Partners,AplPay FRANKLIN PLAN800-654-1776,114.91,Personal - Health,Suspense & Review,DWG Capital Partners,Personal item (B/P flag = personal),Personal expense paid from business account — propose Due From Owner / Owner Distribution pending substantiation.,45
2025-06-08,2025_Poseidon_Partners_AmexCharges.xlsx,Unassigned / Allocation Required,M&B PHO SHOW INC 000CULVER CITY CA,114.56,Personal - Food,Suspense & Review,Unassigned / Allocation Required,Personal item (category marked personal),Personal expense paid from business account — propose Due From Owner / Owner Distribution pending substantiation.,40
2026-04-28,MarJune_2026_Poseidon_Partners_Amex_Charges.xlsx,Poseidon Partners,VERSAILLES CUBAN FOOLos Angeles CA,114.1,Personal - Food,Suspense & Review,Poseidon Partners,Personal item (category marked personal),Personal expense paid from business account — propose Due From Owner / Owner Distribution pending substantiation.,45
2025-06-05,2025_Poseidon_Partners_AmexCharges.xlsx,Unassigned / Allocation Required,TST* DONS LIGHTHOUSECLEVELAND OH,113.69,Ohio Site Visit,Suspense & Review,Unassigned / Allocation Required,Unmapped category,Unmapped — assign to Suspense & Review pending classification.,40
2026-01-13,JanFeb_2026_Poseidon_Partners_Amex_Charges.xlsx,Poseidon Partners,PACOS TACOS LOS ANGELES CA,113.66,Personal - Food,Suspense & Review,Poseidon Partners,Personal item (category marked personal),Personal expense paid from business account — propose Due From Owner / Owner Distribution pending substantiation.,45
2025-12-29,2025_PlumCard_Dunnings.xlsx,DWG Capital Partners,BCF-SWARTZ BAY,113.46,Family Trip,Travel,DWG Capital Partners,Personal item (B/P flag = personal),Personal expense paid from business account — propose Due From Owner / Owner Distribution pending substantiation.,60
2025-09-01,2025_Poseidon_Partners_AmexCharges.xlsx,Unassigned / Allocation Required,TSUNAMI SUSHI JACO PUNTARENAS PU,113.36,Personal - Food,Suspense & Review,Unassigned / Allocation Required,Personal item (category marked personal),Personal expense paid from business account — propose Due From Owner / Owner Distribution pending substantiation.,40
2026-05-21,MarJune_2026_Poseidon_Partners_Amex_Charges.xlsx,Poseidon Partners,TST* THE BUTCHER'S DVENICE CA,113.35,Personal - Food,Suspense & Review,Poseidon Partners,Personal item (category marked personal),Personal expense paid from business account — propose Due From Owner / Owner Distribution pending substantiation.,45
2026-02-07,JanFeb_2026_Poseidon_Partners_Amex_Charges.xlsx,Poseidon Partners,CARBON HEALTH OAKLAND CA,113.03,Personal - Health,Auto,Poseidon Partners,Personal item (category marked personal),Personal expense paid from business account — propose Due From Owner / Owner Distribution pending substantiation.,76
2026-01-16,JanFeb_2026_Poseidon_Partners_Amex_Charges.xlsx,Poseidon Partners,TST* CAFE GRATITUDE VENICE CA,112.91,Personal - Food,Suspense & Review,Poseidon Partners,Personal item (category marked personal),Personal expense paid from business account — propose Due From Owner / Owner Distribution pending substantiation.,45
2025-03-09,2025_Poseidon_Partners_AmexCharges.xlsx,Unassigned / Allocation Required,ALESSA 6500000120973NEWPORT COAST CA,112.86,Personal - Food,Suspense & Review,Unassigned / Allocation Required,Personal item (category marked personal),Personal expense paid from business account — propose Due From Owner / Owner Distribution pending substantiation.,40
2026-05-10,MarJune_2026_Poseidon_Partners_Amex_Charges.xlsx,Poseidon Partners,TST* THE BUTCHER'S DVENICE CA,112.64,Personal - Food,Suspense & Review,Poseidon Partners,Personal item (category marked personal),Personal expense paid from business account — propose Due From Owner / Owner Distribution pending substantiation.,45
2025-08-30,2025_Poseidon_Partners_AmexCharges.xlsx,Unassigned / Allocation Required,EXPEDIA 732251210120EXPEDIA.COM WA,112.0,Costa Rica Trip,Suspense & Review,Unassigned / Allocation Required,Unmapped category,Unmapped — assign to Suspense & Review pending classification.,40
2026-03-18,MarJune_2026_Poseidon_Partners_Amex_Charges.xlsx,Poseidon Partners,TST* BLUEYS KITCHEN LOS ANGELES CA,111.91,Personal - Food,Suspense & Review,Poseidon Partners,Personal item (category marked personal),Personal expense paid from business account — propose Due From Owner / Owner Distribution pending substantiation.,45
2026-04-07,MarJune_2026_Poseidon_Partners_Amex_Charges.xlsx,Poseidon Partners,ALIMENTARI E DIVERSISEVILLA ES,111.22,Judd & Angela - Portugal,Suspense & Review,Poseidon Partners,Unmapped category,Unmapped — assign to Suspense & Review pending classification.,45
2025-03-18,2025_Poseidon_Partners_AmexCharges.xlsx,Unassigned / Allocation Required,JACKS SURF BOARDS SANTA MONICA CA,111.02,Personal - Entertainment,Suspense & Review,Unassigned / Allocation Required,Personal item (category marked personal),Personal expense paid from business account — propose Due From Owner / Owner Distribution pending substantiation.,40
2025-09-17,2025_Poseidon_Partners_AmexCharges.xlsx,Unassigned / Allocation Required,TST* CAFE GRATITUDE VENICE CA,110.57,Personal - Food,Suspense & Review,Unassigned / Allocation Required,Personal item (category marked personal),Personal expense paid from business account — propose Due From Owner / Owner Distribution pending substantiation.,40
2026-06-02,Mar-June_2026_DWGRE_Amex_Charges.xlsx,DWG Capital Group,AMERICAN AIRLINES 800-433-7300 TX,-110.5,Team Travel,Travel,DWG Capital Group,Refund/credit/points,Credit / refund / points — contra to original expense; confirm matching original charge.,84
2025-03-29,2025_Poseidon_Partners_AmexCharges.xlsx,Unassigned / Allocation Required,PAYA THAI LA LLC. BLLOS ANGELES CA,110.0,Personal - Health,Suspense & Review,Unassigned / Allocation Required,Personal item (category marked personal),Personal expense paid from business account — propose Due From Owner / Owner Distribution pending substantiation.,40
2025-02-01,2025_PlumCard_Dunnings.xlsx,DWG Capital Partners,AplPay TELEFLORA.COMLOS ANGELES,109.71,Personal - Entertainment,Suspense & Review,DWG Capital Partners,Personal item (B/P flag = personal),Personal expense paid from business account — propose Due From Owner / Owner Distribution pending substantiation.,45
2026-05-16,MarJune_2026_Poseidon_Partners_Amex_Charges.xlsx,Poseidon Partners,BUN AND MI Santa Monica CA,109.59,Personal - Food,Suspense & Review,Poseidon Partners,Personal item (category marked personal),Personal expense paid from business account — propose Due From Owner / Owner Distribution pending substantiation.,45
2025-01-01,2025_Poseidon_Partners_AmexCharges.xlsx,Unassigned / Allocation Required,ABC*ICONFIT LOS ANGELES CA,109.52,Personal - Health,Suspense & Review,Unassigned / Allocation Required,Personal item (category marked personal),Personal expense paid from business account — propose Due From Owner / Owner Distribution pending substantiation.,40
2026-04-29,MarJune_2026_Poseidon_Partners_Amex_Charges.xlsx,Poseidon Partners,TST* BLUEYS KITCHEN LOS ANGELES CA,109.21,Personal - Food,Suspense & Review,Poseidon Partners,Personal item (category marked personal),Personal expense paid from business account — propose Due From Owner / Owner Distribution pending substantiation.,45
2025-12-15,2025_Poseidon_Partners_AmexCharges.xlsx,Unassigned / Allocation Required,PAYA THAI LA LLC LOS ANGELES CA,109.0,Personal - Health,Suspense & Review,Unassigned / Allocation Required,Personal item (category marked personal),Personal expense paid from business account — propose Due From Owner / Owner Distribution pending substantiation.,40
2025-09-29,2025_Poseidon_Partners_AmexCharges.xlsx,Unassigned / Allocation Required,TST* BLUEYS KITCHEN LOS ANGELES CA,108.82,Personal - Food,Suspense & Review,Unassigned / Allocation Required,Personal item (category marked personal),Personal expense paid from business account — propose Due From Owner / Owner Distribution pending substantiation.,40
2025-09-30,2025_Poseidon_Partners_AmexCharges.xlsx,Unassigned / Allocation Required,FRAUD CREDIT,-108.39,FRAUD CREDIT,Suspense & Review,Unassigned / Allocation Required,Refund/credit/points,Credit / refund / points — contra to original expense; confirm matching original charge.,40
2025-03-02,2025_Poseidon_Partners_AmexCharges.xlsx,Unassigned / Allocation Required,ROSS DRESS FOR LESS VENICE CA,108.37,Personal - House,Suspense & Review,Unassigned / Allocation Required,Personal item (category marked personal),Personal expense paid from business account — propose Due From Owner / Owner Distribution pending substantiation.,40
2025-10-30,2025_Poseidon_Partners_AmexCharges.xlsx,Unassigned / Allocation Required,MINTY BOI INC Dallas TX,108.25,Personal - Food,Suspense & Review,Unassigned / Allocation Required,Personal item (category marked personal),Personal expense paid from business account — propose Due From Owner / Owner Distribution pending substantiation.,40
2025-01-30,2025_Poseidon_Partners_AmexCharges.xlsx,Unassigned / Allocation Required,AMAZON MARKETPLACE NAMZN.COM/BILL WA,-108.24,Amazon,Office,Unassigned / Allocation Required,Refund/credit/points,Credit / refund / points — contra to original expense; confirm matching original charge.,40
2025-01-30,2025_Poseidon_Partners_AmexCharges.xlsx,Unassigned / Allocation Required,AMAZON MARKEPLACE NA PA,108.24,Amazon,Office,Unassigned / Allocation Required,Entity unassigned,Entity could not be determined from source — allocate before consolidation.,40
2025-03-07,2025_Poseidon_Partners_AmexCharges.xlsx,Unassigned / Allocation Required,AMAZON.COM AMZN.COM/BILL WA,108.2,Amazon,Office,Unassigned / Allocation Required,Entity unassigned,Entity could not be determined from source — allocate before consolidation.,40
2026-04-11,MarJune_2026_Poseidon_Partners_Amex_Charges.xlsx,Poseidon Partners,REPSOL E0772 MONTEMOR-O-NOVO,108.08,Judd & Angela - Portugal,Suspense & Review,Poseidon Partners,Unmapped category,Unmapped — assign to Suspense & Review pending classification.,45
2025-11-21,2025_Poseidon_Partners_AmexCharges.xlsx,Unassigned / Allocation Required,VIMEO PRO 212-625-0668 NY,108.0,Software & Subscriptions,Software & Technology,Unassigned / Allocation Required,Entity unassigned,Entity could not be determined from source — allocate before consolidation.,40
2025-03-17,2025_Poseidon_Partners_AmexCharges.xlsx,Unassigned / Allocation Required,EXPEDIA.COM TRAVEL SEATTLE WA,107.91,Team Travel (Judd),Travel,Unassigned / Allocation Required,Entity unassigned; Same-file repeat — verify not double-entered (SFR-0048),Entity could not be determined from source — allocate before consolidation.,40
2025-03-17,2025_Poseidon_Partners_AmexCharges.xlsx,Unassigned / Allocation Required,EXPEDIA.COM TRAVEL SEATTLE WA,107.91,Team Travel (Angela),Travel,Unassigned / Allocation Required,Entity unassigned; Same-file repeat — verify not double-entered (SFR-0048),Entity could not be determined from source — allocate before consolidation.,40
2025-04-18,2025_PlumCard_Dunnings.xlsx,DWG Capital Partners,RIFUGIO ROMANO RISTOROMA,107.74,Judd/Angela Italy Trip,Suspense & Review,DWG Capital Partners,Personal item (B/P flag = personal),Personal expense paid from business account — propose Due From Owner / Owner Distribution pending substantiation.,45
2025-06-04,2025_Poseidon_Partners_AmexCharges.xlsx,Unassigned / Allocation Required,SOUTH VILLAGE GRILLECOLUMBUS OH,107.69,Ohio Site Visit,Suspense & Review,Unassigned / Allocation Required,Unmapped category,Unmapped — assign to Suspense & Review pending classification.,40
2026-03-10,MarJune_2026_Poseidon_Partners_Amex_Charges.xlsx,Poseidon Partners,TST* BLUEYS KITCHEN LOS ANGELES CA,107.41,Personal - Food,Suspense & Review,Poseidon Partners,Personal item (category marked personal),Personal expense paid from business account — propose Due From Owner / Owner Distribution pending substantiation.,45
2026-05-27,MarJune_2026_Poseidon_Partners_Amex_Charges.xlsx,Poseidon Partners,BLU JASMINE HUDSON OAKS TX,106.95,Personal - Food,Suspense & Review,Poseidon Partners,Personal item (category marked personal),Personal expense paid from business account — propose Due From Owner / Owner Distribution pending substantiation.,45
2025-03-02,2025_Poseidon_Partners_AmexCharges.xlsx,Unassigned / Allocation Required,APPLE STORE R026 R02CHANDLER AZ,106.67,DWG Electronics,Suspense & Review,Unassigned / Allocation Required,Unmapped category,Unmapped — assign to Suspense & Review pending classification.,40
2025-07-04,2025_Poseidon_Partners_AmexCharges.xlsx,Unassigned / Allocation Required,"EVITE, INC. LOS ANGELES CA",106.58,San Francisco Investor Meeting,Investor Relations,Unassigned / Allocation Required,Entity unassigned,Entity could not be determined from source — allocate before consolidation.,40
2025-03-11,2025_Poseidon_Partners_AmexCharges.xlsx,Unassigned / Allocation Required,TST* CAFE GRATITUDE VENICE CA,106.25,Personal - Food,Suspense & Review,Unassigned / Allocation Required,Personal item (category marked personal),Personal expense paid from business account — propose Due From Owner / Owner Distribution pending substantiation.,40
2026-02-04,JanFeb_2026_Poseidon_Partners_Amex_Charges.xlsx,Poseidon Partners,AMZ*UAF9OMAXY DFW GRDALLAS TX,106.04,Personal - Food,Suspense & Review,Poseidon Partners,Personal item (category marked personal),Personal expense paid from business account — propose Due From Owner / Owner Distribution pending substantiation.,45
2025-02-21,2025_Poseidon_Partners_AmexCharges.xlsx,Unassigned / Allocation Required,AMAZON MARKETPLACE NAMZN.COM/BILL WA,-105.95,Amazon,Office,Unassigned / Allocation Required,Refund/credit/points,Credit / refund / points — contra to original expense; confirm matching original charge.,40
2025-02-21,2025_Poseidon_Partners_AmexCharges.xlsx,Unassigned / Allocation Required,AMAZON MARKEPLACE NA PA,105.95,Amazon,Office,Unassigned / Allocation Required,Entity unassigned,Entity could not be determined from source — allocate before consolidation.,40
2025-01-13,2025_Poseidon_Partners_AmexCharges.xlsx,Unassigned / Allocation Required,AMAZON MARKETPLACE NAMZN.COM/BILL WA,-105.95,Amazon,Office,Unassigned / Allocation Required,Refund/credit/points,Credit / refund / points — contra to original expense; confirm matching original charge.,40
2025-01-13,2025_Poseidon_Partners_AmexCharges.xlsx,Unassigned / Allocation Required,AMAZON MARKEPLACE NA PA,105.95,Amazon,Office,Unassigned / Allocation Required,Entity unassigned,Entity could not be determined from source — allocate before consolidation.,40
2026-03-27,MarJune_2026_Poseidon_Partners_Amex_Charges.xlsx,Poseidon Partners,GRANDVIEW CLEANERS 5LOS ANGELES CA,105.44,Personal - Clothing,Suspense & Review,Poseidon Partners,Personal item (category marked personal),Personal expense paid from business account — propose Due From Owner / Owner Distribution pending substantiation.,45
2025-05-22,2025_Poseidon_Partners_AmexCharges.xlsx,Unassigned / Allocation Required,OLD ABSINTHE HOUSE 2504-5240114 LA,105.28,New Orleans Family Trip,Travel,Unassigned / Allocation Required,Personal item (category marked family/household),Personal expense paid from business account — propose Due From Owner / Owner Distribution pending substantiation.,40
2025-05-22,2025_Poseidon_Partners_AmexCharges.xlsx,Unassigned / Allocation Required,PY *DKB GROUP LLC 00NEW ORLEANS LA,105.25,New Orleans Family Trip,Travel,Unassigned / Allocation Required,Personal item (category marked family/household),Personal expense paid from business account — propose Due From Owner / Owner Distribution pending substantiation.,40
2025-12-09,2025_Poseidon_Partners_AmexCharges.xlsx,Unassigned / Allocation Required,LA ZONA ROSA MONTGOMERY AL,105.24,Team Travel (Judd),Travel,Unassigned / Allocation Required,Entity unassigned,Entity could not be determined from source — allocate before consolidation.,40
2026-06-07,MarJune_2026_Poseidon_Partners_Amex_Charges.xlsx,Poseidon Partners,TST* CORK & PIG - WIWILLOW PARK TX,105.0,Personal - Food,Suspense & Review,Poseidon Partners,Personal item (category marked personal),Personal expense paid from business account — propose Due From Owner / Owner Distribution pending substantiation.,45
2025-09-30,2025_Poseidon_Partners_AmexCharges.xlsx,Unassigned / Allocation Required,FRAUD CREDIT,-104.93,FRAUD CREDIT,Suspense & Review,Unassigned / Allocation Required,Refund/credit/points,Credit / refund / points — contra to original expense; confirm matching original charge.,40
2026-01-04,JanFeb_2026_Poseidon_Partners_Amex_Charges.xlsx,Poseidon Partners,TST* DAN MODERN - SALOS ANGELES CA,104.81,Personal - Clothing,Suspense & Review,Poseidon Partners,Personal item (category marked personal),Personal expense paid from business account — propose Due From Owner / Owner Distribution pending substantiation.,45
2025-09-02,2025_Poseidon_Partners_AmexCharges.xlsx,Unassigned / Allocation Required,GASOLINERA PARRITA PUNTARENAS PU,104.09,Costa Rica Trip,Suspense & Review,Unassigned / Allocation Required,Unmapped category,Unmapped — assign to Suspense & Review pending classification.,40
2025-12-18,2025_PlumCard_Dunnings.xlsx,DWG Capital Partners,BOOK SOUP ST1475 147CARSON,104.01,Family Trip,Auto,DWG Capital Partners,Personal item (B/P flag = personal),Personal expense paid from business account — propose Due From Owner / Owner Distribution pending substantiation.,76
2026-02-20,JanFeb_2026_Poseidon_Partners_Amex_Charges.xlsx,Poseidon Partners,CARBON HEALTH OAKLAND CA,-103.41,Personal - Health,Auto,Poseidon Partners,Personal item (category marked personal),Personal expense paid from business account — propose Due From Owner / Owner Distribution pending substantiation.,76
2025-02-01,2025_PlumCard_Dunnings.xlsx,DWG Capital Partners,UBER EATS,103.38,Personal - Food,Travel,DWG Capital Partners,Personal item (B/P flag = personal),Personal expense paid from business account — propose Due From Owner / Owner Distribution pending substantiation.,84
2025-04-11,2025_Poseidon_Partners_AmexCharges.xlsx,Unassigned / Allocation Required,PITTI FIRENZE,103.28,Italy Trip (Judd/Angela),Suspense & Review,Unassigned / Allocation Required,Unmapped category,Unmapped — assign to Suspense & Review pending classification.,40
2025-06-20,2025_PlumCard_Dunnings.xlsx,DWG Capital Partners,PAYPAL *SENTHA,103.2,Personal - Health,Suspense & Review,DWG Capital Partners,Personal item (B/P flag = personal),Personal expense paid from business account — propose Due From Owner / Owner Distribution pending substantiation.,45
2025-09-30,2025_Poseidon_Partners_AmexCharges.xlsx,Unassigned / Allocation Required,FRAUD CREDIT,-102.92,FRAUD CREDIT,Suspense & Review,Unassigned / Allocation Required,Refund/credit/points,Credit / refund / points — contra to original expense; confirm matching original charge.,40
2025-09-18,2025_Poseidon_Partners_AmexCharges.xlsx,Unassigned / Allocation Required,TST* BLUEYS KITCHEN LOS ANGELES CA,102.61,Personal - Food,Suspense & Review,Unassigned / Allocation Required,Personal item (category marked personal),Personal expense paid from business account — propose Due From Owner / Owner Distribution pending substantiation.,40
2026-01-11,JanFeb_2026_Poseidon_Partners_Amex_Charges.xlsx,Poseidon Partners,HOLLOWAY HOUSE F&B WEST HOLLYWOO CA,102.47,Donation,Suspense & Review,Poseidon Partners,Unmapped category,Unmapped — assign to Suspense & Review pending classification.,45
2026-01-08,JanFeb_2026_Poseidon_Partners_Amex_Charges.xlsx,Poseidon Partners,WP*WORDPRESS SY8EMAUSAN FRANCISCO CA,102.34,Personal - Word Press,Suspense & Review,Poseidon Partners,Personal item (category marked personal),Personal expense paid from business account — propose Due From Owner / Owner Distribution pending substantiation.,45
2026-04-12,MarJune_2026_Poseidon_Partners_Amex_Charges.xlsx,Poseidon Partners,TAPDCS_JFE PT PR,102.13,Judd & Angela - Portugal,Suspense & Review,Poseidon Partners,Unmapped category; Same-file repeat — verify not double-entered (SFR-0071),Unmapped — assign to Suspense & Review pending classification.,45
2026-04-12,MarJune_2026_Poseidon_Partners_Amex_Charges.xlsx,Poseidon Partners,TAPDCS_JFE PT PR,102.13,Judd & Angela - Portugal,Suspense & Review,Poseidon Partners,Unmapped category; Same-file repeat — verify not double-entered (SFR-0071),Unmapped — assign to Suspense & Review pending classification.,45
2025-02-27,2025_Poseidon_Partners_AmexCharges.xlsx,Unassigned / Allocation Required,AMAZON MARKETPLACE NAMZN.COM/BILL WA,-101.97,Amazon,Office,Unassigned / Allocation Required,Refund/credit/points,Credit / refund / points — contra to original expense; confirm matching original charge.,40
2025-02-27,2025_Poseidon_Partners_AmexCharges.xlsx,Unassigned / Allocation Required,AMAZON MARKEPLACE NA PA,101.97,Amazon,Office,Unassigned / Allocation Required,Entity unassigned,Entity could not be determined from source — allocate before consolidation.,40
2025-09-30,2025_Poseidon_Partners_AmexCharges.xlsx,Unassigned / Allocation Required,FRAUD CREDIT,-101.83,FRAUD CREDIT,Suspense & Review,Unassigned / Allocation Required,Refund/credit/points,Credit / refund / points — contra to original expense; confirm matching original charge.,40
2026-05-18,MarJune_2026_Poseidon_Partners_Amex_Charges.xlsx,Poseidon Partners,GILBERTS EL INDIO LLSANTA MONICA CA,101.82,Personal - Food,Suspense & Review,Poseidon Partners,Personal item (category marked personal),Personal expense paid from business account — propose Due From Owner / Owner Distribution pending substantiation.,45
2025-10-10,2025_Poseidon_Partners_AmexCharges.xlsx,Unassigned / Allocation Required,TST* POPULUS HOTEL- DENVER CO,101.78,Denver Trip,Travel,Unassigned / Allocation Required,Entity unassigned,Entity could not be determined from source — allocate before consolidation.,40
2025-06-25,2025_Poseidon_Partners_AmexCharges.xlsx,Unassigned / Allocation Required,AMAZON.COM AMZN.COM/BILL WA,101.16,Amazon,Office,Unassigned / Allocation Required,Entity unassigned,Entity could not be determined from source — allocate before consolidation.,40
2025-09-04,2025_Poseidon_Partners_AmexCharges.xlsx,Unassigned / Allocation Required,INFIERNO WOOD FIRED PUNTARENAS PU,101.07,Costa Rica Trip,Suspense & Review,Unassigned / Allocation Required,Unmapped category,Unmapped — assign to Suspense & Review pending classification.,40
2025-01-04,2025_Poseidon_Partners_AmexCharges.xlsx,Unassigned / Allocation Required,TST* BLUEYS KITCHEN LOS ANGELES CA,101.01,Personal - Food,Suspense & Review,Unassigned / Allocation Required,Personal item (category marked personal),Personal expense paid from business account — propose Due From Owner / Owner Distribution pending substantiation.,40
2026-04-16,MarJune_2026_Poseidon_Partners_Amex_Charges.xlsx,Poseidon Partners,TEYA*IL MULINO RUA JLISBOA PR,100.99,Judd & Angela - Portugal,Suspense & Review,Poseidon Partners,Unmapped category,Unmapped — assign to Suspense & Review pending classification.,45
2025-11-09,2025_Poseidon_Partners_AmexCharges.xlsx,Unassigned / Allocation Required,LA CABANA - VENICE 5877-8144102 CA,100.88,Personal - Food,Suspense & Review,Unassigned / Allocation Required,Personal item (category marked personal),Personal expense paid from business account — propose Due From Owner / Owner Distribution pending substantiation.,40
2026-03-27,MarJune_2026_Poseidon_Partners_Amex_Charges.xlsx,Poseidon Partners,TST* BLUEYS KITCHEN LOS ANGELES CA,100.51,Personal - Food,Suspense & Review,Poseidon Partners,Personal item (category marked personal),Personal expense paid from business account — propose Due From Owner / Owner Distribution pending substantiation.,45
2025-09-19,2025_Poseidon_Partners_AmexCharges.xlsx,Unassigned / Allocation Required,TST* BLUEYS KITCHEN LOS ANGELES CA,100.26,Personal - Food,Suspense & Review,Unassigned / Allocation Required,Personal item (category marked personal),Personal expense paid from business account — propose Due From Owner / Owner Distribution pending substantiation.,40
2025-03-31,2025_PlumCard_Dunnings.xlsx,DWG Capital Partners,ITA AIRWAYS,100.0,Judd/Angela Italy Trip,Suspense & Review,DWG Capital Partners,Personal item (B/P flag = personal),Personal expense paid from business account — propose Due From Owner / Owner Distribution pending substantiation.,45
2025-08-24,2025_Poseidon_Partners_AmexCharges.xlsx,Unassigned / Allocation Required,TST* THE LOCAL YOLK MANHATTAN BEACH CA,100.0,Personal - Food,Suspense & Review,Unassigned / Allocation Required,Personal item (category marked personal),Personal expense paid from business account — propose Due From Owner / Owner Distribution pending substantiation.,40
2025-02-06,2025_Poseidon_Partners_AmexCharges.xlsx,Unassigned / Allocation Required,CMT PHOENIX 330016PHOENIX AZ,100.0,Team Travel (Judd),Travel,Unassigned / Allocation Required,Entity unassigned,Entity could not be determined from source — allocate before consolidation.,40
2026-02-11,JanFeb_2026_Poseidon_Partners_Amex_Charges.xlsx,Poseidon Partners,CAMDEN & MERIDEW PC*FISHERS IN,100.0,DWGCP Lawsuit,Suspense & Review,Poseidon Partners,Unmapped category,Unmapped — assign to Suspense & Review pending classification.,45
2026-04-17,MarJune_2026_Poseidon_Partners_Amex_Charges.xlsx,Poseidon Partners,PACOS TACOS LOS ANGELES CA,100.0,Personal - Food,Suspense & Review,Poseidon Partners,Personal item (category marked personal),Personal expense paid from business account — propose Due From Owner / Owner Distribution pending substantiation.,45
2026-05-21,MarJune_2026_Poseidon_Partners_Amex_Charges.xlsx,Poseidon Partners,ROSS DRESS FOR LESS VENICE CA,99.85,Personal - ? ,Suspense & Review,Poseidon Partners,Personal item (category marked personal),Personal expense paid from business account — propose Due From Owner / Owner Distribution pending substantiation.,45
2025-11-29,2025_Poseidon_Partners_AmexCharges.xlsx,Unassigned / Allocation Required,LARRYS SHAVER SHOPPESANTA MONICA CA,99.62,Personal - Entertainment,Suspense & Review,Unassigned / Allocation Required,Personal item (category marked personal),Personal expense paid from business account — propose Due From Owner / Owner Distribution pending substantiation.,40
2026-05-20,MarJune_2026_Poseidon_Partners_Amex_Charges.xlsx,Poseidon Partners,PACOS TACOS LOS ANGELES CA,99.49,Personal - Food,Suspense & Review,Poseidon Partners,Personal item (category marked personal),Personal expense paid from business account — propose Due From Owner / Owner Distribution pending substantiation.,45
2026-05-14,Mar-May_2026_DWGCP_Amex_Charges.xlsx,DWG Capital Partners,TST* BLUEYS KITCHEN,99.44,Team Lunch,Meals & Entertainment,DWG Capital Partners,Personal item (B/P flag = personal),Personal expense paid from business account — propose Due From Owner / Owner Distribution pending substantiation.,82
2025-04-13,2025_PlumCard_Dunnings.xlsx,DWG Capital Partners,RISTORANTE NESSUN DOCORTONA,99.41,Judd/Angela Italy Trip,Suspense & Review,DWG Capital Partners,Personal item (B/P flag = personal),Personal expense paid from business account — propose Due From Owner / Owner Distribution pending substantiation.,45
2025-11-28,2025_PlumCard_Dunnings.xlsx,DWG Capital Partners,WORDPRESS BLAZE,99.0,Wordpress,Suspense & Review,DWG Capital Partners,Unmapped category,Unmapped — assign to Suspense & Review pending classification.,45
2025-01-04,2025_Poseidon_Partners_AmexCharges.xlsx,Unassigned / Allocation Required,DRI*AVID TECHNOLOGY AVID.COM MN,99.0,Software & Subscriptions,Software & Technology,Unassigned / Allocation Required,Entity unassigned,Entity could not be determined from source — allocate before consolidation.,40
2026-04-24,MarJune_2026_Poseidon_Partners_Amex_Charges.xlsx,Poseidon Partners,CASABLANCA RESTAURANVENICE CA,98.99,Personal - Food,Suspense & Review,Poseidon Partners,Personal item (category marked personal),Personal expense paid from business account — propose Due From Owner / Owner Distribution pending substantiation.,45
2025-09-12,2025_Poseidon_Partners_AmexCharges.xlsx,Unassigned / Allocation Required,TST* BLUEYS KITCHEN LOS ANGELES CA,98.43,Personal - Food,Suspense & Review,Unassigned / Allocation Required,Personal item (category marked personal),Personal expense paid from business account — propose Due From Owner / Owner Distribution pending substantiation.,40
2025-12-30,2025_PlumCard_Dunnings.xlsx,DWG Capital Partners,MUJI ROBSON STREET 4VANCOUVER,97.45,Family Trip,Travel,DWG Capital Partners,Personal item (B/P flag = personal),Personal expense paid from business account — propose Due From Owner / Owner Distribution pending substantiation.,60
2025-05-02,2025_Poseidon_Partners_AmexCharges.xlsx,Unassigned / Allocation Required,AMAZON.COM AMZN.COM/BILL WA,97.4,Amazon,Office,Unassigned / Allocation Required,Entity unassigned,Entity could not be determined from source — allocate before consolidation.,40
2025-11-24,2025_PlumCard_Dunnings.xlsx,DWG Capital Partners,PAYPAL *TICKETMASTER8006538000,97.2,Personal - Entertainment,Suspense & Review,DWG Capital Partners,Personal item (B/P flag = personal),Personal expense paid from business account — propose Due From Owner / Owner Distribution pending substantiation.,45
2026-03-12,MarJune_2026_Poseidon_Partners_Amex_Charges.xlsx,Poseidon Partners,CNNST2705 2705 ATLANTA GA,-97.19,Scam,Suspense & Review,Poseidon Partners,Refund/credit/points,Credit / refund / points — contra to original expense; confirm matching original charge.,45
2026-03-12,MarJune_2026_Poseidon_Partners_Amex_Charges.xlsx,Poseidon Partners,CNNST2705 2705 ATLANTA GA,97.19,Scam,Suspense & Review,Poseidon Partners,Unmapped category,Unmapped — assign to Suspense & Review pending classification.,45
2025-04-04,2025_PlumCard_Dunnings.xlsx,DWG Capital Partners,SUMUP*JESSICA 95 - SROMA,96.99,Judd/Angela Italy Trip,Suspense & Review,DWG Capital Partners,Personal item (B/P flag = personal),Personal expense paid from business account — propose Due From Owner / Owner Distribution pending substantiation.,45
2025-03-30,2025_Poseidon_Partners_AmexCharges.xlsx,Unassigned / Allocation Required,MOON JUICE Venice CA,96.97,Personal - Food,Suspense & Review,Unassigned / Allocation Required,Personal item (category marked personal),Personal expense paid from business account — propose Due From Owner / Owner Distribution pending substantiation.,40
2025-09-29,2025_Poseidon_Partners_AmexCharges.xlsx,Unassigned / Allocation Required,TST* CAFE GRATITUDE VENICE CA,96.68,Personal - Food,Suspense & Review,Unassigned / Allocation Required,Personal item (category marked personal),Personal expense paid from business account — propose Due From Owner / Owner Distribution pending substantiation.,40
2025-11-14,2025_Poseidon_Partners_AmexCharges.xlsx,Unassigned / Allocation Required,TST* BLUEYS KITCHEN LOS ANGELES CA,96.64,Personal - Food,Suspense & Review,Unassigned / Allocation Required,Personal item (category marked personal),Personal expense paid from business account — propose Due From Owner / Owner Distribution pending substantiation.,40
2025-05-19,2025_PlumCard_Dunnings.xlsx,DWG Capital Partners,UBER EATS,96.19,Personal - Food,Travel,DWG Capital Partners,Personal item (B/P flag = personal),Personal expense paid from business account — propose Due From Owner / Owner Distribution pending substantiation.,84
2025-09-03,2025_Poseidon_Partners_AmexCharges.xlsx,Unassigned / Allocation Required,RESTAURANTE LOS ALMEPUNTARENAS PU,96.16,Costa Rica Trip,Meals & Entertainment,Unassigned / Allocation Required,Entity unassigned,Entity could not be determined from source — allocate before consolidation.,40
2025-09-22,2025_Poseidon_Partners_AmexCharges.xlsx,Unassigned / Allocation Required,RESTORE.COM AUSTIN TX,96.0,Personal - Health,Suspense & Review,Unassigned / Allocation Required,Personal item (category marked personal),Personal expense paid from business account — propose Due From Owner / Owner Distribution pending substantiation.,40
2025-04-19,2025_Poseidon_Partners_AmexCharges.xlsx,Unassigned / Allocation Required,DNH*GODADDY#37168869Tempe AZ,95.88,Go Daddy,Suspense & Review,Unassigned / Allocation Required,Unmapped category,Unmapped — assign to Suspense & Review pending classification.,40
2026-02-28,JanFeb_2026_Poseidon_Partners_Amex_Charges.xlsx,Poseidon Partners,CASABLANCA RESTAURANVENICE CA,95.7,Personal - Food,Suspense & Review,Poseidon Partners,Personal item (category marked personal),Personal expense paid from business account — propose Due From Owner / Owner Distribution pending substantiation.,45
2025-01-21,2025_Poseidon_Partners_AmexCharges.xlsx,Unassigned / Allocation Required,EXPEDIATSPUS EXPEDIA.COM WA,95.51,Team Travel (Angela),Travel,Unassigned / Allocation Required,Entity unassigned,Entity could not be determined from source — allocate before consolidation.,40
2026-05-22,MarJune_2026_Poseidon_Partners_Amex_Charges.xlsx,Poseidon Partners,RAINBOW BAR & GRILL LOS ANGELES CA,95.34,Personal -  Food,Suspense & Review,Poseidon Partners,Personal item (category marked personal),Personal expense paid from business account — propose Due From Owner / Owner Distribution pending substantiation.,45
2025-09-10,2025_Poseidon_Partners_AmexCharges.xlsx,Unassigned / Allocation Required,TST* BLUEYS KITCHEN LOS ANGELES CA,95.04,Personal - Food,Suspense & Review,Unassigned / Allocation Required,Personal item (category marked personal),Personal expense paid from business account — propose Due From Owner / Owner Distribution pending substantiation.,40
2025-02-23,2025_PlumCard_Dunnings.xlsx,DWG Capital Partners,UBER EATS,94.95,Personal - Food,Travel,DWG Capital Partners,Personal item (B/P flag = personal),Personal expense paid from business account — propose Due From Owner / Owner Distribution pending substantiation.,84
2026-01-18,JanFeb_2026_Poseidon_Partners_Amex_Charges.xlsx,Poseidon Partners,PACOS TACOS LOS ANGELES CA,93.81,Personal - Food,Suspense & Review,Poseidon Partners,Personal item (category marked personal),Personal expense paid from business account — propose Due From Owner / Owner Distribution pending substantiation.,45
2026-03-31,MarJune_2026_Poseidon_Partners_Amex_Charges.xlsx,Poseidon Partners,AO 26 CHIADO LDA 120LISBOA PR,93.26,Judd & Angela - Portugal,Suspense & Review,Poseidon Partners,Unmapped category,Unmapped — assign to Suspense & Review pending classification.,45
2025-04-23,2025_Poseidon_Partners_AmexCharges.xlsx,Unassigned / Allocation Required,AMAZON MARKETPLACE NAMZN.COM/BILL WA,-93.1,Amazon,Office,Unassigned / Allocation Required,Refund/credit/points,Credit / refund / points — contra to original expense; confirm matching original charge.,40
2025-04-23,2025_Poseidon_Partners_AmexCharges.xlsx,Unassigned / Allocation Required,AMAZON MARKEPLACE NA PA,93.1,Amazon,Office,Unassigned / Allocation Required,Entity unassigned,Entity could not be determined from source — allocate before consolidation.,40
2025-08-07,2025_Poseidon_Partners_AmexCharges.xlsx,Unassigned / Allocation Required,Points for Amex Trvl,-93.0,Points for Amex Trvl,Suspense & Review,Unassigned / Allocation Required,Refund/credit/points,Credit / refund / points — contra to original expense; confirm matching original charge.,40
2026-03-20,Mar-May_2026_DWGCP_Amex_Charges.xlsx,DWG Capital Partners,TST* BLUEYS KITCHEN,92.96,Team Lunch,Meals & Entertainment,DWG Capital Partners,Personal item (B/P flag = personal),Personal expense paid from business account — propose Due From Owner / Owner Distribution pending substantiation.,82
2026-04-06,MarJune_2026_Poseidon_Partners_Amex_Charges.xlsx,Poseidon Partners,PA REGUENGOS DE MONSREGUENGOS DE MONSARA,92.45,Judd & Angela - Portugal,Suspense & Review,Poseidon Partners,Unmapped category,Unmapped — assign to Suspense & Review pending classification.,45
2025-03-23,2025_Poseidon_Partners_AmexCharges.xlsx,Unassigned / Allocation Required,RESTAURANTE LOS ALMEPUNTARENAS PU,92.21,Costa Rica Trip,Meals & Entertainment,Unassigned / Allocation Required,Entity unassigned,Entity could not be determined from source — allocate before consolidation.,40
2025-06-19,2025_Poseidon_Partners_AmexCharges.xlsx,Unassigned / Allocation Required,AMAZON MARKETPLACE NAMZN.COM/BILL WA,-92.11,Amazon,Office,Unassigned / Allocation Required,Refund/credit/points,Credit / refund / points — contra to original expense; confirm matching original charge.,40
2025-06-19,2025_Poseidon_Partners_AmexCharges.xlsx,Unassigned / Allocation Required,AMAZON MARKEPLACE NA PA,92.11,Amazon,Office,Unassigned / Allocation Required,Entity unassigned,Entity could not be determined from source — allocate before consolidation.,40
2025-04-20,2025_PlumCard_Dunnings.xlsx,DWG Capital Partners,VITA JUICE,92.0,Personal - Food,Suspense & Review,DWG Capital Partners,Personal item (B/P flag = personal),Personal expense paid from business account — propose Due From Owner / Owner Distribution pending substantiation.,45
2025-12-31,2025_PlumCard_Dunnings.xlsx,DWG Capital Partners,ICONS SPORTS BAR & GRICHMOND,91.62,Family Trip,Travel,DWG Capital Partners,Personal item (B/P flag = personal),Personal expense paid from business account — propose Due From Owner / Owner Distribution pending substantiation.,60
2025-11-13,2025_Poseidon_Partners_AmexCharges.xlsx,Unassigned / Allocation Required,PACOS TACOS LOS ANGELES CA,91.61,Personal - Food,Suspense & Review,Unassigned / Allocation Required,Personal item (category marked personal),Personal expense paid from business account — propose Due From Owner / Owner Distribution pending substantiation.,40
2025-09-30,2025_Poseidon_Partners_AmexCharges.xlsx,Unassigned / Allocation Required,FRAUD CREDIT,-90.92,FRAUD CREDIT,Suspense & Review,Unassigned / Allocation Required,Refund/credit/points,Credit / refund / points — contra to original expense; confirm matching original charge.,40
2026-04-18,MarJune_2026_Poseidon_Partners_Amex_Charges.xlsx,Poseidon Partners,TST* BLUEYS KITCHEN LOS ANGELES CA,90.72,Personal - Food,Suspense & Review,Poseidon Partners,Personal item (category marked personal),Personal expense paid from business account — propose Due From Owner / Owner Distribution pending substantiation.,45
2026-03-09,MarJune_2026_Poseidon_Partners_Amex_Charges.xlsx,Poseidon Partners,AplPay AXS.COM*SOUTHLOS ANGELES CA,90.5,Personal - Entertainment,Suspense & Review,Poseidon Partners,Personal item (category marked personal),Personal expense paid from business account — propose Due From Owner / Owner Distribution pending substantiation.,45
2026-04-02,MarJune_2026_Poseidon_Partners_Amex_Charges.xlsx,Poseidon Partners,REPSOL E0130 ESTARREJA,90.2,Judd & Angela - Portugal,Suspense & Review,Poseidon Partners,Unmapped category,Unmapped — assign to Suspense & Review pending classification.,45
2025-11-03,2025_Poseidon_Partners_AmexCharges.xlsx,Unassigned / Allocation Required,WEATHERFORD MASSAGE WEATHERFORD TX,90.0,Personal - Health,Suspense & Review,Unassigned / Allocation Required,Personal item (category marked personal),Personal expense paid from business account — propose Due From Owner / Owner Distribution pending substantiation.,40
2025-08-22,2025_Poseidon_Partners_AmexCharges.xlsx,Unassigned / Allocation Required,PAYA THAI LA LLC. BLLOS ANGELES CA,90.0,Personal - Health,Suspense & Review,Unassigned / Allocation Required,Personal item (category marked personal),Personal expense paid from business account — propose Due From Owner / Owner Distribution pending substantiation.,40
2025-06-14,2025_Poseidon_Partners_AmexCharges.xlsx,Unassigned / Allocation Required,WI SPA LOS ANGELES CA,90.0,Personal - Health,Suspense & Review,Unassigned / Allocation Required,Personal item (category marked personal),Personal expense paid from business account — propose Due From Owner / Owner Distribution pending substantiation.,40
2026-03-21,MarJune_2026_Poseidon_Partners_Amex_Charges.xlsx,Poseidon Partners,UNION 76 09477241 LOS ANGELES CA,89.68,Personal - Car,Auto,Poseidon Partners,Personal item (category marked personal),Personal expense paid from business account — propose Due From Owner / Owner Distribution pending substantiation.,76
2025-06-05,2025_PlumCard_Dunnings.xlsx,DWG Capital Partners,UBER EATS,89.65,Personal - Food,Travel,DWG Capital Partners,Personal item (B/P flag = personal),Personal expense paid from business account — propose Due From Owner / Owner Distribution pending substantiation.,84
2025-09-30,2025_Poseidon_Partners_AmexCharges.xlsx,Unassigned / Allocation Required,FRAUD CREDIT,-89.42,FRAUD CREDIT,Suspense & Review,Unassigned / Allocation Required,Refund/credit/points,Credit / refund / points — contra to original expense; confirm matching original charge.,40
2025-11-15,2025_Poseidon_Partners_AmexCharges.xlsx,Unassigned / Allocation Required,TST* TAVERNA AT THE LOS ANGELES CA,88.94,Personal - Food,Suspense & Review,Unassigned / Allocation Required,Personal item (category marked personal),Personal expense paid from business account — propose Due From Owner / Owner Distribution pending substantiation.,40
2025-04-14,2025_PlumCard_Dunnings.xlsx,DWG Capital Partners,CKO*WWW.HEADOUT.COM BERLIN,88.89,Judd/Angela Italy Trip,Suspense & Review,DWG Capital Partners,Personal item (B/P flag = personal),Personal expense paid from business account — propose Due From Owner / Owner Distribution pending substantiation.,45
2025-09-30,2025_Poseidon_Partners_AmexCharges.xlsx,Unassigned / Allocation Required,FRAUD CREDIT,-88.77,FRAUD CREDIT,Suspense & Review,Unassigned / Allocation Required,Refund/credit/points,Credit / refund / points — contra to original expense; confirm matching original charge.,40
2025-01-30,2025_Poseidon_Partners_AmexCharges.xlsx,Unassigned / Allocation Required,KINDLE SVCS*Z77662DS888-802-3080 WA,88.47,Personal - Entertainment,Suspense & Review,Unassigned / Allocation Required,Personal item (category marked personal),Personal expense paid from business account — propose Due From Owner / Owner Distribution pending substantiation.,40
2025-10-17,2025_Poseidon_Partners_AmexCharges.xlsx,Unassigned / Allocation Required,HOMEGOODS #1084 0000WEATHERFORD TX,88.31,Personal - House,Suspense & Review,Unassigned / Allocation Required,Personal item (category marked personal),Personal expense paid from business account — propose Due From Owner / Owner Distribution pending substantiation.,40
2025-12-20,2025_PlumCard_Dunnings.xlsx,DWG Capital Partners,TST-BASIC GOODNESS PTOFINO,88.29,Family Trip,Travel,DWG Capital Partners,Personal item (B/P flag = personal),Personal expense paid from business account — propose Due From Owner / Owner Distribution pending substantiation.,60
2025-05-09,2025_PlumCard_Dunnings.xlsx,DWG Capital Partners,PAYPAL *TICKETMASTE 4029357733,88.24,Personal - Entertainment,Suspense & Review,DWG Capital Partners,Personal item (B/P flag = personal),Personal expense paid from business account — propose Due From Owner / Owner Distribution pending substantiation.,45
2025-06-15,2025_Poseidon_Partners_AmexCharges.xlsx,Unassigned / Allocation Required,AMAZON MARKETPLACE NAMZN.COM/BILL WA,-87.96,Amazon,Office,Unassigned / Allocation Required,Refund/credit/points,Credit / refund / points — contra to original expense; confirm matching original charge.,40
2025-06-15,2025_Poseidon_Partners_AmexCharges.xlsx,Unassigned / Allocation Required,AMAZON MARKEPLACE NA PA,87.96,Amazon,Office,Unassigned / Allocation Required,Entity unassigned,Entity could not be determined from source — allocate before consolidation.,40
2026-04-02,MarJune_2026_Poseidon_Partners_Amex_Charges.xlsx,Poseidon Partners,VIVA*KONG LISBOA PR,87.72,Judd & Angela - Portugal,Suspense & Review,Poseidon Partners,Unmapped category,Unmapped — assign to Suspense & Review pending classification.,45
2025-11-28,2025_Poseidon_Partners_AmexCharges.xlsx,Unassigned / Allocation Required,ANACAPA SURF N SPORTOXNARD CA,87.4,Personal - Entertainment,Suspense & Review,Unassigned / Allocation Required,Personal item (category marked personal),Personal expense paid from business account — propose Due From Owner / Owner Distribution pending substantiation.,40
2025-02-16,2025_Poseidon_Partners_AmexCharges.xlsx,Unassigned / Allocation Required,AMERICAN AIRLINES 45800-433-7300 TX,87.31,Team Travel (Angela),Travel,Unassigned / Allocation Required,Entity unassigned,Entity could not be determined from source — allocate before consolidation.,40
2025-02-03,2025_Poseidon_Partners_AmexCharges.xlsx,Unassigned / Allocation Required,EXPEDIA.COM TRAVEL SEATTLE WA,86.94,Team Travel (Angela),Travel,Unassigned / Allocation Required,Entity unassigned,Entity could not be determined from source — allocate before consolidation.,40
2026-03-08,MarJune_2026_Poseidon_Partners_Amex_Charges.xlsx,Poseidon Partners,CVS PHARMACY LOS ANGELES CA,86.65,Personal - Health,Suspense & Review,Poseidon Partners,Personal item (category marked personal),Personal expense paid from business account — propose Due From Owner / Owner Distribution pending substantiation.,45
2025-05-07,2025_Poseidon_Partners_AmexCharges.xlsx,Unassigned / Allocation Required,AMAZON MARKETPLACE NAMZN.COM/BILL WA,-86.57,Amazon,Office,Unassigned / Allocation Required,Refund/credit/points,Credit / refund / points — contra to original expense; confirm matching original charge.,40
2025-05-07,2025_Poseidon_Partners_AmexCharges.xlsx,Unassigned / Allocation Required,AMAZON MARKEPLACE NA PA,86.57,Amazon,Office,Unassigned / Allocation Required,Entity unassigned,Entity could not be determined from source — allocate before consolidation.,40
2025-01-30,2025_Poseidon_Partners_AmexCharges.xlsx,Unassigned / Allocation Required,AMAZON MARKETPLACE NAMZN.COM/BILL WA,-86.31,Amazon,Office,Unassigned / Allocation Required,Refund/credit/points,Credit / refund / points — contra to original expense; confirm matching original charge.,40
2025-01-30,2025_Poseidon_Partners_AmexCharges.xlsx,Unassigned / Allocation Required,AMAZON MARKEPLACE NA PA,86.31,Amazon,Office,Unassigned / Allocation Required,Entity unassigned,Entity could not be determined from source — allocate before consolidation.,40
2025-04-18,2025_Poseidon_Partners_AmexCharges.xlsx,Unassigned / Allocation Required,DNH*GODADDY#37155844Tempe AZ,86.3,Go Daddy,Suspense & Review,Unassigned / Allocation Required,Unmapped category,Unmapped — assign to Suspense & Review pending classification.,40
2025-11-21,2025_Poseidon_Partners_AmexCharges.xlsx,Unassigned / Allocation Required,TST* BLUEYS KITCHEN LOS ANGELES CA,86.28,Personal - Food,Suspense & Review,Unassigned / Allocation Required,Personal item (category marked personal),Personal expense paid from business account — propose Due From Owner / Owner Distribution pending substantiation.,40
2025-09-30,2025_Poseidon_Partners_AmexCharges.xlsx,Unassigned / Allocation Required,FRAUD CREDIT,-86.11,FRAUD CREDIT,Suspense & Review,Unassigned / Allocation Required,Refund/credit/points,Credit / refund / points — contra to original expense; confirm matching original charge.,40
2025-10-26,2025_Poseidon_Partners_AmexCharges.xlsx,Unassigned / Allocation Required,RUSSELL FEED & SUPPLWEATHERFORD TX,85.76,Personal - House,Suspense & Review,Unassigned / Allocation Required,Personal item (category marked personal),Personal expense paid from business account — propose Due From Owner / Owner Distribution pending substantiation.,40
2026-03-26,MarJune_2026_Poseidon_Partners_Amex_Charges.xlsx,Poseidon Partners,SP VELVET ECOM CULVER CITY CA,85.61,Personal - Clothing,Suspense & Review,Poseidon Partners,Personal item (category marked personal),Personal expense paid from business account — propose Due From Owner / Owner Distribution pending substantiation.,45
2025-02-19,2025_Poseidon_Partners_AmexCharges.xlsx,Unassigned / Allocation Required,AMAZON MARKETPLACE NAMZN.COM/BILL WA,-85.49,Amazon,Office,Unassigned / Allocation Required,Refund/credit/points,Credit / refund / points — contra to original expense; confirm matching original charge.,40
2025-02-19,2025_Poseidon_Partners_AmexCharges.xlsx,Unassigned / Allocation Required,AMAZON MARKEPLACE NA PA,85.49,Amazon,Office,Unassigned / Allocation Required,Entity unassigned,Entity could not be determined from source — allocate before consolidation.,40
2026-05-29,MarJune_2026_Poseidon_Partners_Amex_Charges.xlsx,Poseidon Partners,CORK & PIG TAVERN - WILLOW PARK TX,85.49,Personal - Food,Suspense & Review,Poseidon Partners,Personal item (category marked personal),Personal expense paid from business account — propose Due From Owner / Owner Distribution pending substantiation.,45
2025-04-03,2025_PlumCard_Dunnings.xlsx,DWG Capital Partners,UBER EATS,85.38,Personal - Food,Travel,DWG Capital Partners,Personal item (B/P flag = personal),Personal expense paid from business account — propose Due From Owner / Owner Distribution pending substantiation.,84
2025-07-30,2025_Poseidon_Partners_AmexCharges.xlsx,Unassigned / Allocation Required,TST* BLUEYS KITCHEN LOS ANGELES CA,85.33,Personal - Food,Suspense & Review,Unassigned / Allocation Required,Personal item (category marked personal),Personal expense paid from business account — propose Due From Owner / Owner Distribution pending substantiation.,40
2025-12-30,2025_PlumCard_Dunnings.xlsx,DWG Capital Partners,ZARA ROBSON ST #3083VANCOUVER,85.2,Family Trip,Travel,DWG Capital Partners,Personal item (B/P flag = personal),Personal expense paid from business account — propose Due From Owner / Owner Distribution pending substantiation.,60
2025-09-25,2025_Poseidon_Partners_AmexCharges.xlsx,Unassigned / Allocation Required,"LISA HO GUINAN, D.M.MARINA DEL RE CA",85.0,Personal - Health,Suspense & Review,Unassigned / Allocation Required,Personal item (category marked personal),Personal expense paid from business account — propose Due From Owner / Owner Distribution pending substantiation.,40
2025-08-13,2025_Poseidon_Partners_AmexCharges.xlsx,Unassigned / Allocation Required,American Airlines FORT WORTH TX,85.0,Miami Investor Trip,Travel,Unassigned / Allocation Required,Entity unassigned,Entity could not be determined from source — allocate before consolidation.,40
2025-08-10,2025_Poseidon_Partners_AmexCharges.xlsx,Unassigned / Allocation Required,American Airlines FORT WORTH TX,85.0,Miami Investor Trip,Travel,Unassigned / Allocation Required,Entity unassigned,Entity could not be determined from source — allocate before consolidation.,40
2025-08-07,2025_Poseidon_Partners_AmexCharges.xlsx,Unassigned / Allocation Required,VERSAILLES CUBAN FOOLos Angeles CA,84.93,Personal - Food,Suspense & Review,Unassigned / Allocation Required,Personal item (category marked personal),Personal expense paid from business account — propose Due From Owner / Owner Distribution pending substantiation.,40
2025-05-12,2025_Poseidon_Partners_AmexCharges.xlsx,Unassigned / Allocation Required,LAX AIRP CROWNS LAX LOS ANGELES CA,84.91,Team Travel (Judd),Travel,Unassigned / Allocation Required,Entity unassigned,Entity could not be determined from source — allocate before consolidation.,40
2025-05-27,2025_Poseidon_Partners_AmexCharges.xlsx,Unassigned / Allocation Required,AMAZON.COM AMZN.COM/BILL WA,84.75,Amazon,Office,Unassigned / Allocation Required,Entity unassigned,Entity could not be determined from source — allocate before consolidation.,40
2025-02-27,2025_Poseidon_Partners_AmexCharges.xlsx,Unassigned / Allocation Required,AMAZON.COM AMZN.COM/BILL WA,84.75,Amazon,Office,Unassigned / Allocation Required,Entity unassigned,Entity could not be determined from source — allocate before consolidation.,40
2025-06-19,2025_PlumCard_Dunnings.xlsx,DWG Capital Partners,UBER EATS,84.6,Personal - Food,Travel,DWG Capital Partners,Personal item (B/P flag = personal),Personal expense paid from business account — propose Due From Owner / Owner Distribution pending substantiation.,84
2025-07-10,2025_Poseidon_Partners_AmexCharges.xlsx,Unassigned / Allocation Required,AMAZON MARKEPLACE NA PA,84.56,Amazon,Office,Unassigned / Allocation Required,Entity unassigned,Entity could not be determined from source — allocate before consolidation.,40
2025-09-30,2025_Poseidon_Partners_AmexCharges.xlsx,Unassigned / Allocation Required,FRAUD CREDIT,-84.26,FRAUD CREDIT,Suspense & Review,Unassigned / Allocation Required,Refund/credit/points,Credit / refund / points — contra to original expense; confirm matching original charge.,40
2026-03-08,JanJune_2026_Plum_Card_Amex_Charges.xlsx,DWG Capital Partners,Ticketmaster (PayPal),84.0,Personal - Entertainment,Suspense & Review,DWG Capital Partners,Personal item (B/P flag = personal),Personal expense paid from business account — propose Due From Owner / Owner Distribution pending substantiation.,45
2025-09-30,2025_Poseidon_Partners_AmexCharges.xlsx,Unassigned / Allocation Required,FRAUD CREDIT,-83.78,FRAUD CREDIT,Suspense & Review,Unassigned / Allocation Required,Refund/credit/points,Credit / refund / points — contra to original expense; confirm matching original charge.,40
2025-06-04,2025_Poseidon_Partners_AmexCharges.xlsx,Unassigned / Allocation Required,BLUE AGAVE 0000 CLEVELAND OH,83.7,Ohio Site Visit,Suspense & Review,Unassigned / Allocation Required,Unmapped category,Unmapped — assign to Suspense & Review pending classification.,40
2025-08-06,2025_Poseidon_Partners_AmexCharges.xlsx,Unassigned / Allocation Required,TST* BLUEYS KITCHEN LOS ANGELES CA,83.67,Personal - Food,Suspense & Review,Unassigned / Allocation Required,Personal item (category marked personal),Personal expense paid from business account — propose Due From Owner / Owner Distribution pending substantiation.,40
2025-12-26,2025_PlumCard_Dunnings.xlsx,DWG Capital Partners,UCLUELET CO-OP PAY @UCLUELET,83.08,Family Trip,Travel,DWG Capital Partners,Personal item (B/P flag = personal),Personal expense paid from business account — propose Due From Owner / Owner Distribution pending substantiation.,60
2025-12-16,2025_Poseidon_Partners_AmexCharges.xlsx,Unassigned / Allocation Required,TST* BLUEYS KITCHEN LOS ANGELES CA,82.4,Personal - Food,Suspense & Review,Unassigned / Allocation Required,Personal item (category marked personal),Personal expense paid from business account — propose Due From Owner / Owner Distribution pending substantiation.,40
2025-06-01,2025_Poseidon_Partners_AmexCharges.xlsx,Unassigned / Allocation Required,SP AVIATOR NATION VENICE CA,82.32,Personal - Clothing,Suspense & Review,Unassigned / Allocation Required,Personal item (category marked personal),Personal expense paid from business account — propose Due From Owner / Owner Distribution pending substantiation.,40
2026-03-01,MarJune_2026_Poseidon_Partners_Amex_Charges.xlsx,Poseidon Partners,SP AVIATOR NATION VENICE CA,82.32,Personal - Clothing,Suspense & Review,Poseidon Partners,Personal item (category marked personal),Personal expense paid from business account — propose Due From Owner / Owner Distribution pending substantiation.,45
2025-10-07,2025_Poseidon_Partners_AmexCharges.xlsx,Unassigned / Allocation Required,REI#274 MARINA D RAYMARINA DEL REY CA,82.26,Personal - Clothing,Suspense & Review,Unassigned / Allocation Required,Personal item (category marked personal),Personal expense paid from business account — propose Due From Owner / Owner Distribution pending substantiation.,40
2025-01-11,2025_Poseidon_Partners_AmexCharges.xlsx,Unassigned / Allocation Required,AMAZON MARKETPLACE NAMZN.COM/BILL WA,-82.22,Amazon,Office,Unassigned / Allocation Required,Refund/credit/points,Credit / refund / points — contra to original expense; confirm matching original charge.,40
2025-01-11,2025_Poseidon_Partners_AmexCharges.xlsx,Unassigned / Allocation Required,AMAZON MARKEPLACE NA PA,82.22,Amazon,Office,Unassigned / Allocation Required,Entity unassigned,Entity could not be determined from source — allocate before consolidation.,40
2025-11-29,2025_PlumCard_Dunnings.xlsx,DWG Capital Partners,PAYPAL *WALMART COM 8009256278,82.18,Personal - House,Suspense & Review,DWG Capital Partners,Personal item (B/P flag = personal),Personal expense paid from business account — propose Due From Owner / Owner Distribution pending substantiation.,45
2026-06-08,MarJune_2026_Poseidon_Partners_Amex_Charges.xlsx,Poseidon Partners,HARBOR FREIGHT TOOLSWEATHERFORD TX,82.16,Personal - House,Suspense & Review,Poseidon Partners,Personal item (category marked personal),Personal expense paid from business account — propose Due From Owner / Owner Distribution pending substantiation.,45
2025-05-21,2025_Poseidon_Partners_AmexCharges.xlsx,Unassigned / Allocation Required,AMERICAN AIRLINES 45800-433-7300 TX,82.06,New Orleans Family Trip,Travel,Unassigned / Allocation Required,Personal item (category marked family/household); Same-file repeat — verify not double-entered (SFR-0043),Personal expense paid from business account — propose Due From Owner / Owner Distribution pending substantiation.,40
2025-05-21,2025_Poseidon_Partners_AmexCharges.xlsx,Unassigned / Allocation Required,AMERICAN AIRLINES 45800-433-7300 TX,82.06,New Orleans Family Trip,Travel,Unassigned / Allocation Required,Personal item (category marked family/household); Same-file repeat — verify not double-entered (SFR-0043),Personal expense paid from business account — propose Due From Owner / Owner Distribution pending substantiation.,40
2025-05-21,2025_Poseidon_Partners_AmexCharges.xlsx,Unassigned / Allocation Required,AMERICAN AIRLINES 45800-433-7300 TX,82.06,New Orleans Family Trip,Travel,Unassigned / Allocation Required,Personal item (category marked family/household); Same-file repeat — verify not double-entered (SFR-0043),Personal expense paid from business account — propose Due From Owner / Owner Distribution pending substantiation.,40
2025-10-11,2025_Poseidon_Partners_AmexCharges.xlsx,Unassigned / Allocation Required,DNH*GODADDY#39202417Tempe AZ,81.91,Go Daddy,Suspense & Review,Unassigned / Allocation Required,Unmapped category,Unmapped — assign to Suspense & Review pending classification.,40
2025-03-31,2025_PlumCard_Dunnings.xlsx,DWG Capital Partners,UBER EATS,81.64,Personal - Food,Travel,DWG Capital Partners,Personal item (B/P flag = personal),Personal expense paid from business account — propose Due From Owner / Owner Distribution pending substantiation.,84
2025-04-05,2025_Poseidon_Partners_AmexCharges.xlsx,Unassigned / Allocation Required,DNH*GODADDY#36889334Tempe AZ,81.3,Go Daddy,Suspense & Review,Unassigned / Allocation Required,Unmapped category,Unmapped — assign to Suspense & Review pending classification.,40
2026-03-26,MarJune_2026_Poseidon_Partners_Amex_Charges.xlsx,Poseidon Partners,"RAG & BONE HOLDINGS,NEW YORK NY",80.67,Personal - Clothing,Suspense & Review,Poseidon Partners,Personal item (category marked personal),Personal expense paid from business account — propose Due From Owner / Owner Distribution pending substantiation.,45
2025-10-02,2025_Poseidon_Partners_AmexCharges.xlsx,Unassigned / Allocation Required,CASABLANCA 00-080164VENICE CA,80.1,Personal - Food,Suspense & Review,Unassigned / Allocation Required,Personal item (category marked personal),Personal expense paid from business account — propose Due From Owner / Owner Distribution pending substantiation.,40
2025-09-30,2025_Poseidon_Partners_AmexCharges.xlsx,Unassigned / Allocation Required,FRAUD CREDIT,-80.06,FRAUD CREDIT,Suspense & Review,Unassigned / Allocation Required,Refund/credit/points,Credit / refund / points — contra to original expense; confirm matching original charge.,40
2025-12-13,2025_Poseidon_Partners_AmexCharges.xlsx,Unassigned / Allocation Required,GRADUATE COLUMBUS GRCOLUMBUS OH,80.0,Team Travel (Judd),Travel,Unassigned / Allocation Required,Entity unassigned,Entity could not be determined from source — allocate before consolidation.,40
2025-10-22,2025_Poseidon_Partners_AmexCharges.xlsx,Unassigned / Allocation Required,ZENO'S ON THE SQUAREWEATHERFORD TX,80.0,Personal - Food,Suspense & Review,Unassigned / Allocation Required,Personal item (category marked personal),Personal expense paid from business account — propose Due From Owner / Owner Distribution pending substantiation.,40
2025-06-14,2025_Poseidon_Partners_AmexCharges.xlsx,Unassigned / Allocation Required,WI SPA LOS ANGELES CA,80.0,Personal - Health,Suspense & Review,Unassigned / Allocation Required,Personal item (category marked personal),Personal expense paid from business account — propose Due From Owner / Owner Distribution pending substantiation.,40
2025-06-03,2025_Poseidon_Partners_AmexCharges.xlsx,Unassigned / Allocation Required,UEP*THE 698 RESTAURACOLUMBUS OH,80.0,Ohio Site Visit,Suspense & Review,Unassigned / Allocation Required,Unmapped category,Unmapped — assign to Suspense & Review pending classification.,40
2025-09-30,2025_Poseidon_Partners_AmexCharges.xlsx,Unassigned / Allocation Required,TST* MY LAI 00041823LOS ANGELES CA,79.87,Personal - Food,Suspense & Review,Unassigned / Allocation Required,Personal item (category marked personal),Personal expense paid from business account — propose Due From Owner / Owner Distribution pending substantiation.,40
2026-04-17,MarJune_2026_Poseidon_Partners_Amex_Charges.xlsx,Poseidon Partners,LISBON DUTY FREE WALLISBOA,79.58,Judd & Angela - Portugal,Suspense & Review,Poseidon Partners,Unmapped category,Unmapped — assign to Suspense & Review pending classification.,45
2025-08-28,2025_Poseidon_Partners_AmexCharges.xlsx,Unassigned / Allocation Required,CHEVRON 0306890/CHEVSANTA MONICA CA,79.14,Personal - Car,Auto,Unassigned / Allocation Required,Personal item (category marked personal),Personal expense paid from business account — propose Due From Owner / Owner Distribution pending substantiation.,40
2025-12-08,2025_PlumCard_Dunnings.xlsx,DWG Capital Partners,PUBLICGOODS.COM,79.0,Personal - House,Suspense & Review,DWG Capital Partners,Personal item (B/P flag = personal),Personal expense paid from business account — propose Due From Owner / Owner Distribution pending substantiation.,45
2025-08-11,2025_Poseidon_Partners_AmexCharges.xlsx,Unassigned / Allocation Required,TST* PURA VIDA COCONMIAMI FL,78.87,Miami Investor Trip,Suspense & Review,Unassigned / Allocation Required,Unmapped category,Unmapped — assign to Suspense & Review pending classification.,40
2025-12-11,2025_Poseidon_Partners_AmexCharges.xlsx,Unassigned / Allocation Required,TST* TOWNHALL - COLUCOLUMBUS OH,78.82,Team Travel (Judd),Travel,Unassigned / Allocation Required,Entity unassigned,Entity could not be determined from source — allocate before consolidation.,40
2025-02-02,2025_Poseidon_Partners_AmexCharges.xlsx,Unassigned / Allocation Required,ROSS DRESS FOR LESS VENICE CA,78.75,Personal - House,Suspense & Review,Unassigned / Allocation Required,Personal item (category marked personal),Personal expense paid from business account — propose Due From Owner / Owner Distribution pending substantiation.,40
2025-04-10,2025_PlumCard_Dunnings.xlsx,DWG Capital Partners,GALLERIA UFFIZI,78.66,Judd/Angela Italy Trip,Suspense & Review,DWG Capital Partners,Personal item (B/P flag = personal),Personal expense paid from business account — propose Due From Owner / Owner Distribution pending substantiation.,45
2025-09-30,2025_Poseidon_Partners_AmexCharges.xlsx,Unassigned / Allocation Required,FRAUD CREDIT,-77.93,FRAUD CREDIT,Suspense & Review,Unassigned / Allocation Required,Refund/credit/points,Credit / refund / points — contra to original expense; confirm matching original charge.,40
2025-03-23,2025_Poseidon_Partners_AmexCharges.xlsx,Unassigned / Allocation Required,AMAZON MARKETPLACE NAMZN.COM/BILL WA,-77.65,Amazon,Office,Unassigned / Allocation Required,Refund/credit/points,Credit / refund / points — contra to original expense; confirm matching original charge.,40
2025-03-23,2025_Poseidon_Partners_AmexCharges.xlsx,Unassigned / Allocation Required,AMAZON MARKEPLACE NA PA,77.65,Amazon,Office,Unassigned / Allocation Required,Entity unassigned,Entity could not be determined from source — allocate before consolidation.,40
2025-09-30,2025_Poseidon_Partners_AmexCharges.xlsx,Unassigned / Allocation Required,FRAUD CREDIT,-77.58,FRAUD CREDIT,Suspense & Review,Unassigned / Allocation Required,Refund/credit/points,Credit / refund / points — contra to original expense; confirm matching original charge.,40
2025-04-17,2025_PlumCard_Dunnings.xlsx,DWG Capital Partners,PALAZETTO HASSLER,77.45,Judd/Angela Italy Trip,Suspense & Review,DWG Capital Partners,Personal item (B/P flag = personal),Personal expense paid from business account — propose Due From Owner / Owner Distribution pending substantiation.,45
2026-03-27,MarJune_2026_Poseidon_Partners_Amex_Charges.xlsx,Poseidon Partners,UNION 76 10194728 LOS ANGELES CA,77.29,Personal - Car,Auto,Poseidon Partners,Personal item (category marked personal),Personal expense paid from business account — propose Due From Owner / Owner Distribution pending substantiation.,76
2025-06-04,2025_Poseidon_Partners_AmexCharges.xlsx,Unassigned / Allocation Required,NATIVE COLD PRESSED Columbus OH,77.05,Ohio Site Visit,Suspense & Review,Unassigned / Allocation Required,Unmapped category,Unmapped — assign to Suspense & Review pending classification.,40
2025-09-28,2025_Poseidon_Partners_AmexCharges.xlsx,Unassigned / Allocation Required,LILY S MALIBU MALIBU CA,77.02,Personal - Food,Suspense & Review,Unassigned / Allocation Required,Personal item (category marked personal),Personal expense paid from business account — propose Due From Owner / Owner Distribution pending substantiation.,40
2025-11-14,2025_PlumCard_Dunnings.xlsx,DWG Capital Partners,WORDPRESS BLAZE,77.0,Wordpress,Suspense & Review,DWG Capital Partners,Unmapped category,Unmapped — assign to Suspense & Review pending classification.,45
2025-01-04,2025_Poseidon_Partners_AmexCharges.xlsx,Unassigned / Allocation Required,www.TheEpochTimes.coNEW YORK NY,77.0,Software & Subscriptions,Software & Technology,Unassigned / Allocation Required,Entity unassigned,Entity could not be determined from source — allocate before consolidation.,40
2026-03-02,MarJune_2026_Poseidon_Partners_Amex_Charges.xlsx,Poseidon Partners,TST* THE BUTCHER'S DVENICE CA,76.92,Personal - Food,Suspense & Review,Poseidon Partners,Personal item (category marked personal),Personal expense paid from business account — propose Due From Owner / Owner Distribution pending substantiation.,45
2025-04-15,2025_PlumCard_Dunnings.xlsx,DWG Capital Partners,VIVA*GINGER FOOD ITAROMA,76.82,Judd/Angela Italy Trip,Suspense & Review,DWG Capital Partners,Personal item (B/P flag = personal),Personal expense paid from business account — propose Due From Owner / Owner Distribution pending substantiation.,45
2025-01-02,2025_Poseidon_Partners_AmexCharges.xlsx,Unassigned / Allocation Required,AMAZON MARKETPLACE NAMZN.COM/BILL WA,-76.81,Amazon,Office,Unassigned / Allocation Required,Refund/credit/points,Credit / refund / points — contra to original expense; confirm matching original charge.,40
2025-01-02,2025_Poseidon_Partners_AmexCharges.xlsx,Unassigned / Allocation Required,AMAZON MARKEPLACE NA PA,76.81,Amazon,Office,Unassigned / Allocation Required,Entity unassigned,Entity could not be determined from source — allocate before consolidation.,40
2025-09-20,2025_Poseidon_Partners_AmexCharges.xlsx,Unassigned / Allocation Required,ATLANTIC CIGARS WEST NORRITON PA,76.63,Personal - Entertainment,Suspense & Review,Unassigned / Allocation Required,Personal item (category marked personal),Personal expense paid from business account — propose Due From Owner / Owner Distribution pending substantiation.,40
2026-04-24,MarJune_2026_Poseidon_Partners_Amex_Charges.xlsx,Poseidon Partners,TST* BLUEYS KITCHEN LOS ANGELES CA,76.5,Personal - Food,Suspense & Review,Poseidon Partners,Personal item (category marked personal),Personal expense paid from business account — propose Due From Owner / Owner Distribution pending substantiation.,45
2025-04-10,2025_PlumCard_Dunnings.xlsx,DWG Capital Partners,AA TICKETS ONLINE,76.09,Judd/Angela Italy Trip,Suspense & Review,DWG Capital Partners,Personal item (B/P flag = personal),Personal expense paid from business account — propose Due From Owner / Owner Distribution pending substantiation.,45
2025-06-02,2025_Poseidon_Partners_AmexCharges.xlsx,Unassigned / Allocation Required,AMAZON.COM AMZN.COM/BILL WA,75.75,Amazon,Office,Unassigned / Allocation Required,Entity unassigned,Entity could not be determined from source — allocate before consolidation.,40
2025-04-10,2025_PlumCard_Dunnings.xlsx,DWG Capital Partners,ZETTLE *TAMARINDO JUFIRENZE,75.69,Judd/Angela Italy Trip,Suspense & Review,DWG Capital Partners,Personal item (B/P flag = personal),Personal expense paid from business account — propose Due From Owner / Owner Distribution pending substantiation.,45
2025-05-01,2025_Poseidon_Partners_AmexCharges.xlsx,Unassigned / Allocation Required,TST* LIBERTY MARKET GILBERT AZ,75.65,Personal - Food,Suspense & Review,Unassigned / Allocation Required,Personal item (category marked personal),Personal expense paid from business account — propose Due From Owner / Owner Distribution pending substantiation.,40
2025-11-28,2025_Poseidon_Partners_AmexCharges.xlsx,Unassigned / Allocation Required,UNION 76 00463695 PACIFIC PALISADES CA,75.48,Personal - Car,Auto,Unassigned / Allocation Required,Personal item (category marked personal),Personal expense paid from business account — propose Due From Owner / Owner Distribution pending substantiation.,40
2025-02-05,2025_PlumCard_Dunnings.xlsx,DWG Capital Partners,UBER EATS,75.26,Personal - Food,Travel,DWG Capital Partners,Personal item (B/P flag = personal),Personal expense paid from business account — propose Due From Owner / Owner Distribution pending substantiation.,84
2026-04-03,MarJune_2026_Poseidon_Partners_Amex_Charges.xlsx,Poseidon Partners,SUMUP*CANDIDA PAREDEVILA NOVA GAIA AV,75.17,Judd & Angela - Portugal,Suspense & Review,Poseidon Partners,Unmapped category,Unmapped — assign to Suspense & Review pending classification.,45
2025-10-22,2025_Poseidon_Partners_AmexCharges.xlsx,Unassigned / Allocation Required,TST* SUNNY STREET - WEATHERFORD TX,75.09,Personal - Food,Suspense & Review,Unassigned / Allocation Required,Personal item (category marked personal),Personal expense paid from business account — propose Due From Owner / Owner Distribution pending substantiation.,40
2025-11-10,2025_Poseidon_Partners_AmexCharges.xlsx,Unassigned / Allocation Required,TST* BLUEYS KITCHEN LOS ANGELES CA,74.89,Personal - Food,Suspense & Review,Unassigned / Allocation Required,Personal item (category marked personal),Personal expense paid from business account — propose Due From Owner / Owner Distribution pending substantiation.,40
2026-02-25,JanFeb_2026_Poseidon_Partners_Amex_Charges.xlsx,Poseidon Partners,GULF OIL 92065536 00VENICE CA,74.75,Personal - Car,Auto,Poseidon Partners,Personal item (category marked personal),Personal expense paid from business account — propose Due From Owner / Owner Distribution pending substantiation.,76
2025-09-30,2025_Poseidon_Partners_AmexCharges.xlsx,Unassigned / Allocation Required,FRAUD CREDIT,-74.69,FRAUD CREDIT,Suspense & Review,Unassigned / Allocation Required,Refund/credit/points,Credit / refund / points — contra to original expense; confirm matching original charge.,40
2025-09-30,2025_Poseidon_Partners_AmexCharges.xlsx,Unassigned / Allocation Required,FRAUD CREDIT,-74.68,FRAUD CREDIT,Suspense & Review,Unassigned / Allocation Required,Refund/credit/points; Same-file repeat — verify not double-entered (SFR-0022),Credit / refund / points — contra to original expense; confirm matching original charge.,40
2025-09-30,2025_Poseidon_Partners_AmexCharges.xlsx,Unassigned / Allocation Required,FRAUD CREDIT,-74.68,FRAUD CREDIT,Suspense & Review,Unassigned / Allocation Required,Refund/credit/points; Same-file repeat — verify not double-entered (SFR-0022),Credit / refund / points — contra to original expense; confirm matching original charge.,40
2025-11-06,2025_Poseidon_Partners_AmexCharges.xlsx,Unassigned / Allocation Required,CHEVRON 0306890/CHEVSANTA MONICA CA,74.56,Personal - Car,Auto,Unassigned / Allocation Required,Personal item (category marked personal),Personal expense paid from business account — propose Due From Owner / Owner Distribution pending substantiation.,40
2025-10-06,2025_Poseidon_Partners_AmexCharges.xlsx,Unassigned / Allocation Required,TST* BLUEYS KITCHEN LOS ANGELES CA,74.47,Personal - Food,Suspense & Review,Unassigned / Allocation Required,Personal item (category marked personal),Personal expense paid from business account — propose Due From Owner / Owner Distribution pending substantiation.,40
2026-05-11,MarJune_2026_Poseidon_Partners_Amex_Charges.xlsx,Poseidon Partners,URBAN PLATES #13 WOODLAND HILL CA,74.45,Personal - Food,Suspense & Review,Poseidon Partners,Personal item (category marked personal),Personal expense paid from business account — propose Due From Owner / Owner Distribution pending substantiation.,45
2025-11-30,2025_Poseidon_Partners_AmexCharges.xlsx,Unassigned / Allocation Required,LA FIESTA FOODS INC.Los Angeles CA,74.35,Personal - Food,Suspense & Review,Unassigned / Allocation Required,Personal item (category marked personal),Personal expense paid from business account — propose Due From Owner / Owner Distribution pending substantiation.,40
2025-04-01,2025_PlumCard_Dunnings.xlsx,DWG Capital Partners,SUMUP*BUDDLEIA SRL,74.33,Judd/Angela Italy Trip,Suspense & Review,DWG Capital Partners,Personal item (B/P flag = personal),Personal expense paid from business account — propose Due From Owner / Owner Distribution pending substantiation.,45
2025-02-24,2025_PlumCard_Dunnings.xlsx,DWG Capital Partners,DD *DOORDASH CANTINASAN FRANCISCO,74.21,Personal - Food,Suspense & Review,DWG Capital Partners,Personal item (B/P flag = personal),Personal expense paid from business account — propose Due From Owner / Owner Distribution pending substantiation.,45
2025-01-01,2025_Poseidon_Partners_AmexCharges.xlsx,Unassigned / Allocation Required,BCF - DUKE POINT VICTORIA CA,73.88,Personal - Entertainment,Suspense & Review,Unassigned / Allocation Required,Personal item (category marked personal),Personal expense paid from business account — propose Due From Owner / Owner Distribution pending substantiation.,40
2025-09-30,2025_Poseidon_Partners_AmexCharges.xlsx,Unassigned / Allocation Required,FRAUD CREDIT,-73.85,FRAUD CREDIT,Suspense & Review,Unassigned / Allocation Required,Refund/credit/points,Credit / refund / points — contra to original expense; confirm matching original charge.,40
2026-03-31,MarJune_2026_Poseidon_Partners_Amex_Charges.xlsx,Poseidon Partners,A ESCADINHA SINTRA SINTRA,73.57,Judd & Angela - Portugal,Suspense & Review,Poseidon Partners,Unmapped category,Unmapped — assign to Suspense & Review pending classification.,45
2026-03-28,MarJune_2026_Poseidon_Partners_Amex_Charges.xlsx,Poseidon Partners,TST* CAFE GRATITUDE VENICE CA,73.35,Personal - Food,Suspense & Review,Poseidon Partners,Personal item (category marked personal),Personal expense paid from business account — propose Due From Owner / Owner Distribution pending substantiation.,45
2025-04-08,2025_PlumCard_Dunnings.xlsx,DWG Capital Partners,PAYPAL *CLAUDIAFRACA4029357733,73.19,Judd/Angela Italy Trip,Suspense & Review,DWG Capital Partners,Personal item (B/P flag = personal),Personal expense paid from business account — propose Due From Owner / Owner Distribution pending substantiation.,45
2025-05-18,2025_Poseidon_Partners_AmexCharges.xlsx,Unassigned / Allocation Required,CHEVRON 0203569/CHEVDALLAS TX,73.19,Personal - Car,Auto,Unassigned / Allocation Required,Personal item (category marked personal),Personal expense paid from business account — propose Due From Owner / Owner Distribution pending substantiation.,40
2025-08-23,2025_Poseidon_Partners_AmexCharges.xlsx,Unassigned / Allocation Required,TST* BLUEYS KITCHEN LOS ANGELES CA,73.12,Personal - Food,Suspense & Review,Unassigned / Allocation Required,Personal item (category marked personal),Personal expense paid from business account — propose Due From Owner / Owner Distribution pending substantiation.,40
2026-04-09,MarJune_2026_Poseidon_Partners_Amex_Charges.xlsx,Poseidon Partners,EST SERV SAN JOSE 36ANTEQUERA ES,73.12,Judd & Angela - Portugal,Suspense & Review,Poseidon Partners,Unmapped category,Unmapped — assign to Suspense & Review pending classification.,45
2025-09-30,2025_Poseidon_Partners_AmexCharges.xlsx,Unassigned / Allocation Required,FRAUD CREDIT,-73.08,FRAUD CREDIT,Suspense & Review,Unassigned / Allocation Required,Refund/credit/points,Credit / refund / points — contra to original expense; confirm matching original charge.,40
2025-09-21,2025_PlumCard_Dunnings.xlsx,DWG Capital Partners,WORDPRESS BLAZE,72.97,Wordpress,Suspense & Review,DWG Capital Partners,Unmapped category,Unmapped — assign to Suspense & Review pending classification.,45
2025-01-11,2025_Poseidon_Partners_AmexCharges.xlsx,Unassigned / Allocation Required,TST* DOOMIES HOME COLOS ANGELES CA,72.97,Personal - Food,Suspense & Review,Unassigned / Allocation Required,Personal item (category marked personal),Personal expense paid from business account — propose Due From Owner / Owner Distribution pending substantiation.,40
2026-04-25,MarJune_2026_Poseidon_Partners_Amex_Charges.xlsx,Poseidon Partners,SP VELVET ECOM CULVER CITY CA,72.77,Personal - Clothing,Suspense & Review,Poseidon Partners,Personal item (category marked personal),Personal expense paid from business account — propose Due From Owner / Owner Distribution pending substantiation.,45
2025-02-27,2025_Poseidon_Partners_AmexCharges.xlsx,Unassigned / Allocation Required,AMAZON MARKETPLACE NAMZN.COM/BILL WA,-72.68,Amazon,Office,Unassigned / Allocation Required,Refund/credit/points,Credit / refund / points — contra to original expense; confirm matching original charge.,40
2025-02-27,2025_Poseidon_Partners_AmexCharges.xlsx,Unassigned / Allocation Required,AMAZON MARKEPLACE NA PA,72.68,Amazon,Office,Unassigned / Allocation Required,Entity unassigned,Entity could not be determined from source — allocate before consolidation.,40
2025-02-20,2025_Poseidon_Partners_AmexCharges.xlsx,Unassigned / Allocation Required,AMAZON MARKETPLACE NAMZN.COM/BILL WA,-72.68,Amazon,Office,Unassigned / Allocation Required,Refund/credit/points,Credit / refund / points — contra to original expense; confirm matching original charge.,40
2025-02-20,2025_Poseidon_Partners_AmexCharges.xlsx,Unassigned / Allocation Required,AMAZON MARKEPLACE NA PA,72.68,Amazon,Office,Unassigned / Allocation Required,Entity unassigned,Entity could not be determined from source — allocate before consolidation.,40
2025-05-21,2025_Poseidon_Partners_AmexCharges.xlsx,Unassigned / Allocation Required,AMERICAN AIRLINES 45800-433-7300 TX,72.38,New Orleans Family Trip,Travel,Unassigned / Allocation Required,Personal item (category marked family/household); Same-file repeat — verify not double-entered (SFR-0042),Personal expense paid from business account — propose Due From Owner / Owner Distribution pending substantiation.,40
2025-05-21,2025_Poseidon_Partners_AmexCharges.xlsx,Unassigned / Allocation Required,AMERICAN AIRLINES 45800-433-7300 TX,72.38,New Orleans Family Trip,Travel,Unassigned / Allocation Required,Personal item (category marked family/household); Same-file repeat — verify not double-entered (SFR-0042),Personal expense paid from business account — propose Due From Owner / Owner Distribution pending substantiation.,40
2025-08-02,2025_PlumCard_Dunnings.xlsx,DWG Capital Partners,PHOVORITE VIETNAMESECULVER CITY,72.34,Personal - Food,Suspense & Review,DWG Capital Partners,Personal item (B/P flag = personal),Personal expense paid from business account — propose Due From Owner / Owner Distribution pending substantiation.,45
2025-12-31,2025_Poseidon_Partners_AmexCharges.xlsx,Unassigned / Allocation Required,A&R NOTARY PLUS Los Angeles CA,72.0,Deal Specific: Moab,Deal - Pursuit Costs,Unassigned / Allocation Required,Entity unassigned,Entity could not be determined from source — allocate before consolidation.,40
2025-06-29,2025_Poseidon_Partners_AmexCharges.xlsx,Unassigned / Allocation Required,TRILOGY SANCTUARY La Jolla CA,72.0,San Diego - Judd/Angela Trip,Suspense & Review,Unassigned / Allocation Required,Unmapped category,Unmapped — assign to Suspense & Review pending classification.,40
2025-09-24,2025_Poseidon_Partners_AmexCharges.xlsx,Unassigned / Allocation Required,THE MV GRAB AND GO LOS ANGELES CA,71.73,Personal - Food,Suspense & Review,Unassigned / Allocation Required,Personal item (category marked personal),Personal expense paid from business account — propose Due From Owner / Owner Distribution pending substantiation.,40
2025-09-11,2025_Poseidon_Partners_AmexCharges.xlsx,Unassigned / Allocation Required,TST* MY LAI 00041823LOS ANGELES CA,71.66,Personal - Food,Suspense & Review,Unassigned / Allocation Required,Personal item (category marked personal),Personal expense paid from business account — propose Due From Owner / Owner Distribution pending substantiation.,40
2026-04-04,MarJune_2026_Poseidon_Partners_Amex_Charges.xlsx,Poseidon Partners,TOREL PALACE PORTO PORTO,71.62,Judd & Angela - Portugal,Suspense & Review,Poseidon Partners,Unmapped category,Unmapped — assign to Suspense & Review pending classification.,45
2025-04-04,2025_Poseidon_Partners_AmexCharges.xlsx,Unassigned / Allocation Required,AMAZON MARKETPLACE NAMZN.COM/BILL WA,-71.4,Amazon,Office,Unassigned / Allocation Required,Refund/credit/points,Credit / refund / points — contra to original expense; confirm matching original charge.,40
2025-04-04,2025_Poseidon_Partners_AmexCharges.xlsx,Unassigned / Allocation Required,AMAZON MARKEPLACE NA PA,71.4,Amazon,Office,Unassigned / Allocation Required,Entity unassigned,Entity could not be determined from source — allocate before consolidation.,40
2025-01-23,2025_Poseidon_Partners_AmexCharges.xlsx,Unassigned / Allocation Required,WHOLE FOODS CLV 1052866-216-1072 DE,71.39,Personal - House,Suspense & Review,Unassigned / Allocation Required,Personal item (category marked personal),Personal expense paid from business account — propose Due From Owner / Owner Distribution pending substantiation.,40
2025-09-08,2025_Poseidon_Partners_AmexCharges.xlsx,Unassigned / Allocation Required,ALAMO RENT A CAR RIOHEREDIA HE,-71.16,Team Travel (Judd),Travel,Unassigned / Allocation Required,Refund/credit/points,Credit / refund / points — contra to original expense; confirm matching original charge.,40
2025-06-25,2025_PlumCard_Dunnings.xlsx,DWG Capital Partners,PAYPAL *TICKETMASTER8006538000,70.5,Personal - Entertainment,Suspense & Review,DWG Capital Partners,Personal item (B/P flag = personal),Personal expense paid from business account — propose Due From Owner / Owner Distribution pending substantiation.,45
2026-04-11,MarJune_2026_Poseidon_Partners_Amex_Charges.xlsx,Poseidon Partners,LA CASA DE JUAN RANAGRANADA ES,70.43,Judd & Angela - Portugal,Suspense & Review,Poseidon Partners,Unmapped category,Unmapped — assign to Suspense & Review pending classification.,45
2026-02-18,JanFeb_2026_Poseidon_Partners_Amex_Charges.xlsx,Poseidon Partners,DNH*GODADDY#40203002Tempe AZ,70.36,Go Daddy,Suspense & Review,Poseidon Partners,Unmapped category,Unmapped — assign to Suspense & Review pending classification.,45
2025-09-30,2025_Poseidon_Partners_AmexCharges.xlsx,Unassigned / Allocation Required,FRAUD CREDIT,-70.31,FRAUD CREDIT,Suspense & Review,Unassigned / Allocation Required,Refund/credit/points; Same-file repeat — verify not double-entered (SFR-0023),Credit / refund / points — contra to original expense; confirm matching original charge.,40
2025-09-30,2025_Poseidon_Partners_AmexCharges.xlsx,Unassigned / Allocation Required,FRAUD CREDIT,-70.31,FRAUD CREDIT,Suspense & Review,Unassigned / Allocation Required,Refund/credit/points; Same-file repeat — verify not double-entered (SFR-0023),Credit / refund / points — contra to original expense; confirm matching original charge.,40
2025-09-30,2025_Poseidon_Partners_AmexCharges.xlsx,Unassigned / Allocation Required,FRAUD CREDIT,-70.15,FRAUD CREDIT,Suspense & Review,Unassigned / Allocation Required,Refund/credit/points,Credit / refund / points — contra to original expense; confirm matching original charge.,40
2025-02-05,2025_Poseidon_Partners_AmexCharges.xlsx,Unassigned / Allocation Required,PACOS TACOS 0755 LOS ANGELES CA,70.08,Personal - Food,Suspense & Review,Unassigned / Allocation Required,Personal item (category marked personal),Personal expense paid from business account — propose Due From Owner / Owner Distribution pending substantiation.,40
2025-10-26,2025_PlumCard_Dunnings.xlsx,DWG Capital Partners,WORDPRESS BLAZE,70.0,Wordpress,Suspense & Review,DWG Capital Partners,Unmapped category,Unmapped — assign to Suspense & Review pending classification.,45
2025-09-30,2025_Poseidon_Partners_AmexCharges.xlsx,Unassigned / Allocation Required,FRAUD CREDIT,-69.99,FRAUD CREDIT,Suspense & Review,Unassigned / Allocation Required,Refund/credit/points,Credit / refund / points — contra to original expense; confirm matching original charge.,40
2025-08-19,2025_Poseidon_Partners_AmexCharges.xlsx,Unassigned / Allocation Required,AMERICAN AIRLINES 800-433-7300 TX,69.99,Miami Investor Trip,Travel,Unassigned / Allocation Required,Entity unassigned,Entity could not be determined from source — allocate before consolidation.,40
2025-05-11,2025_Poseidon_Partners_AmexCharges.xlsx,Unassigned / Allocation Required,VONS #2270 2270 LOS ANGELES CA,69.91,Personal - Food,Suspense & Review,Unassigned / Allocation Required,Personal item (category marked personal),Personal expense paid from business account — propose Due From Owner / Owner Distribution pending substantiation.,40
2025-01-04,2025_Poseidon_Partners_AmexCharges.xlsx,Unassigned / Allocation Required,JACKS SURF BOARDS SANTA MONICA CA,69.69,Personal - Entertainment,Suspense & Review,Unassigned / Allocation Required,Personal item (category marked personal),Personal expense paid from business account — propose Due From Owner / Owner Distribution pending substantiation.,40
2025-12-15,2025_Poseidon_Partners_AmexCharges.xlsx,Unassigned / Allocation Required,"800.COM, LLC 800-800-4321 FL",69.62,Software & Subscriptions,Software & Technology,Unassigned / Allocation Required,Entity unassigned,Entity could not be determined from source — allocate before consolidation.,40
2025-11-15,2025_Poseidon_Partners_AmexCharges.xlsx,Unassigned / Allocation Required,"800.COM, LLC 800-800-4321 FL",69.62,Software & Subscriptions,Software & Technology,Unassigned / Allocation Required,Entity unassigned,Entity could not be determined from source — allocate before consolidation.,40
2025-10-15,2025_Poseidon_Partners_AmexCharges.xlsx,Unassigned / Allocation Required,"800.COM, LLC 800-800-4321 FL",69.62,Software & Subscriptions,Software & Technology,Unassigned / Allocation Required,Entity unassigned,Entity could not be determined from source — allocate before consolidation.,40
2025-09-16,2025_Poseidon_Partners_AmexCharges.xlsx,Unassigned / Allocation Required,"800.COM, LLC 800-800-4321 FL",69.62,Software & Subscriptions,Software & Technology,Unassigned / Allocation Required,Entity unassigned,Entity could not be determined from source — allocate before consolidation.,40
2025-05-31,2025_Poseidon_Partners_AmexCharges.xlsx,Unassigned / Allocation Required,AMAZON.COM AMZN.COM/BILL WA,69.39,Amazon,Office,Unassigned / Allocation Required,Entity unassigned,Entity could not be determined from source — allocate before consolidation.,40
2025-12-01,2025_Poseidon_Partners_AmexCharges.xlsx,Unassigned / Allocation Required,TST* BLUEYS KITCHEN LOS ANGELES CA,69.29,Personal - Food,Suspense & Review,Unassigned / Allocation Required,Personal item (category marked personal),Personal expense paid from business account — propose Due From Owner / Owner Distribution pending substantiation.,40
2025-09-30,2025_Poseidon_Partners_AmexCharges.xlsx,Unassigned / Allocation Required,FRAUD CREDIT,-69.17,FRAUD CREDIT,Suspense & Review,Unassigned / Allocation Required,Refund/credit/points,Credit / refund / points — contra to original expense; confirm matching original charge.,40
2025-03-30,2025_Poseidon_Partners_AmexCharges.xlsx,Unassigned / Allocation Required,VITA JUICE DOWNEY CA,69.0,Personal - Food,Suspense & Review,Unassigned / Allocation Required,Personal item (category marked personal),Personal expense paid from business account — propose Due From Owner / Owner Distribution pending substantiation.,40
2026-03-23,Mar-May_2026_DWGCP_Amex_Charges.xlsx,DWG Capital Partners,SOUTHWEST AIRLINES,-69.0,Refund,Other Operating Expense,DWG Capital Partners,Refund/credit/points,Credit / refund / points — contra to original expense; confirm matching original charge.,80
2025-03-10,2025_Poseidon_Partners_AmexCharges.xlsx,Unassigned / Allocation Required,MOON JUICE Venice CA,68.98,Personal - Food,Suspense & Review,Unassigned / Allocation Required,Personal item (category marked personal),Personal expense paid from business account — propose Due From Owner / Owner Distribution pending substantiation.,40
2025-06-29,2025_Poseidon_Partners_AmexCharges.xlsx,Unassigned / Allocation Required,SHELL SERVICE STATIOSAN DIEGO CA,68.29,San Diego - Judd/Angela Trip,Suspense & Review,Unassigned / Allocation Required,Unmapped category,Unmapped — assign to Suspense & Review pending classification.,40
2025-04-09,2025_PlumCard_Dunnings.xlsx,DWG Capital Partners,ESSO,68.25,Judd/Angela Italy Trip,Suspense & Review,DWG Capital Partners,Personal item (B/P flag = personal),Personal expense paid from business account — propose Due From Owner / Owner Distribution pending substantiation.,45
2025-06-07,2025_Poseidon_Partners_AmexCharges.xlsx,Unassigned / Allocation Required,HANDY J CAR WASH 650LOS ANGELES CA,68.0,Personal - Car,Auto,Unassigned / Allocation Required,Personal item (category marked personal),Personal expense paid from business account — propose Due From Owner / Owner Distribution pending substantiation.,40
2026-04-06,MarJune_2026_Poseidon_Partners_Amex_Charges.xlsx,Poseidon Partners,PINGO DOCE REGUENGOSREGUENGOS DE MONSARA,68.0,Judd & Angela - Portugal,Suspense & Review,Poseidon Partners,Unmapped category,Unmapped — assign to Suspense & Review pending classification.,45
2026-02-25,JanFeb_2026_Poseidon_Partners_Amex_Charges.xlsx,Poseidon Partners,CASABLANCA RESTAURANVENICE CA,67.85,Personal - Food,Suspense & Review,Poseidon Partners,Personal item (category marked personal),Personal expense paid from business account — propose Due From Owner / Owner Distribution pending substantiation.,45
2025-08-11,2025_Poseidon_Partners_AmexCharges.xlsx,Unassigned / Allocation Required,FedEx Office 0083 Plano TX,67.82,Miami Investor Trip,Office,Unassigned / Allocation Required,Entity unassigned,Entity could not be determined from source — allocate before consolidation.,40
2025-12-16,2025_Poseidon_Partners_AmexCharges.xlsx,Unassigned / Allocation Required,CHEVRON 0308980/CHEVLOS ANGELES CA,67.78,Personal - Car,Auto,Unassigned / Allocation Required,Personal item (category marked personal),Personal expense paid from business account — propose Due From Owner / Owner Distribution pending substantiation.,40
2026-05-10,MarJune_2026_Poseidon_Partners_Amex_Charges.xlsx,Poseidon Partners,TST* THE COMEDY STORLOS ANGELES CA,67.74,Personal - Food,Suspense & Review,Poseidon Partners,Personal item (category marked personal),Personal expense paid from business account — propose Due From Owner / Owner Distribution pending substantiation.,45
2025-09-05,2025_Poseidon_Partners_AmexCharges.xlsx,Unassigned / Allocation Required,ESTACION EUSSE TARCOPUNTARENAS,67.65,Costa Rica Trip,Suspense & Review,Unassigned / Allocation Required,Unmapped category,Unmapped — assign to Suspense & Review pending classification.,40
2026-02-14,JanFeb_2026_Poseidon_Partners_Amex_Charges.xlsx,Poseidon Partners,PY *CAFFE LUXXE 0000SANTA MONICA CA,67.56,Personal - Food,Suspense & Review,Poseidon Partners,Personal item (category marked personal),Personal expense paid from business account — propose Due From Owner / Owner Distribution pending substantiation.,45
2025-01-30,2025_Poseidon_Partners_AmexCharges.xlsx,Unassigned / Allocation Required,AMAZON MARKETPLACE NAMZN.COM/BILL WA,-67.35,Amazon,Office,Unassigned / Allocation Required,Refund/credit/points,Credit / refund / points — contra to original expense; confirm matching original charge.,40
2025-01-30,2025_Poseidon_Partners_AmexCharges.xlsx,Unassigned / Allocation Required,AMAZON MARKEPLACE NA PA,67.35,Amazon,Office,Unassigned / Allocation Required,Entity unassigned,Entity could not be determined from source — allocate before consolidation.,40
2025-09-30,2025_Poseidon_Partners_AmexCharges.xlsx,Unassigned / Allocation Required,FRAUD CREDIT,-67.21,FRAUD CREDIT,Suspense & Review,Unassigned / Allocation Required,Refund/credit/points,Credit / refund / points — contra to original expense; confirm matching original charge.,40
2026-04-26,MarJune_2026_Poseidon_Partners_Amex_Charges.xlsx,Poseidon Partners,TST* THE BUTCHER'S DVENICE CA,67.2,Personal - Food,Suspense & Review,Poseidon Partners,Personal item (category marked personal),Personal expense paid from business account — propose Due From Owner / Owner Distribution pending substantiation.,45
2025-05-16,2025_Poseidon_Partners_AmexCharges.xlsx,Unassigned / Allocation Required,NORTHSIDE REMEDY 000WEATHERFORD TX,67.19,Personal - Food,Suspense & Review,Unassigned / Allocation Required,Personal item (category marked personal),Personal expense paid from business account — propose Due From Owner / Owner Distribution pending substantiation.,40
2026-04-23,MarJune_2026_Poseidon_Partners_Amex_Charges.xlsx,Poseidon Partners,AplPay GRUBHUB*SHAMVNEW YORK NY,67.14,Personal - Food,Suspense & Review,Poseidon Partners,Personal item (category marked personal),Personal expense paid from business account — propose Due From Owner / Owner Distribution pending substantiation.,45
2025-04-09,2025_PlumCard_Dunnings.xlsx,DWG Capital Partners,VIATOR,-67.06,Judd/Angela Italy Trip,Suspense & Review,DWG Capital Partners,Personal item (B/P flag = personal),Personal expense paid from business account — propose Due From Owner / Owner Distribution pending substantiation.,45
2025-04-09,2025_PlumCard_Dunnings.xlsx,DWG Capital Partners,VIATOR,67.06,Judd/Angela Italy Trip,Suspense & Review,DWG Capital Partners,Personal item (B/P flag = personal),Personal expense paid from business account — propose Due From Owner / Owner Distribution pending substantiation.,45
2025-08-12,2025_Poseidon_Partners_AmexCharges.xlsx,Unassigned / Allocation Required,AMERICAN AIRLINES 800-433-7300 TX,67.0,Miami Investor Trip,Travel,Unassigned / Allocation Required,Entity unassigned; Same-file repeat — verify not double-entered (SFR-0037),Entity could not be determined from source — allocate before consolidation.,40
2025-08-12,2025_Poseidon_Partners_AmexCharges.xlsx,Unassigned / Allocation Required,AMERICAN AIRLINES 800-433-7300 TX,67.0,Miami Investor Trip,Travel,Unassigned / Allocation Required,Entity unassigned; Same-file repeat — verify not double-entered (SFR-0037),Entity could not be determined from source — allocate before consolidation.,40
2025-05-23,2025_Poseidon_Partners_AmexCharges.xlsx,Unassigned / Allocation Required,HEAVENS MOISTURE New Orleans LA,66.3,New Orleans Family Trip,Travel,Unassigned / Allocation Required,Personal item (category marked family/household),Personal expense paid from business account — propose Due From Owner / Owner Distribution pending substantiation.,40
2025-09-30,2025_Poseidon_Partners_AmexCharges.xlsx,Unassigned / Allocation Required,FRAUD CREDIT,-66.25,FRAUD CREDIT,Suspense & Review,Unassigned / Allocation Required,Refund/credit/points,Credit / refund / points — contra to original expense; confirm matching original charge.,40
2025-06-27,2025_Poseidon_Partners_AmexCharges.xlsx,Unassigned / Allocation Required,AMAZON MARKETPLACE NAMZN.COM/BILL WA,-66.25,Amazon,Office,Unassigned / Allocation Required,Refund/credit/points,Credit / refund / points — contra to original expense; confirm matching original charge.,40
2025-06-27,2025_Poseidon_Partners_AmexCharges.xlsx,Unassigned / Allocation Required,AMAZON MARKEPLACE NA PA,66.25,Amazon,Office,Unassigned / Allocation Required,Entity unassigned,Entity could not be determined from source — allocate before consolidation.,40
2025-05-04,2025_Poseidon_Partners_AmexCharges.xlsx,Unassigned / Allocation Required,AMAZON MARKETPLACE NAMZN.COM/BILL WA,-66.25,Amazon,Office,Unassigned / Allocation Required,Refund/credit/points,Credit / refund / points — contra to original expense; confirm matching original charge.,40
2025-05-04,2025_Poseidon_Partners_AmexCharges.xlsx,Unassigned / Allocation Required,AMAZON MARKEPLACE NA PA,66.25,Amazon,Office,Unassigned / Allocation Required,Entity unassigned,Entity could not be determined from source — allocate before consolidation.,40
2025-03-14,2025_Poseidon_Partners_AmexCharges.xlsx,Unassigned / Allocation Required,AMAZON MARKETPLACE NAMZN.COM/BILL WA,-66.25,Amazon,Office,Unassigned / Allocation Required,Refund/credit/points,Credit / refund / points — contra to original expense; confirm matching original charge.,40
2025-03-14,2025_Poseidon_Partners_AmexCharges.xlsx,Unassigned / Allocation Required,AMAZON MARKEPLACE NA PA,66.25,Amazon,Office,Unassigned / Allocation Required,Entity unassigned,Entity could not be determined from source — allocate before consolidation.,40
2025-09-13,2025_PlumCard_Dunnings.xlsx,DWG Capital Partners,TST* VESPAIO 0008079LOS ANGELES,66.03,Personal - Food,Suspense & Review,DWG Capital Partners,Personal item (B/P flag = personal),Personal expense paid from business account — propose Due From Owner / Owner Distribution pending substantiation.,45
2025-03-24,2025_Poseidon_Partners_AmexCharges.xlsx,Unassigned / Allocation Required,DELTA JACO PUNTARENAS PU,65.93,Costa Rica Trip,Travel,Unassigned / Allocation Required,Entity unassigned,Entity could not be determined from source — allocate before consolidation.,40
2025-02-13,2025_Poseidon_Partners_AmexCharges.xlsx,Unassigned / Allocation Required,AMAZON MARKETPLACE NAMZN.COM/BILL WA,-65.9,Amazon,Office,Unassigned / Allocation Required,Refund/credit/points,Credit / refund / points — contra to original expense; confirm matching original charge.,40
2025-02-13,2025_Poseidon_Partners_AmexCharges.xlsx,Unassigned / Allocation Required,AMAZON MARKEPLACE NA PA,65.9,Amazon,Office,Unassigned / Allocation Required,Entity unassigned,Entity could not be determined from source — allocate before consolidation.,40
2026-03-20,Mar-May_2026_DWGCP_Amex_Charges.xlsx,DWG Capital Partners,CASABLANCA RESTAURANT,65.57,Team Dinner,Meals & Entertainment,DWG Capital Partners,Personal item (B/P flag = personal),Personal expense paid from business account — propose Due From Owner / Owner Distribution pending substantiation.,82
2025-07-10,2025_Poseidon_Partners_AmexCharges.xlsx,Unassigned / Allocation Required,AMAZON MARKETPLACE NAMZN.COM/BILL WA,-65.32,Amazon,Office,Unassigned / Allocation Required,Refund/credit/points,Credit / refund / points — contra to original expense; confirm matching original charge.,40
2025-07-10,2025_Poseidon_Partners_AmexCharges.xlsx,Unassigned / Allocation Required,AMAZON MARKEPLACE NA PA,65.32,Amazon,Office,Unassigned / Allocation Required,Entity unassigned,Entity could not be determined from source — allocate before consolidation.,40
2025-12-08,2025_Poseidon_Partners_AmexCharges.xlsx,Unassigned / Allocation Required,BUC-EE'S #0058/UNBRAAUBURN AL,64.57,Team Travel (Judd),Travel,Unassigned / Allocation Required,Entity unassigned,Entity could not be determined from source — allocate before consolidation.,40
2025-02-03,2025_Poseidon_Partners_AmexCharges.xlsx,Unassigned / Allocation Required,EXPEDIA.COM TRAVEL SEATTLE WA,64.27,Team Travel (Angela),Travel,Unassigned / Allocation Required,Entity unassigned,Entity could not be determined from source — allocate before consolidation.,40
2025-09-30,2025_Poseidon_Partners_AmexCharges.xlsx,Unassigned / Allocation Required,FRAUD CREDIT,-64.25,FRAUD CREDIT,Suspense & Review,Unassigned / Allocation Required,Refund/credit/points,Credit / refund / points — contra to original expense; confirm matching original charge.,40
2026-05-16,MarJune_2026_Poseidon_Partners_Amex_Charges.xlsx,Poseidon Partners,AplPay GRUBHUB*IKESLNEW YORK NY,64.17,Personal - Food,Suspense & Review,Poseidon Partners,Personal item (category marked personal),Personal expense paid from business account — propose Due From Owner / Owner Distribution pending substantiation.,45
2026-05-23,MarJune_2026_Poseidon_Partners_Amex_Charges.xlsx,Poseidon Partners,AplPay GRUBHUB*LAVEGNEW YORK NY,63.78,Personal - Food,Suspense & Review,Poseidon Partners,Personal item (category marked personal),Personal expense paid from business account — propose Due From Owner / Owner Distribution pending substantiation.,45
2025-06-17,2025_Poseidon_Partners_AmexCharges.xlsx,Unassigned / Allocation Required,AMAZON.COM AMZN.COM/BILL WA,63.73,Amazon,Office,Unassigned / Allocation Required,Entity unassigned,Entity could not be determined from source — allocate before consolidation.,40
2025-09-30,2025_Poseidon_Partners_AmexCharges.xlsx,Unassigned / Allocation Required,FRAUD CREDIT,-63.58,FRAUD CREDIT,Suspense & Review,Unassigned / Allocation Required,Refund/credit/points,Credit / refund / points — contra to original expense; confirm matching original charge.,40
2025-02-05,2025_Poseidon_Partners_AmexCharges.xlsx,Unassigned / Allocation Required,STAPLES 00127 VENICE CA,63.49,DWG Operations,Office,Unassigned / Allocation Required,Entity unassigned,Entity could not be determined from source — allocate before consolidation.,40
2025-09-30,2025_Poseidon_Partners_AmexCharges.xlsx,Unassigned / Allocation Required,FRAUD CREDIT,-63.32,FRAUD CREDIT,Suspense & Review,Unassigned / Allocation Required,Refund/credit/points,Credit / refund / points — contra to original expense; confirm matching original charge.,40
2025-06-22,2025_PlumCard_Dunnings.xlsx,DWG Capital Partners,UBER EATS,63.19,Personal - Food,Travel,DWG Capital Partners,Personal item (B/P flag = personal),Personal expense paid from business account — propose Due From Owner / Owner Distribution pending substantiation.,84
2025-05-16,2025_Poseidon_Partners_AmexCharges.xlsx,Unassigned / Allocation Required,TST* BYBLOS MEDITERRFORT WORTH TX,63.03,Personal - Food,Suspense & Review,Unassigned / Allocation Required,Personal item (category marked personal),Personal expense paid from business account — propose Due From Owner / Owner Distribution pending substantiation.,40
2025-04-16,2025_PlumCard_Dunnings.xlsx,DWG Capital Partners,ENI27100,62.89,Judd/Angela Italy Trip,Suspense & Review,DWG Capital Partners,Personal item (B/P flag = personal),Personal expense paid from business account — propose Due From Owner / Owner Distribution pending substantiation.,45
2025-11-09,2025_Poseidon_Partners_AmexCharges.xlsx,Unassigned / Allocation Required,DLS @ BELASCO Los Angeles CA,62.8,Personal - Food,Suspense & Review,Unassigned / Allocation Required,Personal item (category marked personal),Personal expense paid from business account — propose Due From Owner / Owner Distribution pending substantiation.,40
2026-04-08,MarJune_2026_Poseidon_Partners_Amex_Charges.xlsx,Poseidon Partners,CORDOBA.INFO 3679078CORDOBA ES,62.69,Judd & Angela - Portugal,Suspense & Review,Poseidon Partners,Unmapped category,Unmapped — assign to Suspense & Review pending classification.,45
2026-05-24,MarJune_2026_Poseidon_Partners_Amex_Charges.xlsx,Poseidon Partners,TST* CLEAN JUICE - CFORT WORTH TX,62.31,Personal - Food,Suspense & Review,Poseidon Partners,Personal item (category marked personal),Personal expense paid from business account — propose Due From Owner / Owner Distribution pending substantiation.,45
2025-01-30,2025_Poseidon_Partners_AmexCharges.xlsx,Unassigned / Allocation Required,KINDLE SVCS*ZC5XK8KO888-802-3080 WA,62.18,Personal - Entertainment,Suspense & Review,Unassigned / Allocation Required,Personal item (category marked personal),Personal expense paid from business account — propose Due From Owner / Owner Distribution pending substantiation.,40
2025-05-07,2025_Poseidon_Partners_AmexCharges.xlsx,Unassigned / Allocation Required,TST* BLUEYS KITCHEN LOS ANGELES CA,62.17,Personal - Food,Suspense & Review,Unassigned / Allocation Required,Personal item (category marked personal),Personal expense paid from business account — propose Due From Owner / Owner Distribution pending substantiation.,40
2025-12-08,2025_Poseidon_Partners_AmexCharges.xlsx,Unassigned / Allocation Required,RAILROAD THAI MONTGOMERY AL,62.11,Team Travel (Judd),Travel,Unassigned / Allocation Required,Entity unassigned,Entity could not be determined from source — allocate before consolidation.,40
2025-07-10,2025_Poseidon_Partners_AmexCharges.xlsx,Unassigned / Allocation Required,VALERO 7 ELEVEN 3794KING CITY CA,62.11,San Francisco Investor Meeting,Investor Relations,Unassigned / Allocation Required,Entity unassigned,Entity could not be determined from source — allocate before consolidation.,40
2025-07-05,2025_Poseidon_Partners_AmexCharges.xlsx,Unassigned / Allocation Required,HOLLYWOOD BOWL 65000LOS ANGELES CA,62.01,Personal - Entertainment,Suspense & Review,Unassigned / Allocation Required,Personal item (category marked personal),Personal expense paid from business account — propose Due From Owner / Owner Distribution pending substantiation.,40
2025-12-27,2025_PlumCard_Dunnings.xlsx,DWG Capital Partners,TST-TACOFINO - TOFINTOFINO,61.88,Family Trip,Travel,DWG Capital Partners,Personal item (B/P flag = personal),Personal expense paid from business account — propose Due From Owner / Owner Distribution pending substantiation.,60
2025-10-21,2025_Poseidon_Partners_AmexCharges.xlsx,Unassigned / Allocation Required,BLVD *PREMIER IV &WEATHERFORD TX,61.8,Personal - Health,Suspense & Review,Unassigned / Allocation Required,Personal item (category marked personal),Personal expense paid from business account — propose Due From Owner / Owner Distribution pending substantiation.,40
2026-01-24,JanFeb_2026_Poseidon_Partners_Amex_Charges.xlsx,Poseidon Partners,CHEVRON 0308980/CHEVLOS ANGELES CA,61.6,Personal - Car,Auto,Poseidon Partners,Personal item (category marked personal),Personal expense paid from business account — propose Due From Owner / Owner Distribution pending substantiation.,76
2025-03-25,2025_Poseidon_Partners_AmexCharges.xlsx,Unassigned / Allocation Required,EC RENTA CAR ALAJUELA AL,61.56,Costa Rica Trip,Auto,Unassigned / Allocation Required,Entity unassigned,Entity could not be determined from source — allocate before consolidation.,40
2025-06-07,2025_Poseidon_Partners_AmexCharges.xlsx,Unassigned / Allocation Required,MOON JUICE Venice CA,61.32,Personal - Food,Suspense & Review,Unassigned / Allocation Required,Personal item (category marked personal),Personal expense paid from business account — propose Due From Owner / Owner Distribution pending substantiation.,40
2025-02-18,2025_Poseidon_Partners_AmexCharges.xlsx,Unassigned / Allocation Required,DNH*GODADDY#35941836Tempe AZ,61.32,Go Daddy,Suspense & Review,Unassigned / Allocation Required,Unmapped category,Unmapped — assign to Suspense & Review pending classification.,40
2025-06-06,2025_Poseidon_Partners_AmexCharges.xlsx,Unassigned / Allocation Required,LARES RESTAURANT SANTA MONICA CA,60.97,Personal - Food,Meals & Entertainment,Unassigned / Allocation Required,Personal item (category marked personal),Personal expense paid from business account — propose Due From Owner / Owner Distribution pending substantiation.,40
2025-04-17,2025_Poseidon_Partners_AmexCharges.xlsx,Unassigned / Allocation Required,AMAZON MARKETPLACE NAMZN.COM/BILL WA,-60.88,Amazon,Office,Unassigned / Allocation Required,Refund/credit/points,Credit / refund / points — contra to original expense; confirm matching original charge.,40
2025-04-17,2025_Poseidon_Partners_AmexCharges.xlsx,Unassigned / Allocation Required,AMAZON MARKEPLACE NA PA,60.88,Amazon,Office,Unassigned / Allocation Required,Entity unassigned,Entity could not be determined from source — allocate before consolidation.,40
2025-02-11,2025_Poseidon_Partners_AmexCharges.xlsx,Unassigned / Allocation Required,DNH*GODADDY#35807373Tempe AZ,60.73,Go Daddy,Suspense & Review,Unassigned / Allocation Required,Unmapped category,Unmapped — assign to Suspense & Review pending classification.,40
2025-01-11,2025_Poseidon_Partners_AmexCharges.xlsx,Unassigned / Allocation Required,DNH*GODADDY#35180809Tempe AZ,60.73,Go Daddy,Suspense & Review,Unassigned / Allocation Required,Unmapped category,Unmapped — assign to Suspense & Review pending classification.,40
2026-02-11,JanFeb_2026_Poseidon_Partners_Amex_Charges.xlsx,Poseidon Partners,DNH*GODADDY#40149647Tempe AZ,60.73,Go Daddy,Suspense & Review,Poseidon Partners,Unmapped category,Unmapped — assign to Suspense & Review pending classification.,45
2026-01-11,JanFeb_2026_Poseidon_Partners_Amex_Charges.xlsx,Poseidon Partners,DNH*GODADDY#39902526Tempe AZ,60.73,Go Daddy,Suspense & Review,Poseidon Partners,Unmapped category,Unmapped — assign to Suspense & Review pending classification.,45
2025-02-01,2025_Poseidon_Partners_AmexCharges.xlsx,Unassigned / Allocation Required,AMAZON MARKETPLACE NAMZN.COM/BILL WA,-60.62,Amazon,Office,Unassigned / Allocation Required,Refund/credit/points,Credit / refund / points — contra to original expense; confirm matching original charge.,40
2025-02-01,2025_Poseidon_Partners_AmexCharges.xlsx,Unassigned / Allocation Required,AMAZON MARKEPLACE NA PA,60.62,Amazon,Office,Unassigned / Allocation Required,Entity unassigned,Entity could not be determined from source — allocate before consolidation.,40
2025-09-30,2025_Poseidon_Partners_AmexCharges.xlsx,Unassigned / Allocation Required,FRAUD CREDIT,-60.6,FRAUD CREDIT,Suspense & Review,Unassigned / Allocation Required,Refund/credit/points,Credit / refund / points — contra to original expense; confirm matching original charge.,40
2026-05-21,MarJune_2026_Poseidon_Partners_Amex_Charges.xlsx,Poseidon Partners,ROSS DRESS FOR LESS VENICE CA,60.5,Personal - ? ,Suspense & Review,Poseidon Partners,Personal item (category marked personal),Personal expense paid from business account — propose Due From Owner / Owner Distribution pending substantiation.,45
2025-08-14,2025_Poseidon_Partners_AmexCharges.xlsx,Unassigned / Allocation Required,TST* SPIRAL DINER FOFORT WORTH TX,60.46,Personal - Food,Suspense & Review,Unassigned / Allocation Required,Personal item (category marked personal),Personal expense paid from business account — propose Due From Owner / Owner Distribution pending substantiation.,40
2025-11-19,2025_Poseidon_Partners_AmexCharges.xlsx,Unassigned / Allocation Required,TST* BLUEYS KITCHEN LOS ANGELES CA,60.35,Personal - Food,Suspense & Review,Unassigned / Allocation Required,Personal item (category marked personal),Personal expense paid from business account — propose Due From Owner / Owner Distribution pending substantiation.,40
2025-06-13,2025_Poseidon_Partners_AmexCharges.xlsx,Unassigned / Allocation Required,AMAZON MARKETPLACE NAMZN.COM/BILL WA,-60.15,Amazon,Office,Unassigned / Allocation Required,Refund/credit/points,Credit / refund / points — contra to original expense; confirm matching original charge.,40
2025-06-13,2025_Poseidon_Partners_AmexCharges.xlsx,Unassigned / Allocation Required,AMAZON MARKEPLACE NA PA,60.15,Amazon,Office,Unassigned / Allocation Required,Entity unassigned,Entity could not be determined from source — allocate before consolidation.,40
2025-04-20,2025_Poseidon_Partners_AmexCharges.xlsx,Unassigned / Allocation Required,DNH*GODADDY#37189241Tempe AZ,60.13,Go Daddy,Suspense & Review,Unassigned / Allocation Required,Unmapped category,Unmapped — assign to Suspense & Review pending classification.,40
2025-11-18,2025_Poseidon_Partners_AmexCharges.xlsx,Unassigned / Allocation Required,SPONSORCLOUD (SYNPROSALT LAKE CITY UT,60.0,Sponsor Cloud,Data & Listing Platforms,Unassigned / Allocation Required,Entity unassigned,Entity could not be determined from source — allocate before consolidation.,40
2026-05-29,MarJune_2026_Poseidon_Partners_Amex_Charges.xlsx,Poseidon Partners,ROBERTS CHIROPRACTICWEATHERFORD TX,60.0,Personal - Health,Suspense & Review,Poseidon Partners,Personal item (category marked personal),Personal expense paid from business account — propose Due From Owner / Owner Distribution pending substantiation.,45
2025-02-16,2025_PlumCard_Dunnings.xlsx,DWG Capital Partners,UBER EATS,59.98,Personal - Food,Travel,DWG Capital Partners,Personal item (B/P flag = personal),Personal expense paid from business account — propose Due From Owner / Owner Distribution pending substantiation.,84
2025-04-01,2025_PlumCard_Dunnings.xlsx,DWG Capital Partners,FARMACIA,59.72,Judd/Angela Italy Trip,Suspense & Review,DWG Capital Partners,Personal item (B/P flag = personal),Personal expense paid from business account — propose Due From Owner / Owner Distribution pending substantiation.,45
2025-09-30,2025_Poseidon_Partners_AmexCharges.xlsx,Unassigned / Allocation Required,FRAUD CREDIT,-59.53,FRAUD CREDIT,Suspense & Review,Unassigned / Allocation Required,Refund/credit/points,Credit / refund / points — contra to original expense; confirm matching original charge.,40
2025-06-16,2025_Poseidon_Partners_AmexCharges.xlsx,Unassigned / Allocation Required,AMAZON.COM AMZN.COM/BILL WA,59.53,Amazon,Office,Unassigned / Allocation Required,Entity unassigned,Entity could not be determined from source — allocate before consolidation.,40
2025-04-21,2025_PlumCard_Dunnings.xlsx,DWG Capital Partners,UBER EATS,59.5,Personal - Food,Travel,DWG Capital Partners,Personal item (B/P flag = personal),Personal expense paid from business account — propose Due From Owner / Owner Distribution pending substantiation.,84
2025-09-07,2025_Poseidon_Partners_AmexCharges.xlsx,Unassigned / Allocation Required,READ - MEETING MANAGSEATTLE WA,59.5,DWG Operations,Suspense & Review,Unassigned / Allocation Required,Unmapped category,Unmapped — assign to Suspense & Review pending classification.,40
2025-08-07,2025_Poseidon_Partners_AmexCharges.xlsx,Unassigned / Allocation Required,READ - MEETING MANAGSEATTLE WA,59.5,DWG Operations,Suspense & Review,Unassigned / Allocation Required,Unmapped category,Unmapped — assign to Suspense & Review pending classification.,40
2025-07-07,2025_Poseidon_Partners_AmexCharges.xlsx,Unassigned / Allocation Required,READ - MEETING MANAGSEATTLE WA,59.5,DWG Operations,Suspense & Review,Unassigned / Allocation Required,Unmapped category,Unmapped — assign to Suspense & Review pending classification.,40
2025-06-07,2025_Poseidon_Partners_AmexCharges.xlsx,Unassigned / Allocation Required,READ - MEETING MANAGSEATTLE WA,59.5,DWG Operations,Suspense & Review,Unassigned / Allocation Required,Unmapped category,Unmapped — assign to Suspense & Review pending classification.,40
2025-05-07,2025_Poseidon_Partners_AmexCharges.xlsx,Unassigned / Allocation Required,READ - MEETING MANAGSEATTLE WA,59.5,DWG Operations,Suspense & Review,Unassigned / Allocation Required,Unmapped category,Unmapped — assign to Suspense & Review pending classification.,40
2025-04-07,2025_Poseidon_Partners_AmexCharges.xlsx,Unassigned / Allocation Required,READ - MEETING MANAGSEATTLE WA,59.5,TBD,Suspense & Review,Unassigned / Allocation Required,Unmapped category,Unmapped — assign to Suspense & Review pending classification.,40
2025-03-07,2025_Poseidon_Partners_AmexCharges.xlsx,Unassigned / Allocation Required,READ - MEETING MANAGSEATTLE WA,59.5,DWG Operations,Suspense & Review,Unassigned / Allocation Required,Unmapped category,Unmapped — assign to Suspense & Review pending classification.,40
2025-02-07,2025_Poseidon_Partners_AmexCharges.xlsx,Unassigned / Allocation Required,READ - MEETING MANAGSEATTLE WA,59.5,DWG Operations,Suspense & Review,Unassigned / Allocation Required,Unmapped category,Unmapped — assign to Suspense & Review pending classification.,40
2025-01-07,2025_Poseidon_Partners_AmexCharges.xlsx,Unassigned / Allocation Required,READ - MEETING MANAGSEATTLE WA,59.5,DWG Operations,Suspense & Review,Unassigned / Allocation Required,Unmapped category,Unmapped — assign to Suspense & Review pending classification.,40
2025-09-30,2025_Poseidon_Partners_AmexCharges.xlsx,Unassigned / Allocation Required,FRAUD CREDIT,-59.44,FRAUD CREDIT,Suspense & Review,Unassigned / Allocation Required,Refund/credit/points,Credit / refund / points — contra to original expense; confirm matching original charge.,40
2025-06-01,2025_Poseidon_Partners_AmexCharges.xlsx,Unassigned / Allocation Required,AMAZON MARKETPLACE NAMZN.COM/BILL WA,-59.17,Amazon,Office,Unassigned / Allocation Required,Refund/credit/points,Credit / refund / points — contra to original expense; confirm matching original charge.,40
2025-06-01,2025_Poseidon_Partners_AmexCharges.xlsx,Unassigned / Allocation Required,AMAZON MARKEPLACE NA PA,59.17,Amazon,Office,Unassigned / Allocation Required,Entity unassigned,Entity could not be determined from source — allocate before consolidation.,40
2025-06-13,2025_Poseidon_Partners_AmexCharges.xlsx,Unassigned / Allocation Required,PROPERTYBLAST.COM 800-418-4452 FL,59.0,DWG Marketing,Marketing,Unassigned / Allocation Required,Entity unassigned,Entity could not be determined from source — allocate before consolidation.,40
2026-05-31,MarJune_2026_Poseidon_Partners_Amex_Charges.xlsx,Poseidon Partners,MI FIESTA RESTAURANTMINERAL WELLS TX,58.7,Personal - Food,Meals & Entertainment,Poseidon Partners,Personal item (category marked personal),Personal expense paid from business account — propose Due From Owner / Owner Distribution pending substantiation.,82
2025-08-22,2025_Poseidon_Partners_AmexCharges.xlsx,Unassigned / Allocation Required,6129 MOLLER RETAIL 6CULVER CITY CA,58.68,Personal - Car,Auto,Unassigned / Allocation Required,Personal item (category marked personal),Personal expense paid from business account — propose Due From Owner / Owner Distribution pending substantiation.,40
2025-04-07,2025_PlumCard_Dunnings.xlsx,DWG Capital Partners,IL DIALOGO 18,58.58,Judd/Angela Italy Trip,Suspense & Review,DWG Capital Partners,Personal item (B/P flag = personal),Personal expense paid from business account — propose Due From Owner / Owner Distribution pending substantiation.,45
2025-01-14,2025_PlumCard_Dunnings.xlsx,DWG Capital Partners,UBER EATS,58.57,Personal - Food,Travel,DWG Capital Partners,Personal item (B/P flag = personal),Personal expense paid from business account — propose Due From Owner / Owner Distribution pending substantiation.,84
2025-09-30,2025_Poseidon_Partners_AmexCharges.xlsx,Unassigned / Allocation Required,FRAUD CREDIT,-58.44,FRAUD CREDIT,Suspense & Review,Unassigned / Allocation Required,Refund/credit/points,Credit / refund / points — contra to original expense; confirm matching original charge.,40
2026-03-05,MarJune_2026_Poseidon_Partners_Amex_Charges.xlsx,Poseidon Partners,TST* BLUEYS KITCHEN LOS ANGELES CA,58.38,Personal - Food,Suspense & Review,Poseidon Partners,Personal item (category marked personal),Personal expense paid from business account — propose Due From Owner / Owner Distribution pending substantiation.,45
2026-01-17,JanFeb_2026_Poseidon_Partners_Amex_Charges.xlsx,Poseidon Partners,TST* JADE RABBIT 001SANTA MONICA CA,58.21,Personal - Food,Suspense & Review,Poseidon Partners,Personal item (category marked personal),Personal expense paid from business account — propose Due From Owner / Owner Distribution pending substantiation.,45
2025-07-13,2025_PlumCard_Dunnings.xlsx,DWG Capital Partners,UBER EATS,58.08,Personal - Food,Travel,DWG Capital Partners,Personal item (B/P flag = personal),Personal expense paid from business account — propose Due From Owner / Owner Distribution pending substantiation.,84
2025-11-30,2025_Poseidon_Partners_AmexCharges.xlsx,Unassigned / Allocation Required,PICKLED BY SHRED LLCLos Angeles CA,58.0,Personal - Food,Professional Services,Unassigned / Allocation Required,Personal item (category marked personal),Personal expense paid from business account — propose Due From Owner / Owner Distribution pending substantiation.,40
2025-12-08,2025_Poseidon_Partners_AmexCharges.xlsx,Unassigned / Allocation Required,THE CANDLER HOTEL THATLANTA GA,57.79,Team Travel (Judd),Travel,Unassigned / Allocation Required,Entity unassigned,Entity could not be determined from source — allocate before consolidation.,40
2025-12-11,2025_Poseidon_Partners_AmexCharges.xlsx,Unassigned / Allocation Required,DNH*GODADDY#39673481Tempe AZ,57.73,Go Daddy,Suspense & Review,Unassigned / Allocation Required,Unmapped category,Unmapped — assign to Suspense & Review pending classification.,40
2025-11-11,2025_Poseidon_Partners_AmexCharges.xlsx,Unassigned / Allocation Required,DNH*GODADDY#39446192Tempe AZ,57.73,Go Daddy,Suspense & Review,Unassigned / Allocation Required,Unmapped category,Unmapped — assign to Suspense & Review pending classification.,40
2025-09-11,2025_Poseidon_Partners_AmexCharges.xlsx,Unassigned / Allocation Required,DNH*GODADDY#38876545Tempe AZ,57.73,Go Daddy,Suspense & Review,Unassigned / Allocation Required,Unmapped category,Unmapped — assign to Suspense & Review pending classification.,40
2025-08-11,2025_Poseidon_Partners_AmexCharges.xlsx,Unassigned / Allocation Required,DNH*GODADDY#38494948Tempe AZ,57.73,Go Daddy,Suspense & Review,Unassigned / Allocation Required,Unmapped category,Unmapped — assign to Suspense & Review pending classification.,40
2025-07-11,2025_Poseidon_Partners_AmexCharges.xlsx,Unassigned / Allocation Required,GODADDY.COM SCOTTSDALE AZ,57.73,Go Daddy,Suspense & Review,Unassigned / Allocation Required,Unmapped category,Unmapped — assign to Suspense & Review pending classification.,40
2025-06-11,2025_Poseidon_Partners_AmexCharges.xlsx,Unassigned / Allocation Required,DNH*GODADDY#37796865Tempe AZ,57.73,Go Daddy,Suspense & Review,Unassigned / Allocation Required,Unmapped category,Unmapped — assign to Suspense & Review pending classification.,40
2025-05-11,2025_Poseidon_Partners_AmexCharges.xlsx,Unassigned / Allocation Required,DNH*GODADDY#37433965Tempe AZ,57.73,Go Daddy,Suspense & Review,Unassigned / Allocation Required,Unmapped category,Unmapped — assign to Suspense & Review pending classification.,40
2025-04-11,2025_Poseidon_Partners_AmexCharges.xlsx,Unassigned / Allocation Required,GODADDY.COM SCOTTSDALE AZ,57.73,Go Daddy,Suspense & Review,Unassigned / Allocation Required,Unmapped category,Unmapped — assign to Suspense & Review pending classification.,40
2025-03-11,2025_Poseidon_Partners_AmexCharges.xlsx,Unassigned / Allocation Required,DNH*GODADDY#36395435Tempe AZ,57.73,Go Daddy,Suspense & Review,Unassigned / Allocation Required,Unmapped category,Unmapped — assign to Suspense & Review pending classification.,40
2025-10-29,2025_Poseidon_Partners_AmexCharges.xlsx,Unassigned / Allocation Required,EXXONMOBIL WEATHERFORD TX,57.62,Personal - Car,Auto,Unassigned / Allocation Required,Personal item (category marked personal),Personal expense paid from business account — propose Due From Owner / Owner Distribution pending substantiation.,40
2026-03-13,MarJune_2026_Poseidon_Partners_Amex_Charges.xlsx,Poseidon Partners,TST* JEKYLL ISLAND -ATLANTA GA,-57.5,Scam,Suspense & Review,Poseidon Partners,Refund/credit/points,Credit / refund / points — contra to original expense; confirm matching original charge.,45
2026-03-13,MarJune_2026_Poseidon_Partners_Amex_Charges.xlsx,Poseidon Partners,TST* JEKYLL ISLAND -ATLANTA GA,57.5,Scam,Suspense & Review,Poseidon Partners,Unmapped category,Unmapped — assign to Suspense & Review pending classification.,45
2025-04-07,2025_Poseidon_Partners_AmexCharges.xlsx,Unassigned / Allocation Required,AMAZON MARKETPLACE NAMZN.COM/BILL WA,-57.46,Amazon,Office,Unassigned / Allocation Required,Refund/credit/points,Credit / refund / points — contra to original expense; confirm matching original charge.,40
2025-04-07,2025_Poseidon_Partners_AmexCharges.xlsx,Unassigned / Allocation Required,AMAZON MARKEPLACE NA PA,57.46,Amazon,Office,Unassigned / Allocation Required,Entity unassigned,Entity could not be determined from source — allocate before consolidation.,40
2025-09-30,2025_Poseidon_Partners_AmexCharges.xlsx,Unassigned / Allocation Required,FRAUD CREDIT,-57.36,FRAUD CREDIT,Suspense & Review,Unassigned / Allocation Required,Refund/credit/points,Credit / refund / points — contra to original expense; confirm matching original charge.,40
2025-11-27,2025_Poseidon_Partners_AmexCharges.xlsx,Unassigned / Allocation Required,DNH*GODADDY#39568564Tempe AZ,57.35,Go Daddy,Suspense & Review,Unassigned / Allocation Required,Unmapped category,Unmapped — assign to Suspense & Review pending classification.,40
2025-06-27,2025_Poseidon_Partners_AmexCharges.xlsx,Unassigned / Allocation Required,RIDEYELLOW Los Angeles CA,57.23,Personal - Car,Auto,Unassigned / Allocation Required,Personal item (category marked personal),Personal expense paid from business account — propose Due From Owner / Owner Distribution pending substantiation.,40
2025-07-09,2025_Poseidon_Partners_AmexCharges.xlsx,Unassigned / Allocation Required,FAARHA INC #43159 88LOS ANGELES CA,56.33,San Francisco Investor Meeting,Investor Relations,Unassigned / Allocation Required,Entity unassigned,Entity could not be determined from source — allocate before consolidation.,40
2025-09-04,2025_Poseidon_Partners_AmexCharges.xlsx,Unassigned / Allocation Required,"Jaco Centro de ServiGarabito,Jaco",56.29,Costa Rica Trip,Suspense & Review,Unassigned / Allocation Required,Unmapped category,Unmapped — assign to Suspense & Review pending classification.,40
2025-07-04,2025_Poseidon_Partners_AmexCharges.xlsx,Unassigned / Allocation Required,TST* CAFE GRATITUDE VENICE CA,56.28,Personal - Food,Suspense & Review,Unassigned / Allocation Required,Personal item (category marked personal),Personal expense paid from business account — propose Due From Owner / Owner Distribution pending substantiation.,40
2026-05-12,MarJune_2026_Poseidon_Partners_Amex_Charges.xlsx,Poseidon Partners,AplPay GRUBHUB*LAVEGNEW YORK NY,56.17,Personal - Food,Suspense & Review,Poseidon Partners,Personal item (category marked personal),Personal expense paid from business account — propose Due From Owner / Owner Distribution pending substantiation.,45
2026-04-20,MarJune_2026_Poseidon_Partners_Amex_Charges.xlsx,Poseidon Partners,AplPay GRUBHUB*LAVEGNEW YORK NY,56.17,Personal - Food,Suspense & Review,Poseidon Partners,Personal item (category marked personal),Personal expense paid from business account — propose Due From Owner / Owner Distribution pending substantiation.,45
2025-07-11,2025_Poseidon_Partners_AmexCharges.xlsx,Unassigned / Allocation Required,AMAZON MARKETPLACE NAMZN.COM/BILL WA,-56.16,Amazon,Office,Unassigned / Allocation Required,Refund/credit/points,Credit / refund / points — contra to original expense; confirm matching original charge.,40
2025-07-11,2025_Poseidon_Partners_AmexCharges.xlsx,Unassigned / Allocation Required,AMAZON MARKEPLACE NA PA,56.16,Amazon,Office,Unassigned / Allocation Required,Entity unassigned,Entity could not be determined from source — allocate before consolidation.,40
2026-05-24,MarJune_2026_Poseidon_Partners_Amex_Charges.xlsx,Poseidon Partners,QT 1948 OUTSIDE/QUIKWEATHERFORD TX,56.15,Personal - Car,Auto,Poseidon Partners,Personal item (category marked personal),Personal expense paid from business account — propose Due From Owner / Owner Distribution pending substantiation.,76
2026-01-23,JanFeb_2026_Poseidon_Partners_Amex_Charges.xlsx,Poseidon Partners,CASABLANCA RESTAURANVENICE CA,56.08,Personal - Food,Suspense & Review,Poseidon Partners,Personal item (category marked personal),Personal expense paid from business account — propose Due From Owner / Owner Distribution pending substantiation.,45
2025-10-12,2025_Poseidon_Partners_AmexCharges.xlsx,Unassigned / Allocation Required,CIRCLE K # 44112/CIRGLENWOOD SPRINGS CO,55.83,Personal - Car,Auto,Unassigned / Allocation Required,Personal item (category marked personal),Personal expense paid from business account — propose Due From Owner / Owner Distribution pending substantiation.,40
2026-01-17,JanFeb_2026_Poseidon_Partners_Amex_Charges.xlsx,Poseidon Partners,UNITED PACIFIC 194 0LOS ANGELES CA,55.8,Personal - Car,Travel,Poseidon Partners,Personal item (category marked personal),Personal expense paid from business account — propose Due From Owner / Owner Distribution pending substantiation.,84
2026-05-31,MarJune_2026_Poseidon_Partners_Amex_Charges.xlsx,Poseidon Partners,MARKET AT 76067 MINERAL WELLS TX,55.66,Personal,Suspense & Review,Poseidon Partners,Personal item (category marked personal),Personal expense paid from business account — propose Due From Owner / Owner Distribution pending substantiation.,45
2025-02-28,2025_PlumCard_Dunnings.xlsx,DWG Capital Partners,UBER EATS,55.52,Personal - Food,Travel,DWG Capital Partners,Personal item (B/P flag = personal),Personal expense paid from business account — propose Due From Owner / Owner Distribution pending substantiation.,84
2025-04-09,2025_PlumCard_Dunnings.xlsx,DWG Capital Partners,LA BOTTEGA DEL CASTEMONTERIGGIONI,55.49,Judd/Angela Italy Trip,Suspense & Review,DWG Capital Partners,Personal item (B/P flag = personal),Personal expense paid from business account — propose Due From Owner / Owner Distribution pending substantiation.,45
2026-01-31,JanJune_2026_Plum_Card_Amex_Charges.xlsx,DWG Capital Partners,Weatherford Stop 302,55.29,Personal - Car,Auto,DWG Capital Partners,Personal item (B/P flag = personal),Personal expense paid from business account — propose Due From Owner / Owner Distribution pending substantiation.,76
2025-04-16,2025_PlumCard_Dunnings.xlsx,DWG Capital Partners,Q8 PV7418,55.28,Judd/Angela Italy Trip,Suspense & Review,DWG Capital Partners,Personal item (B/P flag = personal),Personal expense paid from business account — propose Due From Owner / Owner Distribution pending substantiation.,45
2025-02-05,2025_Poseidon_Partners_AmexCharges.xlsx,Unassigned / Allocation Required,FATBURGER 0000 LOS ANGELES CA,55.27,Personal - Food,Suspense & Review,Unassigned / Allocation Required,Personal item (category marked personal),Personal expense paid from business account — propose Due From Owner / Owner Distribution pending substantiation.,40
2025-03-17,2025_Poseidon_Partners_AmexCharges.xlsx,Unassigned / Allocation Required,TST* THE BUTCHERS DAVENICE CA,55.24,Personal - Food,Suspense & Review,Unassigned / Allocation Required,Personal item (category marked personal),Personal expense paid from business account — propose Due From Owner / Owner Distribution pending substantiation.,40
2025-02-20,2025_Poseidon_Partners_AmexCharges.xlsx,Unassigned / Allocation Required,AMAZON MARKETPLACE NAMZN.COM/BILL WA,-55.21,Amazon,Office,Unassigned / Allocation Required,Refund/credit/points,Credit / refund / points — contra to original expense; confirm matching original charge.,40
2025-02-20,2025_Poseidon_Partners_AmexCharges.xlsx,Unassigned / Allocation Required,AMAZON MARKEPLACE NA PA,55.21,Amazon,Office,Unassigned / Allocation Required,Entity unassigned,Entity could not be determined from source — allocate before consolidation.,40
2026-04-11,MarJune_2026_Poseidon_Partners_Amex_Charges.xlsx,Poseidon Partners,DULCE NOMBRE NORTE 3PARADAS ES,55.14,Judd & Angela - Portugal,Suspense & Review,Poseidon Partners,Unmapped category,Unmapped — assign to Suspense & Review pending classification.,45
2025-09-26,2025_Poseidon_Partners_AmexCharges.xlsx,Unassigned / Allocation Required,LOS ANGELES PHILHARMLOS ANGELES CA,55.0,Personal - Health,Suspense & Review,Unassigned / Allocation Required,Personal item (category marked personal),Personal expense paid from business account — propose Due From Owner / Owner Distribution pending substantiation.,40
2025-01-04,2025_Poseidon_Partners_AmexCharges.xlsx,Unassigned / Allocation Required,AMAZON MARKETPLACE NAMZN.COM/BILL WA,-54.95,Amazon,Office,Unassigned / Allocation Required,Refund/credit/points,Credit / refund / points — contra to original expense; confirm matching original charge.,40
2025-01-04,2025_Poseidon_Partners_AmexCharges.xlsx,Unassigned / Allocation Required,AMAZON MARKEPLACE NA PA,54.95,Amazon,Office,Unassigned / Allocation Required,Entity unassigned,Entity could not be determined from source — allocate before consolidation.,40
2026-03-28,MarJune_2026_Poseidon_Partners_Amex_Charges.xlsx,Poseidon Partners,INMOTION @LAX 879 87LOS ANGELES CA,-54.86,Judd & Angela - Portugal,Suspense & Review,Poseidon Partners,Refund/credit/points,Credit / refund / points — contra to original expense; confirm matching original charge.,45
2025-12-18,2025_PlumCard_Dunnings.xlsx,DWG Capital Partners,STARBUCKS 04686,54.67,Family Trip,Meals & Entertainment,DWG Capital Partners,Personal item (B/P flag = personal),Personal expense paid from business account — propose Due From Owner / Owner Distribution pending substantiation.,82
2026-01-05,JanFeb_2026_Poseidon_Partners_Amex_Charges.xlsx,Poseidon Partners,TST* THE BUTCHER'S DVENICE CA,54.46,Personal - Food,Suspense & Review,Poseidon Partners,Personal item (category marked personal),Personal expense paid from business account — propose Due From Owner / Owner Distribution pending substantiation.,45
2025-11-30,2025_Poseidon_Partners_AmexCharges.xlsx,Unassigned / Allocation Required,PY *FATBURGER 65 000MARINA DEL RE CA,54.37,Personal - Food,Suspense & Review,Unassigned / Allocation Required,Personal item (category marked personal),Personal expense paid from business account — propose Due From Owner / Owner Distribution pending substantiation.,40
2025-05-24,2025_PlumCard_Dunnings.xlsx,DWG Capital Partners,THE HOME DEPOT,-54.15,Jeff Farjado - Unconfirmed,Suspense & Review,DWG Capital Partners,Refund/credit/points,Credit / refund / points — contra to original expense; confirm matching original charge.,45
2025-12-12,2025_Poseidon_Partners_AmexCharges.xlsx,Unassigned / Allocation Required,GRANDPA'S CHEESE BARASHLAND OH,54.15,Personal - Food,Suspense & Review,Unassigned / Allocation Required,Personal item (category marked personal),Personal expense paid from business account — propose Due From Owner / Owner Distribution pending substantiation.,40
2025-01-30,2025_Poseidon_Partners_AmexCharges.xlsx,Unassigned / Allocation Required,AMAZON MARKETPLACE NAMZN.COM/BILL WA,-54.11,Amazon,Office,Unassigned / Allocation Required,Refund/credit/points,Credit / refund / points — contra to original expense; confirm matching original charge.,40
2025-01-30,2025_Poseidon_Partners_AmexCharges.xlsx,Unassigned / Allocation Required,AMAZON MARKEPLACE NA PA,54.11,Amazon,Office,Unassigned / Allocation Required,Entity unassigned,Entity could not be determined from source — allocate before consolidation.,40
2025-05-13,2025_Poseidon_Partners_AmexCharges.xlsx,Unassigned / Allocation Required,THE HOME DEPOT WEATHERFORD TX,54.08,Personal - House,Suspense & Review,Unassigned / Allocation Required,Personal item (category marked personal),Personal expense paid from business account — propose Due From Owner / Owner Distribution pending substantiation.,40
2025-10-16,2025_Poseidon_Partners_AmexCharges.xlsx,Unassigned / Allocation Required,FILM ALLEY- WEATHERF817-3413232 TX,53.79,Personal - Entertainment,Suspense & Review,Unassigned / Allocation Required,Personal item (category marked personal),Personal expense paid from business account — propose Due From Owner / Owner Distribution pending substantiation.,40
2025-05-19,2025_Poseidon_Partners_AmexCharges.xlsx,Unassigned / Allocation Required,TST* GRANADA THEATERDALLAS TX,53.64,Personal - Food,Suspense & Review,Unassigned / Allocation Required,Personal item (category marked personal),Personal expense paid from business account — propose Due From Owner / Owner Distribution pending substantiation.,40
2025-09-08,2025_Poseidon_Partners_AmexCharges.xlsx,Unassigned / Allocation Required,DNH*GODADDY#38840669Tempe AZ,53.35,Go Daddy,Suspense & Review,Unassigned / Allocation Required,Unmapped category,Unmapped — assign to Suspense & Review pending classification.,40
2025-10-21,2025_Poseidon_Partners_AmexCharges.xlsx,Unassigned / Allocation Required,ROSA'S CAFE WEATHERFORD TX,53.15,Personal - Food,Suspense & Review,Unassigned / Allocation Required,Personal item (category marked personal),Personal expense paid from business account — propose Due From Owner / Owner Distribution pending substantiation.,40
2026-05-10,MarJune_2026_Poseidon_Partners_Amex_Charges.xlsx,Poseidon Partners,FLOYD'S 99 MARVISTA LOS ANGELES CA,53.11,Personal - Health,Suspense & Review,Poseidon Partners,Personal item (category marked personal),Personal expense paid from business account — propose Due From Owner / Owner Distribution pending substantiation.,45
2025-12-31,2025_PlumCard_Dunnings.xlsx,DWG Capital Partners,ETERNAL ABUNDANCE,53.09,Family Trip,Travel,DWG Capital Partners,Personal item (B/P flag = personal),Personal expense paid from business account — propose Due From Owner / Owner Distribution pending substantiation.,60
2025-08-26,2025_Poseidon_Partners_AmexCharges.xlsx,Unassigned / Allocation Required,VITO RESTAURANT SANTA MONICA CA,53.03,Personal - Food,Meals & Entertainment,Unassigned / Allocation Required,Personal item (category marked personal),Personal expense paid from business account — propose Due From Owner / Owner Distribution pending substantiation.,40
2026-05-19,MarJune_2026_Poseidon_Partners_Amex_Charges.xlsx,Poseidon Partners,VITO RESTAURANT SANTA MONICA CA,53.03,Personal - Food,Meals & Entertainment,Poseidon Partners,Personal item (category marked personal),Personal expense paid from business account — propose Due From Owner / Owner Distribution pending substantiation.,82
2026-03-24,MarJune_2026_Poseidon_Partners_Amex_Charges.xlsx,Poseidon Partners,VITO RESTAURANT SANTA MONICA CA,53.03,Personal - Food,Meals & Entertainment,Poseidon Partners,Personal item (category marked personal),Personal expense paid from business account — propose Due From Owner / Owner Distribution pending substantiation.,82
2025-01-13,2025_Poseidon_Partners_AmexCharges.xlsx,Unassigned / Allocation Required,DNH*GODADDY#35227918Tempe AZ,52.94,Go Daddy,Suspense & Review,Unassigned / Allocation Required,Unmapped category,Unmapped — assign to Suspense & Review pending classification.,40
2025-09-23,2025_Poseidon_Partners_AmexCharges.xlsx,Unassigned / Allocation Required,UNION 76 10194728 LOS ANGELES CA,52.65,Personal - Car,Auto,Unassigned / Allocation Required,Personal item (category marked personal),Personal expense paid from business account — propose Due From Owner / Owner Distribution pending substantiation.,40
2025-03-08,2025_Poseidon_Partners_AmexCharges.xlsx,Unassigned / Allocation Required,EXPEDIA.COM TRAVEL SEATTLE WA,52.35,Team Travel (Angela),Travel,Unassigned / Allocation Required,Entity unassigned,Entity could not be determined from source — allocate before consolidation.,40
2025-12-03,2025_Poseidon_Partners_AmexCharges.xlsx,Unassigned / Allocation Required,SALESMESSAGE.COM DELRAY BEACH FL,52.14,Software & Subscriptions,Software & Technology,Unassigned / Allocation Required,Entity unassigned,Entity could not be determined from source — allocate before consolidation.,40
2025-11-03,2025_Poseidon_Partners_AmexCharges.xlsx,Unassigned / Allocation Required,SALESMESSAGE.COM DELRAY BEACH FL,52.14,Software & Subscriptions,Software & Technology,Unassigned / Allocation Required,Entity unassigned,Entity could not be determined from source — allocate before consolidation.,40
2025-10-03,2025_Poseidon_Partners_AmexCharges.xlsx,Unassigned / Allocation Required,SALESMESSAGE.COM DELRAY BEACH FL,52.14,Software & Subscriptions,Software & Technology,Unassigned / Allocation Required,Entity unassigned,Entity could not be determined from source — allocate before consolidation.,40
2025-09-03,2025_Poseidon_Partners_AmexCharges.xlsx,Unassigned / Allocation Required,SALESMESSAGE.COM DELRAY BEACH FL,52.14,Software & Subscriptions,Software & Technology,Unassigned / Allocation Required,Entity unassigned,Entity could not be determined from source — allocate before consolidation.,40
2025-08-03,2025_Poseidon_Partners_AmexCharges.xlsx,Unassigned / Allocation Required,SALESMESSAGE.COM DELRAY BEACH FL,52.14,Software & Subscriptions,Software & Technology,Unassigned / Allocation Required,Entity unassigned,Entity could not be determined from source — allocate before consolidation.,40
2025-07-03,2025_Poseidon_Partners_AmexCharges.xlsx,Unassigned / Allocation Required,SALESMESSAGE.COM DELRAY BEACH FL,52.14,Software & Subscriptions,Software & Technology,Unassigned / Allocation Required,Entity unassigned,Entity could not be determined from source — allocate before consolidation.,40
2025-06-03,2025_Poseidon_Partners_AmexCharges.xlsx,Unassigned / Allocation Required,SALESMESSAGE.COM DELRAY BEACH FL,52.14,Software & Subscriptions,Software & Technology,Unassigned / Allocation Required,Entity unassigned,Entity could not be determined from source — allocate before consolidation.,40
2025-05-03,2025_Poseidon_Partners_AmexCharges.xlsx,Unassigned / Allocation Required,SALESMESSAGE.COM DELRAY BEACH FL,52.14,Software & Subscriptions,Software & Technology,Unassigned / Allocation Required,Entity unassigned,Entity could not be determined from source — allocate before consolidation.,40
2025-04-03,2025_Poseidon_Partners_AmexCharges.xlsx,Unassigned / Allocation Required,SALESMESSAGE.COM DELRAY BEACH FL,52.14,Software & Subscriptions,Software & Technology,Unassigned / Allocation Required,Entity unassigned,Entity could not be determined from source — allocate before consolidation.,40
2025-03-03,2025_Poseidon_Partners_AmexCharges.xlsx,Unassigned / Allocation Required,SALESMESSAGE.COM DELRAY BEACH FL,52.14,Software & Subscriptions,Software & Technology,Unassigned / Allocation Required,Entity unassigned,Entity could not be determined from source — allocate before consolidation.,40
2025-02-03,2025_Poseidon_Partners_AmexCharges.xlsx,Unassigned / Allocation Required,SALESMESSAGE.COM DELRAY BEACH FL,52.14,Software & Subscriptions,Software & Technology,Unassigned / Allocation Required,Entity unassigned,Entity could not be determined from source — allocate before consolidation.,40
2025-01-03,2025_Poseidon_Partners_AmexCharges.xlsx,Unassigned / Allocation Required,SALESMESSAGE.COM DELRAY BEACH FL,52.14,Software & Subscriptions,Software & Technology,Unassigned / Allocation Required,Entity unassigned,Entity could not be determined from source — allocate before consolidation.,40
2025-02-04,2025_Poseidon_Partners_AmexCharges.xlsx,Unassigned / Allocation Required,TST* BLUEYS KITCHEN LOS ANGELES CA,52.11,Personal - Food,Suspense & Review,Unassigned / Allocation Required,Personal item (category marked personal),Personal expense paid from business account — propose Due From Owner / Owner Distribution pending substantiation.,40
2025-06-29,2025_Poseidon_Partners_AmexCharges.xlsx,Unassigned / Allocation Required,AMAZON MARKETPLACE NAMZN.COM/BILL WA,-51.92,Amazon,Office,Unassigned / Allocation Required,Refund/credit/points,Credit / refund / points — contra to original expense; confirm matching original charge.,40
2025-06-29,2025_Poseidon_Partners_AmexCharges.xlsx,Unassigned / Allocation Required,AMAZON MARKEPLACE NA PA,51.92,Amazon,Office,Unassigned / Allocation Required,Entity unassigned,Entity could not be determined from source — allocate before consolidation.,40
2025-08-25,2025_Poseidon_Partners_AmexCharges.xlsx,Unassigned / Allocation Required,THE MV GRAB AND GO LOS ANGELES CA,51.86,Personal - Food,Suspense & Review,Unassigned / Allocation Required,Personal item (category marked personal),Personal expense paid from business account — propose Due From Owner / Owner Distribution pending substantiation.,40
2025-01-21,2025_Poseidon_Partners_AmexCharges.xlsx,Unassigned / Allocation Required,AMAZON MARKETPLACE NAMZN.COM/BILL WA,-51.71,Amazon,Office,Unassigned / Allocation Required,Refund/credit/points,Credit / refund / points — contra to original expense; confirm matching original charge.,40
2025-01-21,2025_Poseidon_Partners_AmexCharges.xlsx,Unassigned / Allocation Required,AMAZON MARKEPLACE NA PA,51.71,Amazon,Office,Unassigned / Allocation Required,Entity unassigned,Entity could not be determined from source — allocate before consolidation.,40
2026-06-03,MarJune_2026_Poseidon_Partners_Amex_Charges.xlsx,Poseidon Partners,CHIPOTLE 2250 2250 WEATHERFORD TX,51.69,Personal - Food,Suspense & Review,Poseidon Partners,Personal item (category marked personal),Personal expense paid from business account — propose Due From Owner / Owner Distribution pending substantiation.,45
2025-11-01,2025_Poseidon_Partners_AmexCharges.xlsx,Unassigned / Allocation Required,BOULEVARD OF GREENS Fort Worth TX,51.64,Personal - Food,Suspense & Review,Unassigned / Allocation Required,Personal item (category marked personal),Personal expense paid from business account — propose Due From Owner / Owner Distribution pending substantiation.,40
2025-01-30,2025_Poseidon_Partners_AmexCharges.xlsx,Unassigned / Allocation Required,AMAZON MARKETPLACE NAMZN.COM/BILL WA,-51.54,Amazon,Office,Unassigned / Allocation Required,Refund/credit/points,Credit / refund / points — contra to original expense; confirm matching original charge.,40
2025-01-30,2025_Poseidon_Partners_AmexCharges.xlsx,Unassigned / Allocation Required,AMAZON MARKEPLACE NA PA,51.54,Amazon,Office,Unassigned / Allocation Required,Entity unassigned,Entity could not be determined from source — allocate before consolidation.,40
2025-04-26,2025_PlumCard_Dunnings.xlsx,DWG Capital Partners,UBER EATS,51.38,Personal - Food,Travel,DWG Capital Partners,Personal item (B/P flag = personal),Personal expense paid from business account — propose Due From Owner / Owner Distribution pending substantiation.,84
2026-06-05,MarJune_2026_Poseidon_Partners_Amex_Charges.xlsx,Poseidon Partners,TST* MERAKI NEW 0001FORT WORTH TX,51.3,Personal - Food,Suspense & Review,Poseidon Partners,Personal item (category marked personal),Personal expense paid from business account — propose Due From Owner / Owner Distribution pending substantiation.,45
2025-08-29,2025_Poseidon_Partners_AmexCharges.xlsx,Unassigned / Allocation Required,MOON JUICE Venice CA,51.24,Personal - Food,Suspense & Review,Unassigned / Allocation Required,Personal item (category marked personal),Personal expense paid from business account — propose Due From Owner / Owner Distribution pending substantiation.,40
2025-07-09,2025_Poseidon_Partners_AmexCharges.xlsx,Unassigned / Allocation Required,TST* CORAZON COCINA SANTA BARBARA CA,51.2,San Francisco Investor Meeting,Investor Relations,Unassigned / Allocation Required,Entity unassigned,Entity could not be determined from source — allocate before consolidation.,40
2025-10-07,2025_Poseidon_Partners_AmexCharges.xlsx,Unassigned / Allocation Required,VITO RESTAURANT SANTA MONICA CA,51.03,Personal - Food,Meals & Entertainment,Unassigned / Allocation Required,Personal item (category marked personal),Personal expense paid from business account — propose Due From Owner / Owner Distribution pending substantiation.,40
2026-01-16,JanFeb_2026_Poseidon_Partners_Amex_Charges.xlsx,Poseidon Partners,VITO RESTAURANT SANTA MONICA CA,51.03,Personal - Food,Meals & Entertainment,Poseidon Partners,Personal item (category marked personal),Personal expense paid from business account — propose Due From Owner / Owner Distribution pending substantiation.,82
2025-04-04,2025_Poseidon_Partners_AmexCharges.xlsx,Unassigned / Allocation Required,RISTORANTE LA CUCINAROMA,51.02,Italy Trip (Judd/Angela),Suspense & Review,Unassigned / Allocation Required,Unmapped category,Unmapped — assign to Suspense & Review pending classification.,40
2025-09-01,2025_Poseidon_Partners_AmexCharges.xlsx,Unassigned / Allocation Required,DELTA JACO PUNTARENAS PU,51.0,Costa Rica Trip,Travel,Unassigned / Allocation Required,Entity unassigned,Entity could not be determined from source — allocate before consolidation.,40
2025-04-13,2025_Poseidon_Partners_AmexCharges.xlsx,Unassigned / Allocation Required,DNH*GODADDY#37054811Tempe AZ,50.94,Go Daddy,Suspense & Review,Unassigned / Allocation Required,Unmapped category,Unmapped — assign to Suspense & Review pending classification.,40
2025-05-10,2025_PlumCard_Dunnings.xlsx,DWG Capital Partners,UBER EATS,50.68,Personal - Food,Travel,DWG Capital Partners,Personal item (B/P flag = personal),Personal expense paid from business account — propose Due From Owner / Owner Distribution pending substantiation.,84
2025-03-24,2025_Poseidon_Partners_AmexCharges.xlsx,Unassigned / Allocation Required,AMAZON MARKETPLACE NAMZN.COM/BILL WA,-50.07,Amazon,Office,Unassigned / Allocation Required,Refund/credit/points,Credit / refund / points — contra to original expense; confirm matching original charge.,40
2025-03-24,2025_Poseidon_Partners_AmexCharges.xlsx,Unassigned / Allocation Required,AMAZON MARKEPLACE NA PA,50.07,Amazon,Office,Unassigned / Allocation Required,Entity unassigned,Entity could not be determined from source — allocate before consolidation.,40
2025-10-17,2025_PlumCard_Dunnings.xlsx,DWG Capital Partners,COMMON LOTS,-50.0,"Bridge Loan (Cash Reimbursement) - $11,300 total loss",Loan Proceeds,DWG Capital Partners,Loan/debt activity — review regardless of amount,"Financing activity — record to loan account, not P&L. Principal/interest split unknown without amortization schedule.",70
2025-01-13,2025_PlumCard_Dunnings.xlsx,DWG Capital Partners,PAYPAL *CHANGE ORG,50.0,Donation,Suspense & Review,DWG Capital Partners,Unmapped category,Unmapped — assign to Suspense & Review pending classification.,45
2025-12-16,2025_Poseidon_Partners_AmexCharges.xlsx,Unassigned / Allocation Required,SOCIALPILOT LEWES DE,50.0,Software & Subscriptions,Software & Technology,Unassigned / Allocation Required,Entity unassigned,Entity could not be determined from source — allocate before consolidation.,40
2025-11-16,2025_Poseidon_Partners_AmexCharges.xlsx,Unassigned / Allocation Required,SOCIALPILOT LEWES DE,50.0,Software & Subscriptions,Software & Technology,Unassigned / Allocation Required,Entity unassigned,Entity could not be determined from source — allocate before consolidation.,40
2025-10-28,2025_Poseidon_Partners_AmexCharges.xlsx,Unassigned / Allocation Required,HOTEL DROVER AUTOGRAFORT WORTH TX,50.0,Fort Worth Investor Dinner,Investor Relations,Unassigned / Allocation Required,Entity unassigned,Entity could not be determined from source — allocate before consolidation.,40
2025-10-16,2025_Poseidon_Partners_AmexCharges.xlsx,Unassigned / Allocation Required,SOCIALPILOT LEWES DE,50.0,Software & Subscriptions,Software & Technology,Unassigned / Allocation Required,Entity unassigned,Entity could not be determined from source — allocate before consolidation.,40
2025-09-16,2025_Poseidon_Partners_AmexCharges.xlsx,Unassigned / Allocation Required,SOCIALPILOT LEWES DE,50.0,Software & Subscriptions,Software & Technology,Unassigned / Allocation Required,Entity unassigned,Entity could not be determined from source — allocate before consolidation.,40
2025-09-03,2025_Poseidon_Partners_AmexCharges.xlsx,Unassigned / Allocation Required,CRYSTAL DENTAL CARE PUNTARENAS PU,50.0,Costa Rica Trip,Auto,Unassigned / Allocation Required,Entity unassigned,Entity could not be determined from source — allocate before consolidation.,40
2025-08-16,2025_Poseidon_Partners_AmexCharges.xlsx,Unassigned / Allocation Required,SOCIALPILOT LEWES DE,50.0,Software & Subscriptions,Software & Technology,Unassigned / Allocation Required,Entity unassigned,Entity could not be determined from source — allocate before consolidation.,40
2025-07-16,2025_Poseidon_Partners_AmexCharges.xlsx,Unassigned / Allocation Required,SOCIALPILOT LEWES DE,50.0,Software & Subscriptions,Software & Technology,Unassigned / Allocation Required,Entity unassigned,Entity could not be determined from source — allocate before consolidation.,40
2025-07-08,2025_Poseidon_Partners_AmexCharges.xlsx,Unassigned / Allocation Required,SAFELITE AUTO GLASS COLUMBUS OH,50.0,Personal - Car,Auto,Unassigned / Allocation Required,Personal item (category marked personal),Personal expense paid from business account — propose Due From Owner / Owner Distribution pending substantiation.,40
2025-06-24,2025_Poseidon_Partners_AmexCharges.xlsx,Unassigned / Allocation Required,Points for Amex Trvl,-50.0,Points for Amex Trvl,Suspense & Review,Unassigned / Allocation Required,Refund/credit/points,Credit / refund / points — contra to original expense; confirm matching original charge.,40
2025-06-16,2025_Poseidon_Partners_AmexCharges.xlsx,Unassigned / Allocation Required,SOCIALPILOT LEWES DE,50.0,Software & Subscriptions,Software & Technology,Unassigned / Allocation Required,Entity unassigned,Entity could not be determined from source — allocate before consolidation.,40
2025-05-16,2025_Poseidon_Partners_AmexCharges.xlsx,Unassigned / Allocation Required,SOCIALPILOT LEWES DE,50.0,Software & Subscriptions,Software & Technology,Unassigned / Allocation Required,Entity unassigned,Entity could not be determined from source — allocate before consolidation.,40
2025-04-16,2025_Poseidon_Partners_AmexCharges.xlsx,Unassigned / Allocation Required,SOCIALPILOT LEWES DE,50.0,Software & Subscriptions,Software & Technology,Unassigned / Allocation Required,Entity unassigned,Entity could not be determined from source — allocate before consolidation.,40
2025-03-16,2025_Poseidon_Partners_AmexCharges.xlsx,Unassigned / Allocation Required,SOCIALPILOT LEWES DE,50.0,Software & Subscriptions,Software & Technology,Unassigned / Allocation Required,Entity unassigned,Entity could not be determined from source — allocate before consolidation.,40
2025-02-16,2025_Poseidon_Partners_AmexCharges.xlsx,Unassigned / Allocation Required,SOCIALPILOT LEWES DE,50.0,Software & Subscriptions,Software & Technology,Unassigned / Allocation Required,Entity unassigned,Entity could not be determined from source — allocate before consolidation.,40
2025-01-16,2025_Poseidon_Partners_AmexCharges.xlsx,Unassigned / Allocation Required,SOCIALPILOT LEWES DE,50.0,Software & Subscriptions,Software & Technology,Unassigned / Allocation Required,Entity unassigned,Entity could not be determined from source — allocate before consolidation.,40
2026-01-24,JanFeb_2026_Poseidon_Partners_Amex_Charges.xlsx,Poseidon Partners,GRANDVIEW CLEANERS 5LOS ANGELES CA,50.0,Personal - Family,General & Administrative,Poseidon Partners,Personal item (category marked personal),Personal expense paid from business account — propose Due From Owner / Owner Distribution pending substantiation.,55
2026-01-05,JanJune_2026_Plum_Card_Amex_Charges.xlsx,DWG Capital Partners,Ticketmaster (PayPal),50.0,Personal - Entertainment,Suspense & Review,DWG Capital Partners,Personal item (B/P flag = personal),Personal expense paid from business account — propose Due From Owner / Owner Distribution pending substantiation.,45
2026-05-23,MarJune_2026_Poseidon_Partners_Amex_Charges.xlsx,Poseidon Partners,American Airlines FORT WORTH TX,50.0,Personal - Travel,Travel,Poseidon Partners,Personal item (category marked personal),Personal expense paid from business account — propose Due From Owner / Owner Distribution pending substantiation.,84
2026-03-19,MarJune_2026_Poseidon_Partners_Amex_Charges.xlsx,Poseidon Partners,TICKETMASTER PHNS LA1,50.0,Personal - Entertainment,Suspense & Review,Poseidon Partners,Personal item (category marked personal),Personal expense paid from business account — propose Due From Owner / Owner Distribution pending substantiation.,45
2025-03-24,2025_Poseidon_Partners_AmexCharges.xlsx,Unassigned / Allocation Required,RESTAURANTE LOS ALMEPUNTARENAS PU,49.95,Costa Rica Trip,Meals & Entertainment,Unassigned / Allocation Required,Entity unassigned,Entity could not be determined from source — allocate before consolidation.,40
2025-06-09,2025_Poseidon_Partners_AmexCharges.xlsx,Unassigned / Allocation Required,TST* THE BUTCHER'S DVENICE CA,49.86,Personal - Food,Suspense & Review,Unassigned / Allocation Required,Personal item (category marked personal),Personal expense paid from business account — propose Due From Owner / Owner Distribution pending substantiation.,40
2026-03-28,MarJune_2026_Poseidon_Partners_Amex_Charges.xlsx,Poseidon Partners,WILSHIRE & FAIRFAX SLOS ANGELES CA,49.78,Personal - Entertainment,Suspense & Review,Poseidon Partners,Personal item (category marked personal),Personal expense paid from business account — propose Due From Owner / Owner Distribution pending substantiation.,45
2025-08-10,2025_Poseidon_Partners_AmexCharges.xlsx,Unassigned / Allocation Required,LAX AIRP THE MARKET LOS ANGELES CA,49.75,Miami Investor Trip,Suspense & Review,Unassigned / Allocation Required,Unmapped category,Unmapped — assign to Suspense & Review pending classification.,40
2025-09-30,2025_Poseidon_Partners_AmexCharges.xlsx,Unassigned / Allocation Required,FRAUD CREDIT,-49.67,FRAUD CREDIT,Suspense & Review,Unassigned / Allocation Required,Refund/credit/points,Credit / refund / points — contra to original expense; confirm matching original charge.,40
2025-05-27,2025_Poseidon_Partners_AmexCharges.xlsx,Unassigned / Allocation Required,AMAZON MARKETPLACE NAMZN.COM/BILL WA,-49.67,Amazon,Office,Unassigned / Allocation Required,Refund/credit/points,Credit / refund / points — contra to original expense; confirm matching original charge.,40
2025-05-27,2025_Poseidon_Partners_AmexCharges.xlsx,Unassigned / Allocation Required,AMAZON MARKEPLACE NA PA,49.67,Amazon,Office,Unassigned / Allocation Required,Entity unassigned,Entity could not be determined from source — allocate before consolidation.,40
2025-02-27,2025_Poseidon_Partners_AmexCharges.xlsx,Unassigned / Allocation Required,AMAZON MARKETPLACE NAMZN.COM/BILL WA,-49.67,Amazon,Office,Unassigned / Allocation Required,Refund/credit/points,Credit / refund / points — contra to original expense; confirm matching original charge.,40
2025-02-27,2025_Poseidon_Partners_AmexCharges.xlsx,Unassigned / Allocation Required,AMAZON MARKEPLACE NA PA,49.67,Amazon,Office,Unassigned / Allocation Required,Entity unassigned,Entity could not be determined from source — allocate before consolidation.,40
2025-08-17,2025_Poseidon_Partners_AmexCharges.xlsx,Unassigned / Allocation Required,BOULEVARD OF GREENS Fort Worth TX,49.63,Personal - Food,Suspense & Review,Unassigned / Allocation Required,Personal item (category marked personal),Personal expense paid from business account — propose Due From Owner / Owner Distribution pending substantiation.,40
2026-04-25,MarJune_2026_Poseidon_Partners_Amex_Charges.xlsx,Poseidon Partners,SP AVIATOR NATION VENICE CA,49.39,Personal - Clothing,Suspense & Review,Poseidon Partners,Personal item (category marked personal),Personal expense paid from business account — propose Due From Owner / Owner Distribution pending substantiation.,45
2026-01-10,JanFeb_2026_Poseidon_Partners_Amex_Charges.xlsx,Poseidon Partners,TST* THE FIELD LA 00LOS ANGELES CA,49.33,Personal - Food,Suspense & Review,Poseidon Partners,Personal item (category marked personal),Personal expense paid from business account — propose Due From Owner / Owner Distribution pending substantiation.,45
2026-03-03,JanJune_2026_Plum_Card_Amex_Charges.xlsx,DWG Capital Partners,Early Pay Discount,-49.29,Early Pay Discount,Suspense & Review,DWG Capital Partners,Refund/credit/points,Credit / refund / points — contra to original expense; confirm matching original charge.,45
2025-03-31,2025_PlumCard_Dunnings.xlsx,DWG Capital Partners,LS & PARTNERS @ LAX LOS ANGELES,49.25,Judd/Angela Italy Trip,Suspense & Review,DWG Capital Partners,Personal item (B/P flag = personal),Personal expense paid from business account — propose Due From Owner / Owner Distribution pending substantiation.,45
2025-04-17,2025_Poseidon_Partners_AmexCharges.xlsx,Unassigned / Allocation Required,DNH*GODADDY#37132108Tempe AZ,49.14,Go Daddy,Suspense & Review,Unassigned / Allocation Required,Unmapped category,Unmapped — assign to Suspense & Review pending classification.,40
2025-02-08,2025_Poseidon_Partners_AmexCharges.xlsx,Unassigned / Allocation Required,AZCENTRAL AIRPORT NEPHOENIX AZ,49.12,Team Travel (Judd),Travel,Unassigned / Allocation Required,Entity unassigned,Entity could not be determined from source — allocate before consolidation.,40
2025-07-08,2025_Poseidon_Partners_AmexCharges.xlsx,Unassigned / Allocation Required,XL TECHNOLOGIES LLC SARASOTA FL,49.0,AI Subscriptions,Software & Technology,Unassigned / Allocation Required,Entity unassigned,Entity could not be determined from source — allocate before consolidation.,40
2025-06-08,2025_Poseidon_Partners_AmexCharges.xlsx,Unassigned / Allocation Required,XL TECHNOLOGIES LLC SARASOTA FL,49.0,AI Subscriptions,Software & Technology,Unassigned / Allocation Required,Entity unassigned,Entity could not be determined from source — allocate before consolidation.,40
2025-05-08,2025_Poseidon_Partners_AmexCharges.xlsx,Unassigned / Allocation Required,XL TECHNOLOGIES LLC SARASOTA FL,49.0,AI Subscriptions,Software & Technology,Unassigned / Allocation Required,Entity unassigned,Entity could not be determined from source — allocate before consolidation.,40
2025-03-13,2025_Poseidon_Partners_AmexCharges.xlsx,Unassigned / Allocation Required,OFFICEMAX/DEPOT 6684WEATHERFORD TX,49.0,Software & Subscriptions,Software & Technology,Unassigned / Allocation Required,Entity unassigned,Entity could not be determined from source — allocate before consolidation.,40
2025-05-26,2025_Poseidon_Partners_AmexCharges.xlsx,Unassigned / Allocation Required,EXXONMOBIL 4758 WEATHERFORD TX,48.99,Personal - Car,Auto,Unassigned / Allocation Required,Personal item (category marked personal),Personal expense paid from business account — propose Due From Owner / Owner Distribution pending substantiation.,40
2025-04-03,2025_PlumCard_Dunnings.xlsx,DWG Capital Partners,VIATOR,-48.95,Judd/Angela Italy Trip,Suspense & Review,DWG Capital Partners,Personal item (B/P flag = personal),Personal expense paid from business account — propose Due From Owner / Owner Distribution pending substantiation.,45
2025-03-27,2025_PlumCard_Dunnings.xlsx,DWG Capital Partners,VIATOR,48.95,Judd/Angela Italy Trip,Suspense & Review,DWG Capital Partners,Personal item (B/P flag = personal),Personal expense paid from business account — propose Due From Owner / Owner Distribution pending substantiation.,45
2025-05-29,2025_Poseidon_Partners_AmexCharges.xlsx,Unassigned / Allocation Required,HILLSIDE SPOT 650000PHOENIX AZ,48.82,Arizona Site Visit,Suspense & Review,Unassigned / Allocation Required,Unmapped category,Unmapped — assign to Suspense & Review pending classification.,40
2026-03-08,MarJune_2026_Poseidon_Partners_Amex_Charges.xlsx,Poseidon Partners,GELSON'S MARKET #29 SANTA MONICA CA,48.71,Personal - House,Suspense & Review,Poseidon Partners,Personal item (category marked personal),Personal expense paid from business account — propose Due From Owner / Owner Distribution pending substantiation.,45
2026-05-18,MarJune_2026_Poseidon_Partners_Amex_Charges.xlsx,Poseidon Partners,WHOLEFDS PIC #10653 SANTA MONICA CA,48.7,Personal - House,Suspense & Review,Poseidon Partners,Personal item (category marked personal),Personal expense paid from business account — propose Due From Owner / Owner Distribution pending substantiation.,45
2025-02-02,2025_Poseidon_Partners_AmexCharges.xlsx,Unassigned / Allocation Required,AMAZON MARKETPLACE NAMZN.COM/BILL WA,-48.59,Amazon,Office,Unassigned / Allocation Required,Refund/credit/points,Credit / refund / points — contra to original expense; confirm matching original charge.,40
2025-02-02,2025_Poseidon_Partners_AmexCharges.xlsx,Unassigned / Allocation Required,AMAZON MARKEPLACE NA PA,48.59,Amazon,Office,Unassigned / Allocation Required,Entity unassigned,Entity could not be determined from source — allocate before consolidation.,40
2025-09-30,2025_Poseidon_Partners_AmexCharges.xlsx,Unassigned / Allocation Required,FRAUD CREDIT,-48.58,FRAUD CREDIT,Suspense & Review,Unassigned / Allocation Required,Refund/credit/points,Credit / refund / points — contra to original expense; confirm matching original charge.,40
2026-03-23,MarJune_2026_Poseidon_Partners_Amex_Charges.xlsx,Poseidon Partners,TST* AMERICAN BEAUTYVENICE CA,48.4,Personal - Food,Suspense & Review,Poseidon Partners,Personal item (category marked personal),Personal expense paid from business account — propose Due From Owner / Owner Distribution pending substantiation.,45
2026-01-18,JanFeb_2026_Poseidon_Partners_Amex_Charges.xlsx,Poseidon Partners,DNH*GODADDY#39954983Tempe AZ,47.98,Go Daddy,Suspense & Review,Poseidon Partners,Unmapped category,Unmapped — assign to Suspense & Review pending classification.,45
2025-04-11,2025_PlumCard_Dunnings.xlsx,DWG Capital Partners,UBER EATS,47.96,Personal - Food,Travel,DWG Capital Partners,Personal item (B/P flag = personal),Personal expense paid from business account — propose Due From Owner / Owner Distribution pending substantiation.,84
2026-05-22,MarJune_2026_Poseidon_Partners_Amex_Charges.xlsx,Poseidon Partners,MVGG RESTAURANT Los Angeles CA,47.96,Personal -  Food,Meals & Entertainment,Poseidon Partners,Personal item (category marked personal),Personal expense paid from business account — propose Due From Owner / Owner Distribution pending substantiation.,82
2025-05-28,2025_Poseidon_Partners_AmexCharges.xlsx,Unassigned / Allocation Required,DNH*GODADDY#37634142Tempe AZ,47.88,Go Daddy,Suspense & Review,Unassigned / Allocation Required,Unmapped category,Unmapped — assign to Suspense & Review pending classification.,40
2025-12-21,2025_PlumCard_Dunnings.xlsx,DWG Capital Partners,PHARMASAVE HEALTH CETOFINO,47.6,Family Trip,Travel,DWG Capital Partners,Personal item (B/P flag = personal),Personal expense paid from business account — propose Due From Owner / Owner Distribution pending substantiation.,60
2025-02-07,2025_Poseidon_Partners_AmexCharges.xlsx,Unassigned / Allocation Required,AMAZON MARKETPLACE NAMZN.COM/BILL WA,-47.6,Amazon,Office,Unassigned / Allocation Required,Refund/credit/points,Credit / refund / points — contra to original expense; confirm matching original charge.,40
2025-02-07,2025_Poseidon_Partners_AmexCharges.xlsx,Unassigned / Allocation Required,AMAZON MARKEPLACE NA PA,47.6,Amazon,Office,Unassigned / Allocation Required,Entity unassigned,Entity could not be determined from source — allocate before consolidation.,40
2025-07-29,2025_Poseidon_Partners_AmexCharges.xlsx,Unassigned / Allocation Required,ARCO #42311 AMPM ARCCLAREMONT CA,47.59,Personal - Car,Auto,Unassigned / Allocation Required,Personal item (category marked personal),Personal expense paid from business account — propose Due From Owner / Owner Distribution pending substantiation.,40
2025-09-06,2025_Poseidon_Partners_AmexCharges.xlsx,Unassigned / Allocation Required,ALASKA AIRLINES SEATTLE WA,47.5,Costa Rica Trip,Travel,Unassigned / Allocation Required,Entity unassigned,Entity could not be determined from source — allocate before consolidation.,40
2025-12-08,2025_Poseidon_Partners_AmexCharges.xlsx,Unassigned / Allocation Required,WALGREENS MONTGOMERY AL,47.45,Team Travel (Judd),Travel,Unassigned / Allocation Required,Entity unassigned,Entity could not be determined from source — allocate before consolidation.,40
2025-09-30,2025_Poseidon_Partners_AmexCharges.xlsx,Unassigned / Allocation Required,FRAUD CREDIT,-47.13,FRAUD CREDIT,Suspense & Review,Unassigned / Allocation Required,Refund/credit/points,Credit / refund / points — contra to original expense; confirm matching original charge.,40
2026-02-27,JanFeb_2026_Poseidon_Partners_Amex_Charges.xlsx,Poseidon Partners,ALANA'S COFFEE ROASTLos Angeles CA,47.1,Personal - Food,Meals & Entertainment,Poseidon Partners,Personal item (category marked personal),Personal expense paid from business account — propose Due From Owner / Owner Distribution pending substantiation.,82
2025-07-21,2025_Poseidon_Partners_AmexCharges.xlsx,Unassigned / Allocation Required,CVS PHARMACY LOS ANGELES CA,47.02,Personal - Health,Suspense & Review,Unassigned / Allocation Required,Personal item (category marked personal),Personal expense paid from business account — propose Due From Owner / Owner Distribution pending substantiation.,40
2025-09-30,2025_Poseidon_Partners_AmexCharges.xlsx,Unassigned / Allocation Required,FRAUD CREDIT,-46.91,FRAUD CREDIT,Suspense & Review,Unassigned / Allocation Required,Refund/credit/points,Credit / refund / points — contra to original expense; confirm matching original charge.,40
2026-02-07,JanFeb_2026_Poseidon_Partners_Amex_Charges.xlsx,Poseidon Partners,CVS PHARMACY LOS ANGELES CA,46.8,Personal - Health,Suspense & Review,Poseidon Partners,Personal item (category marked personal),Personal expense paid from business account — propose Due From Owner / Owner Distribution pending substantiation.,45
2026-01-06,JanFeb_2026_Poseidon_Partners_Amex_Charges.xlsx,Poseidon Partners,CIRCLE K # 09557/CIRMESA AZ,46.77,Personal - Car,Auto,Poseidon Partners,Personal item (category marked personal),Personal expense paid from business account — propose Due From Owner / Owner Distribution pending substantiation.,76
2025-05-29,2025_Poseidon_Partners_AmexCharges.xlsx,Unassigned / Allocation Required,GREEN TEMPE TEMPE AZ,46.71,Arizona Site Visit,Suspense & Review,Unassigned / Allocation Required,Unmapped category,Unmapped — assign to Suspense & Review pending classification.,40
2025-09-30,2025_Poseidon_Partners_AmexCharges.xlsx,Unassigned / Allocation Required,FRAUD CREDIT,-46.52,FRAUD CREDIT,Suspense & Review,Unassigned / Allocation Required,Refund/credit/points,Credit / refund / points — contra to original expense; confirm matching original charge.,40
2025-09-30,2025_Poseidon_Partners_AmexCharges.xlsx,Unassigned / Allocation Required,FRAUD CREDIT,-46.43,FRAUD CREDIT,Suspense & Review,Unassigned / Allocation Required,Refund/credit/points,Credit / refund / points — contra to original expense; confirm matching original charge.,40
2025-06-16,2025_Poseidon_Partners_AmexCharges.xlsx,Unassigned / Allocation Required,AMAZON MARKETPLACE NAMZN.COM/BILL WA,-46.32,Amazon,Office,Unassigned / Allocation Required,Refund/credit/points,Credit / refund / points — contra to original expense; confirm matching original charge.,40
2025-06-16,2025_Poseidon_Partners_AmexCharges.xlsx,Unassigned / Allocation Required,AMAZON MARKEPLACE NA PA,46.32,Amazon,Office,Unassigned / Allocation Required,Entity unassigned,Entity could not be determined from source — allocate before consolidation.,40
2025-03-10,2025_Poseidon_Partners_AmexCharges.xlsx,Unassigned / Allocation Required,ORGANIC TREE JUICE BDANA POINT CA,46.04,Personal - Food,Suspense & Review,Unassigned / Allocation Required,Personal item (category marked personal),Personal expense paid from business account — propose Due From Owner / Owner Distribution pending substantiation.,40
2025-09-30,2025_Poseidon_Partners_AmexCharges.xlsx,Unassigned / Allocation Required,FRAUD CREDIT,-46.0,FRAUD CREDIT,Suspense & Review,Unassigned / Allocation Required,Refund/credit/points,Credit / refund / points — contra to original expense; confirm matching original charge.,40
2026-02-13,JanFeb_2026_Poseidon_Partners_Amex_Charges.xlsx,Poseidon Partners,DNH*GODADDY#40168406Tempe AZ,45.96,Go Daddy,Suspense & Review,Poseidon Partners,Unmapped category,Unmapped — assign to Suspense & Review pending classification.,45
2026-01-13,JanFeb_2026_Poseidon_Partners_Amex_Charges.xlsx,Poseidon Partners,DNH*GODADDY#39917847Tempe AZ,45.96,Go Daddy,Suspense & Review,Poseidon Partners,Unmapped category,Unmapped — assign to Suspense & Review pending classification.,45
2025-09-30,2025_Poseidon_Partners_AmexCharges.xlsx,Unassigned / Allocation Required,FRAUD CREDIT,-45.81,FRAUD CREDIT,Suspense & Review,Unassigned / Allocation Required,Refund/credit/points,Credit / refund / points — contra to original expense; confirm matching original charge.,40
2025-05-29,2025_Poseidon_Partners_AmexCharges.xlsx,Unassigned / Allocation Required,QT 1402 OUTSIDE/QUIKPHOENIX AZ,45.75,Arizona Site Visit,Suspense & Review,Unassigned / Allocation Required,Unmapped category,Unmapped — assign to Suspense & Review pending classification.,40
2025-06-19,2025_Poseidon_Partners_AmexCharges.xlsx,Unassigned / Allocation Required,AMAZON MARKETPLACE NAMZN.COM/BILL WA,-45.71,Amazon,Office,Unassigned / Allocation Required,Refund/credit/points,Credit / refund / points — contra to original expense; confirm matching original charge.,40
2025-06-19,2025_Poseidon_Partners_AmexCharges.xlsx,Unassigned / Allocation Required,AMAZON MARKEPLACE NA PA,45.71,Amazon,Office,Unassigned / Allocation Required,Entity unassigned,Entity could not be determined from source — allocate before consolidation.,40
2025-07-18,2025_Poseidon_Partners_AmexCharges.xlsx,Unassigned / Allocation Required,TST* BLUEYS KITCHEN LOS ANGELES CA,45.48,Personal - Food,Suspense & Review,Unassigned / Allocation Required,Personal item (category marked personal),Personal expense paid from business account — propose Due From Owner / Owner Distribution pending substantiation.,40
2025-02-07,2025_Poseidon_Partners_AmexCharges.xlsx,Unassigned / Allocation Required,AMAZON MARKETPLACE NAMZN.COM/BILL WA,-45.44,Amazon,Office,Unassigned / Allocation Required,Refund/credit/points,Credit / refund / points — contra to original expense; confirm matching original charge.,40
2025-02-07,2025_Poseidon_Partners_AmexCharges.xlsx,Unassigned / Allocation Required,AMAZON MARKEPLACE NA PA,45.44,Amazon,Office,Unassigned / Allocation Required,Entity unassigned,Entity could not be determined from source — allocate before consolidation.,40
2025-09-30,2025_Poseidon_Partners_AmexCharges.xlsx,Unassigned / Allocation Required,FRAUD CREDIT,-45.41,FRAUD CREDIT,Suspense & Review,Unassigned / Allocation Required,Refund/credit/points,Credit / refund / points — contra to original expense; confirm matching original charge.,40
2026-06-17,June_2026_DWG_Capital_Partners.xlsx,DWG Capital Partners,AIR HOST VARONA 5455877-8144102 VA,45.15,TBD Review,General & Administrative,DWG Capital Partners,Low confidence,Book to General & Administrative.,55
2025-08-21,2025_Poseidon_Partners_AmexCharges.xlsx,Unassigned / Allocation Required,American Airlines FORT WORTH TX,45.0,Miami Investor Trip,Travel,Unassigned / Allocation Required,Entity unassigned,Entity could not be determined from source — allocate before consolidation.,40
2025-02-21,2025_Poseidon_Partners_AmexCharges.xlsx,Unassigned / Allocation Required,AMERICAN AIRLINES 800-433-7300 TX,45.0,Team Travel (Angela),Travel,Unassigned / Allocation Required,Entity unassigned,Entity could not be determined from source — allocate before consolidation.,40
2025-02-16,2025_Poseidon_Partners_AmexCharges.xlsx,Unassigned / Allocation Required,AMERICAN AIRLINES 800-433-7300 TX,45.0,Team Travel (Angela),Travel,Unassigned / Allocation Required,Entity unassigned,Entity could not be determined from source — allocate before consolidation.,40
2025-01-31,2025_Poseidon_Partners_AmexCharges.xlsx,Unassigned / Allocation Required,AMERICAN AIRLINES 800-433-7300 TX,45.0,Team Travel (Angela),Travel,Unassigned / Allocation Required,Entity unassigned; Same-file repeat — verify not double-entered (SFR-0062),Entity could not be determined from source — allocate before consolidation.,40
2025-01-31,2025_Poseidon_Partners_AmexCharges.xlsx,Unassigned / Allocation Required,AMERICAN AIRLINES 800-433-7300 TX,45.0,Team Travel (Angela),Travel,Unassigned / Allocation Required,Entity unassigned; Same-file repeat — verify not double-entered (SFR-0062),Entity could not be determined from source — allocate before consolidation.,40
2025-09-30,2025_Poseidon_Partners_AmexCharges.xlsx,Unassigned / Allocation Required,CBI*CCLEANER PIRIFOR800-799-9570 IL,44.95,Personal - Clothing,Suspense & Review,Unassigned / Allocation Required,Personal item (category marked personal),Personal expense paid from business account — propose Due From Owner / Owner Distribution pending substantiation.,40
2025-09-30,2025_Poseidon_Partners_AmexCharges.xlsx,Unassigned / Allocation Required,FRAUD CREDIT,-44.9,FRAUD CREDIT,Suspense & Review,Unassigned / Allocation Required,Refund/credit/points,Credit / refund / points — contra to original expense; confirm matching original charge.,40
2025-05-18,2025_PlumCard_Dunnings.xlsx,DWG Capital Partners,UBER EATS,44.86,Personal - Food,Travel,DWG Capital Partners,Personal item (B/P flag = personal),Personal expense paid from business account — propose Due From Owner / Owner Distribution pending substantiation.,84
2025-09-30,2025_Poseidon_Partners_AmexCharges.xlsx,Unassigned / Allocation Required,FRAUD CREDIT,-44.65,FRAUD CREDIT,Suspense & Review,Unassigned / Allocation Required,Refund/credit/points,Credit / refund / points — contra to original expense; confirm matching original charge.,40
2025-10-16,2025_Poseidon_Partners_AmexCharges.xlsx,Unassigned / Allocation Required,DNH*GODADDY#39245434Tempe AZ,44.37,Go Daddy,Suspense & Review,Unassigned / Allocation Required,Unmapped category,Unmapped — assign to Suspense & Review pending classification.,40
2025-09-30,2025_Poseidon_Partners_AmexCharges.xlsx,Unassigned / Allocation Required,FRAUD CREDIT,-44.36,FRAUD CREDIT,Suspense & Review,Unassigned / Allocation Required,Refund/credit/points,Credit / refund / points — contra to original expense; confirm matching original charge.,40
2025-04-30,2025_Poseidon_Partners_AmexCharges.xlsx,Unassigned / Allocation Required,CHEVRON 0388242/CHEVTEMPE AZ,44.35,Personal - Car,Auto,Unassigned / Allocation Required,Personal item (category marked personal),Personal expense paid from business account — propose Due From Owner / Owner Distribution pending substantiation.,40
2025-06-27,2025_Poseidon_Partners_AmexCharges.xlsx,Unassigned / Allocation Required,TST* BLUEYS KITCHEN LOS ANGELES CA,44.29,Personal - Food,Suspense & Review,Unassigned / Allocation Required,Personal item (category marked personal),Personal expense paid from business account — propose Due From Owner / Owner Distribution pending substantiation.,40
2025-01-31,2025_Poseidon_Partners_AmexCharges.xlsx,Unassigned / Allocation Required,AMAZON MARKETPLACE NAMZN.COM/BILL WA,-44.26,Amazon,Office,Unassigned / Allocation Required,Refund/credit/points,Credit / refund / points — contra to original expense; confirm matching original charge.,40
2025-01-31,2025_Poseidon_Partners_AmexCharges.xlsx,Unassigned / Allocation Required,AMAZON MARKEPLACE NA PA,44.26,Amazon,Office,Unassigned / Allocation Required,Entity unassigned,Entity could not be determined from source — allocate before consolidation.,40
2025-03-18,2025_Poseidon_Partners_AmexCharges.xlsx,Unassigned / Allocation Required,RIDER SHACK LOS ANGELES CA,44.09,Personal - Entertainment,Suspense & Review,Unassigned / Allocation Required,Personal item (category marked personal),Personal expense paid from business account — propose Due From Owner / Owner Distribution pending substantiation.,40
2025-12-18,2025_Poseidon_Partners_AmexCharges.xlsx,Unassigned / Allocation Required,DNH*GODADDY#39733818Tempe AZ,43.98,Go Daddy,Suspense & Review,Unassigned / Allocation Required,Unmapped category,Unmapped — assign to Suspense & Review pending classification.,40
2025-11-18,2025_Poseidon_Partners_AmexCharges.xlsx,Unassigned / Allocation Required,DNH*GODADDY#39499288Tempe AZ,43.98,Go Daddy,Suspense & Review,Unassigned / Allocation Required,Unmapped category,Unmapped — assign to Suspense & Review pending classification.,40
2025-10-18,2025_Poseidon_Partners_AmexCharges.xlsx,Unassigned / Allocation Required,DNH*GODADDY#39259694Tempe AZ,43.98,Go Daddy,Suspense & Review,Unassigned / Allocation Required,Unmapped category,Unmapped — assign to Suspense & Review pending classification.,40
2025-09-18,2025_Poseidon_Partners_AmexCharges.xlsx,Unassigned / Allocation Required,DNH*GODADDY#38957741Tempe AZ,43.98,Go Daddy,Suspense & Review,Unassigned / Allocation Required,Unmapped category,Unmapped — assign to Suspense & Review pending classification.,40
2026-02-23,JanFeb_2026_Poseidon_Partners_Amex_Charges.xlsx,Poseidon Partners,DNH*GODADDY#40237403Tempe AZ,43.97,Go Daddy,Suspense & Review,Poseidon Partners,Unmapped category,Unmapped — assign to Suspense & Review pending classification.,45
2026-01-23,JanFeb_2026_Poseidon_Partners_Amex_Charges.xlsx,Poseidon Partners,DNH*GODADDY#39998938Tempe AZ,43.97,Go Daddy,Suspense & Review,Poseidon Partners,Unmapped category,Unmapped — assign to Suspense & Review pending classification.,45
2025-12-13,2025_Poseidon_Partners_AmexCharges.xlsx,Unassigned / Allocation Required,DNH*GODADDY#39695273Tempe AZ,43.96,Go Daddy,Suspense & Review,Unassigned / Allocation Required,Unmapped category,Unmapped — assign to Suspense & Review pending classification.,40
2025-11-13,2025_Poseidon_Partners_AmexCharges.xlsx,Unassigned / Allocation Required,DNH*GODADDY#39459571Tempe AZ,43.96,Go Daddy,Suspense & Review,Unassigned / Allocation Required,Unmapped category,Unmapped — assign to Suspense & Review pending classification.,40
2025-10-13,2025_Poseidon_Partners_AmexCharges.xlsx,Unassigned / Allocation Required,DNH*GODADDY#39218992Tempe AZ,43.96,Go Daddy,Suspense & Review,Unassigned / Allocation Required,Unmapped category,Unmapped — assign to Suspense & Review pending classification.,40
2025-09-13,2025_Poseidon_Partners_AmexCharges.xlsx,Unassigned / Allocation Required,DNH*GODADDY#38895690Tempe AZ,43.96,Go Daddy,Suspense & Review,Unassigned / Allocation Required,Unmapped category,Unmapped — assign to Suspense & Review pending classification.,40
2026-04-03,MarJune_2026_Poseidon_Partners_Amex_Charges.xlsx,Poseidon Partners,SUMUP*ANABELA DA SILVILA NOVA DE GAIA AV,43.95,Judd & Angela - Portugal,Suspense & Review,Poseidon Partners,Unmapped category,Unmapped — assign to Suspense & Review pending classification.,45
2025-06-21,2025_Poseidon_Partners_AmexCharges.xlsx,Unassigned / Allocation Required,SP BEIGE SAMPLE SAN DIMAS CA,43.9,Personal - House,Suspense & Review,Unassigned / Allocation Required,Personal item (category marked personal),Personal expense paid from business account — propose Due From Owner / Owner Distribution pending substantiation.,40
2026-06-05,MarJune_2026_Poseidon_Partners_Amex_Charges.xlsx,Poseidon Partners,QT 1948 OUTSIDE/QUIKWEATHERFORD TX,43.88,Personal - Car,Auto,Poseidon Partners,Personal item (category marked personal),Personal expense paid from business account — propose Due From Owner / Owner Distribution pending substantiation.,76
2025-03-15,2025_Poseidon_Partners_AmexCharges.xlsx,Unassigned / Allocation Required,AMAI COFFEE SANTA MOSanta Monica CA,43.7,Personal - Food,Meals & Entertainment,Unassigned / Allocation Required,Personal item (category marked personal),Personal expense paid from business account — propose Due From Owner / Owner Distribution pending substantiation.,40
2025-12-18,2025_PlumCard_Dunnings.xlsx,DWG Capital Partners,LAX AIRP BGRILL BY BLOS ANGELES,43.6,Family Trip,Travel,DWG Capital Partners,Personal item (B/P flag = personal),Personal expense paid from business account — propose Due From Owner / Owner Distribution pending substantiation.,60
2025-01-02,2025_Poseidon_Partners_AmexCharges.xlsx,Unassigned / Allocation Required,UBER,43.46,2024/2025 Canada Family Trip,Travel,Unassigned / Allocation Required,Personal item (category marked family/household),Personal expense paid from business account — propose Due From Owner / Owner Distribution pending substantiation.,40
2025-10-05,2025_Poseidon_Partners_AmexCharges.xlsx,Unassigned / Allocation Required,ROSS DRESS FOR LESS VENICE CA,43.37,Personal - House,Suspense & Review,Unassigned / Allocation Required,Personal item (category marked personal),Personal expense paid from business account — propose Due From Owner / Owner Distribution pending substantiation.,40
2025-03-23,2025_Poseidon_Partners_AmexCharges.xlsx,Unassigned / Allocation Required,AMAZON.COM AMZN.COM/BILL WA,43.34,Amazon,Office,Unassigned / Allocation Required,Entity unassigned,Entity could not be determined from source — allocate before consolidation.,40
2025-01-10,2025_Poseidon_Partners_AmexCharges.xlsx,Unassigned / Allocation Required,TST* TUTS EGYPTIAN CLOS ANGELES CA,43.3,Personal - Food,Suspense & Review,Unassigned / Allocation Required,Personal item (category marked personal),Personal expense paid from business account — propose Due From Owner / Owner Distribution pending substantiation.,40
2025-08-29,2025_Poseidon_Partners_AmexCharges.xlsx,Unassigned / Allocation Required,COPA WEB CHECK IN PANAMÁ PA,43.29,Costa Rica Trip,Suspense & Review,Unassigned / Allocation Required,Unmapped category,Unmapped — assign to Suspense & Review pending classification.,40
2025-09-30,2025_Poseidon_Partners_AmexCharges.xlsx,Unassigned / Allocation Required,FRAUD CREDIT,-43.28,FRAUD CREDIT,Suspense & Review,Unassigned / Allocation Required,Refund/credit/points,Credit / refund / points — contra to original expense; confirm matching original charge.,40
2025-09-30,2025_Poseidon_Partners_AmexCharges.xlsx,Unassigned / Allocation Required,FRAUD CREDIT,-43.27,FRAUD CREDIT,Suspense & Review,Unassigned / Allocation Required,Refund/credit/points,Credit / refund / points — contra to original expense; confirm matching original charge.,40
2025-09-30,2025_Poseidon_Partners_AmexCharges.xlsx,Unassigned / Allocation Required,FRAUD CREDIT,-43.24,FRAUD CREDIT,Suspense & Review,Unassigned / Allocation Required,Refund/credit/points,Credit / refund / points — contra to original expense; confirm matching original charge.,40
2026-03-02,MarJune_2026_Poseidon_Partners_Amex_Charges.xlsx,Poseidon Partners,FATBURGER 46 LOS ANGELES CA,43.22,Personal - Food,Suspense & Review,Poseidon Partners,Personal item (category marked personal),Personal expense paid from business account — propose Due From Owner / Owner Distribution pending substantiation.,45
2025-06-05,2025_Poseidon_Partners_AmexCharges.xlsx,Unassigned / Allocation Required,DRURY PLAZA HOTEL CLCLEVELAND OH,-43.2,Ohio Site Visit,Travel,Unassigned / Allocation Required,Refund/credit/points,Credit / refund / points — contra to original expense; confirm matching original charge.,40
2025-02-07,2025_Poseidon_Partners_AmexCharges.xlsx,Unassigned / Allocation Required,AMAZON MARKETPLACE NAMZN.COM/BILL WA,-43.2,Amazon,Office,Unassigned / Allocation Required,Refund/credit/points,Credit / refund / points — contra to original expense; confirm matching original charge.,40
2025-02-07,2025_Poseidon_Partners_AmexCharges.xlsx,Unassigned / Allocation Required,AMAZON MARKEPLACE NA PA,43.2,Amazon,Office,Unassigned / Allocation Required,Entity unassigned,Entity could not be determined from source — allocate before consolidation.,40
2025-09-30,2025_Poseidon_Partners_AmexCharges.xlsx,Unassigned / Allocation Required,FRAUD CREDIT,-43.19,FRAUD CREDIT,Suspense & Review,Unassigned / Allocation Required,Refund/credit/points,Credit / refund / points — contra to original expense; confirm matching original charge.,40
2026-06-09,MarJune_2026_Poseidon_Partners_Amex_Charges.xlsx,Poseidon Partners,VIOLET VAPOR - 2 WEATHERFORD TX,43.14,Personal,Suspense & Review,Poseidon Partners,Personal item (category marked personal),Personal expense paid from business account — propose Due From Owner / Owner Distribution pending substantiation.,45
2025-07-03,2025_Poseidon_Partners_AmexCharges.xlsx,Unassigned / Allocation Required,AMAZON MARKETPLACE NAMZN.COM/BILL WA,-43.04,Amazon,Office,Unassigned / Allocation Required,Refund/credit/points,Credit / refund / points — contra to original expense; confirm matching original charge.,40
2025-07-03,2025_Poseidon_Partners_AmexCharges.xlsx,Unassigned / Allocation Required,AMAZON MARKEPLACE NA PA,43.04,Amazon,Office,Unassigned / Allocation Required,Entity unassigned,Entity could not be determined from source — allocate before consolidation.,40
2025-07-19,2025_Poseidon_Partners_AmexCharges.xlsx,Unassigned / Allocation Required,2418 AMC AMC MARINA MARINA DEL RE CA,42.75,Personal - Entertainment,Suspense & Review,Unassigned / Allocation Required,Personal item (category marked personal),Personal expense paid from business account — propose Due From Owner / Owner Distribution pending substantiation.,40
2025-05-29,2025_Poseidon_Partners_AmexCharges.xlsx,Unassigned / Allocation Required,AMAZON.COM AMZN.COM/BILL WA,42.63,Amazon,Office,Unassigned / Allocation Required,Entity unassigned,Entity could not be determined from source — allocate before consolidation.,40
2025-10-25,2025_Poseidon_Partners_AmexCharges.xlsx,Unassigned / Allocation Required,CINEPOLIS USA DALLAS TX,42.31,Personal - Entertainment,Suspense & Review,Unassigned / Allocation Required,Personal item (category marked personal),Personal expense paid from business account — propose Due From Owner / Owner Distribution pending substantiation.,40
2025-01-25,2025_Poseidon_Partners_AmexCharges.xlsx,Unassigned / Allocation Required,AMAZON MARKETPLACE NAMZN.COM/BILL WA,-42.21,Amazon,Office,Unassigned / Allocation Required,Refund/credit/points,Credit / refund / points — contra to original expense; confirm matching original charge.,40
2025-01-25,2025_Poseidon_Partners_AmexCharges.xlsx,Unassigned / Allocation Required,AMAZON MARKEPLACE NA PA,42.21,Amazon,Office,Unassigned / Allocation Required,Entity unassigned,Entity could not be determined from source — allocate before consolidation.,40
2025-01-30,2025_Poseidon_Partners_AmexCharges.xlsx,Unassigned / Allocation Required,AMERICAN AIRLINES 45800-433-7300 TX,42.0,Team Travel (Angela),Travel,Unassigned / Allocation Required,Entity unassigned; Same-file repeat — verify not double-entered (SFR-0063),Entity could not be determined from source — allocate before consolidation.,40
2025-01-30,2025_Poseidon_Partners_AmexCharges.xlsx,Unassigned / Allocation Required,AMERICAN AIRLINES 45800-433-7300 TX,42.0,Team Travel (Angela),Travel,Unassigned / Allocation Required,Entity unassigned; Same-file repeat — verify not double-entered (SFR-0063),Entity could not be determined from source — allocate before consolidation.,40
2025-02-23,2025_Poseidon_Partners_AmexCharges.xlsx,Unassigned / Allocation Required,DNH*GODADDY#36047083Tempe AZ,41.97,Go Daddy,Suspense & Review,Unassigned / Allocation Required,Unmapped category,Unmapped — assign to Suspense & Review pending classification.,40
2025-02-04,2025_Poseidon_Partners_AmexCharges.xlsx,Unassigned / Allocation Required,DNH*GODADDY#35650633Tempe AZ,41.97,Go Daddy,Suspense & Review,Unassigned / Allocation Required,Unmapped category,Unmapped — assign to Suspense & Review pending classification.,40
2025-01-23,2025_Poseidon_Partners_AmexCharges.xlsx,Unassigned / Allocation Required,DNH*GODADDY#35425314Tempe AZ,41.97,Go Daddy,Suspense & Review,Unassigned / Allocation Required,Unmapped category,Unmapped — assign to Suspense & Review pending classification.,40
2025-01-04,2025_Poseidon_Partners_AmexCharges.xlsx,Unassigned / Allocation Required,DNH*GODADDY#35052430Tempe AZ,41.97,Go Daddy,Suspense & Review,Unassigned / Allocation Required,Unmapped category,Unmapped — assign to Suspense & Review pending classification.,40
2026-01-01,JanJune_2026_Plum_Card_Amex_Charges.xlsx,DWG Capital Partners,Absolute YVR Gate 85,41.69,Personal - Health,Suspense & Review,DWG Capital Partners,Personal item (B/P flag = personal),Personal expense paid from business account — propose Due From Owner / Owner Distribution pending substantiation.,45
2025-04-24,2025_PlumCard_Dunnings.xlsx,DWG Capital Partners,UBER EATS,41.39,Personal - Food,Travel,DWG Capital Partners,Personal item (B/P flag = personal),Personal expense paid from business account — propose Due From Owner / Owner Distribution pending substantiation.,84
2025-07-20,2025_Poseidon_Partners_AmexCharges.xlsx,Unassigned / Allocation Required,7-ELEVEN 39095 00073LOS ANGELES CA,41.17,Personal - Car,Auto,Unassigned / Allocation Required,Personal item (category marked personal),Personal expense paid from business account — propose Due From Owner / Owner Distribution pending substantiation.,40
2025-09-30,2025_Poseidon_Partners_AmexCharges.xlsx,Unassigned / Allocation Required,FRAUD CREDIT,-41.12,FRAUD CREDIT,Suspense & Review,Unassigned / Allocation Required,Refund/credit/points,Credit / refund / points — contra to original expense; confirm matching original charge.,40
2025-07-04,2025_Poseidon_Partners_AmexCharges.xlsx,Unassigned / Allocation Required,AMAZON MARKETPLACE NAMZN.COM/BILL WA,-41.11,Amazon,Office,Unassigned / Allocation Required,Refund/credit/points,Credit / refund / points — contra to original expense; confirm matching original charge.,40
2025-07-04,2025_Poseidon_Partners_AmexCharges.xlsx,Unassigned / Allocation Required,AMAZON MARKEPLACE NA PA,41.11,Amazon,Office,Unassigned / Allocation Required,Entity unassigned,Entity could not be determined from source — allocate before consolidation.,40
2025-12-23,2025_Poseidon_Partners_AmexCharges.xlsx,Unassigned / Allocation Required,DNH*GODADDY#39769602Tempe AZ,40.97,Go Daddy,Suspense & Review,Unassigned / Allocation Required,Unmapped category,Unmapped — assign to Suspense & Review pending classification.,40
2025-11-23,2025_Poseidon_Partners_AmexCharges.xlsx,Unassigned / Allocation Required,DNH*GODADDY#39537257Tempe AZ,40.97,Go Daddy,Suspense & Review,Unassigned / Allocation Required,Unmapped category,Unmapped — assign to Suspense & Review pending classification.,40
2025-10-23,2025_Poseidon_Partners_AmexCharges.xlsx,Unassigned / Allocation Required,DNH*GODADDY#39299611Tempe AZ,40.97,Go Daddy,Suspense & Review,Unassigned / Allocation Required,Unmapped category,Unmapped — assign to Suspense & Review pending classification.,40
2025-07-04,2025_Poseidon_Partners_AmexCharges.xlsx,Unassigned / Allocation Required,DNH*GODADDY#38054724Tempe AZ,40.97,Go Daddy,Suspense & Review,Unassigned / Allocation Required,Unmapped category,Unmapped — assign to Suspense & Review pending classification.,40
2025-06-23,2025_Poseidon_Partners_AmexCharges.xlsx,Unassigned / Allocation Required,DNH*GODADDY#37933846Tempe AZ,40.97,Go Daddy,Suspense & Review,Unassigned / Allocation Required,Unmapped category,Unmapped — assign to Suspense & Review pending classification.,40
2025-06-04,2025_Poseidon_Partners_AmexCharges.xlsx,Unassigned / Allocation Required,DNH*GODADDY#37711192Tempe AZ,40.97,Go Daddy,Suspense & Review,Unassigned / Allocation Required,Unmapped category,Unmapped — assign to Suspense & Review pending classification.,40
2025-05-23,2025_Poseidon_Partners_AmexCharges.xlsx,Unassigned / Allocation Required,DNH*GODADDY#37577243Tempe AZ,40.97,Go Daddy,Suspense & Review,Unassigned / Allocation Required,Unmapped category,Unmapped — assign to Suspense & Review pending classification.,40
2025-05-04,2025_Poseidon_Partners_AmexCharges.xlsx,Unassigned / Allocation Required,DNH*GODADDY#37351667Tempe AZ,40.97,Go Daddy,Suspense & Review,Unassigned / Allocation Required,Unmapped category,Unmapped — assign to Suspense & Review pending classification.,40
2026-02-01,JanFeb_2026_Poseidon_Partners_Amex_Charges.xlsx,Poseidon Partners,WORLD MARKET #135 1FT. WORTH TX,40.77,Personal - Family,General & Administrative,Poseidon Partners,Personal item (category marked personal),Personal expense paid from business account — propose Due From Owner / Owner Distribution pending substantiation.,55
2025-10-20,2025_Poseidon_Partners_AmexCharges.xlsx,Unassigned / Allocation Required,HOBBY-LOBBY #758 000WEATHERFORD TX,40.53,Personal - House,Suspense & Review,Unassigned / Allocation Required,Personal item (category marked personal),Personal expense paid from business account — propose Due From Owner / Owner Distribution pending substantiation.,40
2025-12-17,2025_Poseidon_Partners_AmexCharges.xlsx,Unassigned / Allocation Required,CVS PHARMACY LOS ANGELES CA,40.42,Personal - Health,Suspense & Review,Unassigned / Allocation Required,Personal item (category marked personal),Personal expense paid from business account — propose Due From Owner / Owner Distribution pending substantiation.,40
2025-06-14,2025_Poseidon_Partners_AmexCharges.xlsx,Unassigned / Allocation Required,AMAZON.COM AMZN.COM/BILL WA,40.25,Amazon,Office,Unassigned / Allocation Required,Entity unassigned,Entity could not be determined from source — allocate before consolidation.,40
2025-06-30,2025_Poseidon_Partners_AmexCharges.xlsx,Unassigned / Allocation Required,TST* KINDRED 3005768SAN DIEGO CA,40.17,Personal - Food,Suspense & Review,Unassigned / Allocation Required,Personal item (category marked personal),Personal expense paid from business account — propose Due From Owner / Owner Distribution pending substantiation.,40
2025-01-30,2025_Poseidon_Partners_AmexCharges.xlsx,Unassigned / Allocation Required,AMAZON MARKETPLACE NAMZN.COM/BILL WA,-40.04,Amazon,Office,Unassigned / Allocation Required,Refund/credit/points,Credit / refund / points — contra to original expense; confirm matching original charge.,40
2025-01-30,2025_Poseidon_Partners_AmexCharges.xlsx,Unassigned / Allocation Required,AMAZON MARKEPLACE NA PA,40.04,Amazon,Office,Unassigned / Allocation Required,Entity unassigned,Entity could not be determined from source — allocate before consolidation.,40
2025-09-30,2025_Poseidon_Partners_AmexCharges.xlsx,Unassigned / Allocation Required,FRAUD CREDIT,-40.02,FRAUD CREDIT,Suspense & Review,Unassigned / Allocation Required,Refund/credit/points,Credit / refund / points — contra to original expense; confirm matching original charge.,40
2025-12-12,2025_Poseidon_Partners_AmexCharges.xlsx,Unassigned / Allocation Required,United Airlines Houston,40.0,Team Travel (Judd),Travel,Unassigned / Allocation Required,Entity unassigned,Entity could not be determined from source — allocate before consolidation.,40
2025-12-10,2025_Poseidon_Partners_AmexCharges.xlsx,Unassigned / Allocation Required,American Airlines FORT WORTH TX,40.0,Team Travel (Judd),Travel,Unassigned / Allocation Required,Entity unassigned,Entity could not be determined from source — allocate before consolidation.,40
2025-06-05,2025_Poseidon_Partners_AmexCharges.xlsx,Unassigned / Allocation Required,GRADUATE COLUMBUS GRCOLUMBUS OH,40.0,Ohio Site Visit,Suspense & Review,Unassigned / Allocation Required,Unmapped category,Unmapped — assign to Suspense & Review pending classification.,40
2025-05-12,2025_Poseidon_Partners_AmexCharges.xlsx,Unassigned / Allocation Required,AMERICAN AIRLINES 05LOS ANGELES CA,40.0,Team Travel (Judd),Travel,Unassigned / Allocation Required,Entity unassigned; Same-file repeat — verify not double-entered (SFR-0044),Entity could not be determined from source — allocate before consolidation.,40
2025-05-12,2025_Poseidon_Partners_AmexCharges.xlsx,Unassigned / Allocation Required,AMERICAN AIRLINES 05LOS ANGELES CA,40.0,Team Travel (Judd),Travel,Unassigned / Allocation Required,Entity unassigned; Same-file repeat — verify not double-entered (SFR-0044),Entity could not be determined from source — allocate before consolidation.,40
2025-05-12,2025_Poseidon_Partners_AmexCharges.xlsx,Unassigned / Allocation Required,AMERICAN AIRLINES 05LOS ANGELES CA,40.0,Team Travel (Judd),Travel,Unassigned / Allocation Required,Entity unassigned; Same-file repeat — verify not double-entered (SFR-0044),Entity could not be determined from source — allocate before consolidation.,40
2025-05-12,2025_Poseidon_Partners_AmexCharges.xlsx,Unassigned / Allocation Required,AMERICAN AIRLINES 05LOS ANGELES CA,40.0,Team Travel (Judd),Travel,Unassigned / Allocation Required,Entity unassigned; Same-file repeat — verify not double-entered (SFR-0044),Entity could not be determined from source — allocate before consolidation.,40
2025-02-06,2025_Poseidon_Partners_AmexCharges.xlsx,Unassigned / Allocation Required,American Airlines FORT WORTH TX,40.0,Team Travel (Judd),Travel,Unassigned / Allocation Required,Entity unassigned,Entity could not be determined from source — allocate before consolidation.,40
2025-12-27,2025_Poseidon_Partners_AmexCharges.xlsx,Unassigned / Allocation Required,SPLICE.COM NEW YORK NY,39.99,Software & Subscriptions,Software & Technology,Unassigned / Allocation Required,Entity unassigned,Entity could not be determined from source — allocate before consolidation.,40
2025-11-27,2025_Poseidon_Partners_AmexCharges.xlsx,Unassigned / Allocation Required,SPLICE.COM NEW YORK NY,39.99,Software & Subscriptions,Software & Technology,Unassigned / Allocation Required,Entity unassigned,Entity could not be determined from source — allocate before consolidation.,40
2025-10-27,2025_Poseidon_Partners_AmexCharges.xlsx,Unassigned / Allocation Required,SPLICE.COM NEW YORK NY,39.99,Software & Subscriptions,Software & Technology,Unassigned / Allocation Required,Entity unassigned,Entity could not be determined from source — allocate before consolidation.,40
2025-09-27,2025_Poseidon_Partners_AmexCharges.xlsx,Unassigned / Allocation Required,SPLICE.COM NEW YORK NY,39.99,Software & Subscriptions,Software & Technology,Unassigned / Allocation Required,Entity unassigned,Entity could not be determined from source — allocate before consolidation.,40
2025-08-27,2025_Poseidon_Partners_AmexCharges.xlsx,Unassigned / Allocation Required,SPLICE.COM NEW YORK NY,39.99,Software & Subscriptions,Software & Technology,Unassigned / Allocation Required,Entity unassigned,Entity could not be determined from source — allocate before consolidation.,40
2025-07-27,2025_Poseidon_Partners_AmexCharges.xlsx,Unassigned / Allocation Required,SPLICE.COM NEW YORK NY,39.99,Software & Subscriptions,Software & Technology,Unassigned / Allocation Required,Entity unassigned,Entity could not be determined from source — allocate before consolidation.,40
2025-06-27,2025_Poseidon_Partners_AmexCharges.xlsx,Unassigned / Allocation Required,SPLICE.COM NEW YORK NY,39.99,Software & Subscriptions,Software & Technology,Unassigned / Allocation Required,Entity unassigned,Entity could not be determined from source — allocate before consolidation.,40
2025-05-27,2025_Poseidon_Partners_AmexCharges.xlsx,Unassigned / Allocation Required,SPLICE.COM NEW YORK NY,39.99,Software & Subscriptions,Software & Technology,Unassigned / Allocation Required,Entity unassigned,Entity could not be determined from source — allocate before consolidation.,40
2025-04-27,2025_Poseidon_Partners_AmexCharges.xlsx,Unassigned / Allocation Required,SPLICE.COM NEW YORK CITY NY,39.99,Software & Subscriptions,Software & Technology,Unassigned / Allocation Required,Entity unassigned,Entity could not be determined from source — allocate before consolidation.,40
2025-03-27,2025_Poseidon_Partners_AmexCharges.xlsx,Unassigned / Allocation Required,SPLICE.COM NEW YORK CITY NY,39.99,Software & Subscriptions,Software & Technology,Unassigned / Allocation Required,Entity unassigned,Entity could not be determined from source — allocate before consolidation.,40
2025-02-27,2025_Poseidon_Partners_AmexCharges.xlsx,Unassigned / Allocation Required,SPLICE.COM NEW YORK CITY NY,39.99,Software & Subscriptions,Software & Technology,Unassigned / Allocation Required,Entity unassigned,Entity could not be determined from source — allocate before consolidation.,40
2025-01-27,2025_Poseidon_Partners_AmexCharges.xlsx,Unassigned / Allocation Required,SPLICE.COM NEW YORK CITY NY,39.99,Software & Subscriptions,Software & Technology,Unassigned / Allocation Required,Entity unassigned,Entity could not be determined from source — allocate before consolidation.,40
2025-04-04,2025_Poseidon_Partners_AmexCharges.xlsx,Unassigned / Allocation Required,DNH*GODADDY#36869901Tempe AZ,39.97,Go Daddy,Suspense & Review,Unassigned / Allocation Required,Unmapped category,Unmapped — assign to Suspense & Review pending classification.,40
2025-03-23,2025_Poseidon_Partners_AmexCharges.xlsx,Unassigned / Allocation Required,DNH*GODADDY#36643383Tempe AZ,39.97,Go Daddy,Suspense & Review,Unassigned / Allocation Required,Unmapped category,Unmapped — assign to Suspense & Review pending classification.,40
2025-03-04,2025_Poseidon_Partners_AmexCharges.xlsx,Unassigned / Allocation Required,DNH*GODADDY#36253733Tempe AZ,39.97,Go Daddy,Suspense & Review,Unassigned / Allocation Required,Unmapped category,Unmapped — assign to Suspense & Review pending classification.,40
2025-09-30,2025_Poseidon_Partners_AmexCharges.xlsx,Unassigned / Allocation Required,FRAUD CREDIT,-39.41,FRAUD CREDIT,Suspense & Review,Unassigned / Allocation Required,Refund/credit/points,Credit / refund / points — contra to original expense; confirm matching original charge.,40
2025-09-30,2025_Poseidon_Partners_AmexCharges.xlsx,Unassigned / Allocation Required,FRAUD CREDIT,-39.4,FRAUD CREDIT,Suspense & Review,Unassigned / Allocation Required,Refund/credit/points,Credit / refund / points — contra to original expense; confirm matching original charge.,40
2026-03-05,MarJune_2026_Poseidon_Partners_Amex_Charges.xlsx,Poseidon Partners,CVS PHARMACY LOS ANGELES CA,39.34,Personal -  Health,Suspense & Review,Poseidon Partners,Personal item (category marked personal),Personal expense paid from business account — propose Due From Owner / Owner Distribution pending substantiation.,45
2025-01-01,2025_Poseidon_Partners_AmexCharges.xlsx,Unassigned / Allocation Required,BCF - COASTAL RENAISVICTORIA CA,39.09,Personal - Entertainment,Suspense & Review,Unassigned / Allocation Required,Personal item (category marked personal),Personal expense paid from business account — propose Due From Owner / Owner Distribution pending substantiation.,40
2025-10-28,2025_Poseidon_Partners_AmexCharges.xlsx,Unassigned / Allocation Required,LATE FEE,39.0,Late Fee,Suspense & Review,Unassigned / Allocation Required,Unmapped category,Unmapped — assign to Suspense & Review pending classification.,40
2026-01-29,JanJune_2026_Plum_Card_Amex_Charges.xlsx,DWG Capital Partners,Return Payment Fee,39.0,Return Payment Fee,Suspense & Review,DWG Capital Partners,Unmapped category,Unmapped — assign to Suspense & Review pending classification.,45
2025-09-30,2025_Poseidon_Partners_AmexCharges.xlsx,Unassigned / Allocation Required,FRAUD CREDIT,-38.96,FRAUD CREDIT,Suspense & Review,Unassigned / Allocation Required,Refund/credit/points,Credit / refund / points — contra to original expense; confirm matching original charge.,40
2025-03-10,2025_Poseidon_Partners_AmexCharges.xlsx,Unassigned / Allocation Required,AMAZON MARKETPLACE NAMZN.COM/BILL WA,-38.96,Amazon,Office,Unassigned / Allocation Required,Refund/credit/points,Credit / refund / points — contra to original expense; confirm matching original charge.,40
2025-03-10,2025_Poseidon_Partners_AmexCharges.xlsx,Unassigned / Allocation Required,AMAZON MARKEPLACE NA PA,38.96,Amazon,Office,Unassigned / Allocation Required,Entity unassigned,Entity could not be determined from source — allocate before consolidation.,40
2025-05-23,2025_Poseidon_Partners_AmexCharges.xlsx,Unassigned / Allocation Required,VOODOO AUTHENTICA INNEW ORLEANS LA,38.59,New Orleans Family Trip,Travel,Unassigned / Allocation Required,Personal item (category marked family/household),Personal expense paid from business account — propose Due From Owner / Owner Distribution pending substantiation.,40
2026-05-22,MarJune_2026_Poseidon_Partners_Amex_Charges.xlsx,Poseidon Partners,VENICE LIQUOR LOS ANGELES CA,38.48,Personal,Suspense & Review,Poseidon Partners,Personal item (category marked personal),Personal expense paid from business account — propose Due From Owner / Owner Distribution pending substantiation.,45
2025-12-31,2025_PlumCard_Dunnings.xlsx,DWG Capital Partners,UNITED AIRLINES,38.36,Family Trip,Travel,DWG Capital Partners,Personal item (B/P flag = personal),Personal expense paid from business account — propose Due From Owner / Owner Distribution pending substantiation.,84
2025-05-11,2025_Poseidon_Partners_AmexCharges.xlsx,Unassigned / Allocation Required,AMERICAN AIRLINES 45800-433-7300 TX,38.0,Team Travel (Judd),Travel,Unassigned / Allocation Required,Entity unassigned; Same-file repeat — verify not double-entered (SFR-0045),Entity could not be determined from source — allocate before consolidation.,40
2025-05-11,2025_Poseidon_Partners_AmexCharges.xlsx,Unassigned / Allocation Required,AMERICAN AIRLINES 45800-433-7300 TX,38.0,Team Travel (Judd),Travel,Unassigned / Allocation Required,Entity unassigned; Same-file repeat — verify not double-entered (SFR-0045),Entity could not be determined from source — allocate before consolidation.,40
2025-05-11,2025_Poseidon_Partners_AmexCharges.xlsx,Unassigned / Allocation Required,AMERICAN AIRLINES 45800-433-7300 TX,38.0,Team Travel (Judd),Travel,Unassigned / Allocation Required,Entity unassigned; Same-file repeat — verify not double-entered (SFR-0045),Entity could not be determined from source — allocate before consolidation.,40
2025-05-11,2025_Poseidon_Partners_AmexCharges.xlsx,Unassigned / Allocation Required,AMERICAN AIRLINES 45800-433-7300 TX,38.0,Team Travel (Judd),Travel,Unassigned / Allocation Required,Entity unassigned; Same-file repeat — verify not double-entered (SFR-0045),Entity could not be determined from source — allocate before consolidation.,40
2025-09-30,2025_Poseidon_Partners_AmexCharges.xlsx,Unassigned / Allocation Required,FRAUD CREDIT,-37.88,FRAUD CREDIT,Suspense & Review,Unassigned / Allocation Required,Refund/credit/points; Same-file repeat — verify not double-entered (SFR-0024),Credit / refund / points — contra to original expense; confirm matching original charge.,40
2025-09-30,2025_Poseidon_Partners_AmexCharges.xlsx,Unassigned / Allocation Required,FRAUD CREDIT,-37.88,FRAUD CREDIT,Suspense & Review,Unassigned / Allocation Required,Refund/credit/points; Same-file repeat — verify not double-entered (SFR-0024),Credit / refund / points — contra to original expense; confirm matching original charge.,40
2025-09-30,2025_Poseidon_Partners_AmexCharges.xlsx,Unassigned / Allocation Required,FRAUD CREDIT,-37.83,FRAUD CREDIT,Suspense & Review,Unassigned / Allocation Required,Refund/credit/points,Credit / refund / points — contra to original expense; confirm matching original charge.,40
2025-02-19,2025_Poseidon_Partners_AmexCharges.xlsx,Unassigned / Allocation Required,AMAZON MARKETPLACE NAMZN.COM/BILL WA,-37.78,Amazon,Office,Unassigned / Allocation Required,Refund/credit/points,Credit / refund / points — contra to original expense; confirm matching original charge.,40
2025-02-19,2025_Poseidon_Partners_AmexCharges.xlsx,Unassigned / Allocation Required,AMAZON MARKEPLACE NA PA,37.78,Amazon,Office,Unassigned / Allocation Required,Entity unassigned,Entity could not be determined from source — allocate before consolidation.,40
2025-03-29,2025_PlumCard_Dunnings.xlsx,DWG Capital Partners,AplPay BT*WAYMO,37.37,Personal - Car,Auto,DWG Capital Partners,Personal item (B/P flag = personal),Personal expense paid from business account — propose Due From Owner / Owner Distribution pending substantiation.,76
2025-12-15,2025_Poseidon_Partners_AmexCharges.xlsx,Unassigned / Allocation Required,THE MV GRAB AND GO LOS ANGELES CA,37.3,Personal - Food,Suspense & Review,Unassigned / Allocation Required,Personal item (category marked personal),Personal expense paid from business account — propose Due From Owner / Owner Distribution pending substantiation.,40
2025-09-30,2025_Poseidon_Partners_AmexCharges.xlsx,Unassigned / Allocation Required,FRAUD CREDIT,-37.28,FRAUD CREDIT,Suspense & Review,Unassigned / Allocation Required,Refund/credit/points,Credit / refund / points — contra to original expense; confirm matching original charge.,40
2026-04-06,MarJune_2026_Poseidon_Partners_Amex_Charges.xlsx,Poseidon Partners,CICIOSO BH ÉVORA,36.96,Judd & Angela - Portugal,Suspense & Review,Poseidon Partners,Unmapped category,Unmapped — assign to Suspense & Review pending classification.,45
2025-09-06,2025_Poseidon_Partners_AmexCharges.xlsx,Unassigned / Allocation Required,ALASKA AIRLINES SEATTLE WA,36.9,Costa Rica Trip,Travel,Unassigned / Allocation Required,Entity unassigned,Entity could not be determined from source — allocate before consolidation.,40
2025-12-29,2025_PlumCard_Dunnings.xlsx,DWG Capital Partners,VANCOUVER KARMA LOUNVANCOUVER,36.89,Family Trip,Travel,DWG Capital Partners,Personal item (B/P flag = personal),Personal expense paid from business account — propose Due From Owner / Owner Distribution pending substantiation.,60
2025-03-23,2025_PlumCard_Dunnings.xlsx,DWG Capital Partners,UBER EATS,36.85,Judd/Angela Italy Trip,Travel,DWG Capital Partners,Personal item (B/P flag = personal),Personal expense paid from business account — propose Due From Owner / Owner Distribution pending substantiation.,84
2025-09-08,2025_Poseidon_Partners_AmexCharges.xlsx,Unassigned / Allocation Required,THE MV GRAB AND GO LOS ANGELES CA,36.73,Personal - Food,Suspense & Review,Unassigned / Allocation Required,Personal item (category marked personal),Personal expense paid from business account — propose Due From Owner / Owner Distribution pending substantiation.,40
2025-01-20,2025_Poseidon_Partners_AmexCharges.xlsx,Unassigned / Allocation Required,EXPEDIA.COM TRAVEL SEATTLE WA,36.63,Team Travel (Angela),Travel,Unassigned / Allocation Required,Entity unassigned,Entity could not be determined from source — allocate before consolidation.,40
2025-09-30,2025_Poseidon_Partners_AmexCharges.xlsx,Unassigned / Allocation Required,FRAUD CREDIT,-36.59,FRAUD CREDIT,Suspense & Review,Unassigned / Allocation Required,Refund/credit/points,Credit / refund / points — contra to original expense; confirm matching original charge.,40
2026-03-28,MarJune_2026_Poseidon_Partners_Amex_Charges.xlsx,Poseidon Partners,PRET-A-MANGER LAX LOS ANGELES CA,36.11,Judd & Angela - Portugal,Suspense & Review,Poseidon Partners,Unmapped category,Unmapped — assign to Suspense & Review pending classification.,45
2025-05-22,2025_PlumCard_Dunnings.xlsx,DWG Capital Partners,AplPay PREMIUM PARKINEW ORLEANS,35.99,Personal - Car,Auto,DWG Capital Partners,Personal item (B/P flag = personal),Personal expense paid from business account — propose Due From Owner / Owner Distribution pending substantiation.,76
2025-09-30,2025_Poseidon_Partners_AmexCharges.xlsx,Unassigned / Allocation Required,FRAUD CREDIT,-35.71,FRAUD CREDIT,Suspense & Review,Unassigned / Allocation Required,Refund/credit/points,Credit / refund / points — contra to original expense; confirm matching original charge.,40
2025-08-12,2025_Poseidon_Partners_AmexCharges.xlsx,Unassigned / Allocation Required,AMERICAN AIRLINES 800-433-7300 TX,35.65,Miami Investor Trip,Travel,Unassigned / Allocation Required,Entity unassigned; Same-file repeat — verify not double-entered (SFR-0036),Entity could not be determined from source — allocate before consolidation.,40
2025-08-12,2025_Poseidon_Partners_AmexCharges.xlsx,Unassigned / Allocation Required,AMERICAN AIRLINES 800-433-7300 TX,35.65,Miami Investor Trip,Travel,Unassigned / Allocation Required,Entity unassigned; Same-file repeat — verify not double-entered (SFR-0036),Entity could not be determined from source — allocate before consolidation.,40
2025-09-30,2025_Poseidon_Partners_AmexCharges.xlsx,Unassigned / Allocation Required,FRAUD CREDIT,-35.64,FRAUD CREDIT,Suspense & Review,Unassigned / Allocation Required,Refund/credit/points,Credit / refund / points — contra to original expense; confirm matching original charge.,40
2026-05-25,Mar-May_2026_DWGCP_Amex_Charges.xlsx,DWG Capital Partners,UBER EATS,35.42,Team Lunch,Travel,DWG Capital Partners,Personal item (B/P flag = personal),Personal expense paid from business account — propose Due From Owner / Owner Distribution pending substantiation.,84
2025-01-24,2025_Poseidon_Partners_AmexCharges.xlsx,Unassigned / Allocation Required,AMAZON.COM AMZN.COM/BILL WA,35.34,Amazon,Office,Unassigned / Allocation Required,Entity unassigned,Entity could not be determined from source — allocate before consolidation.,40
2025-08-21,2025_Poseidon_Partners_AmexCharges.xlsx,Unassigned / Allocation Required,DNH*GODADDY#38617066Tempe AZ,35.18,Go Daddy,Suspense & Review,Unassigned / Allocation Required,Unmapped category,Unmapped — assign to Suspense & Review pending classification.,40
2025-05-26,2025_Poseidon_Partners_AmexCharges.xlsx,Unassigned / Allocation Required,DNH*GODADDY#37615579Tempe AZ,35.16,Go Daddy,Suspense & Review,Unassigned / Allocation Required,Unmapped category,Unmapped — assign to Suspense & Review pending classification.,40
2025-08-29,2025_Poseidon_Partners_AmexCharges.xlsx,Unassigned / Allocation Required,EXPEDIA 732247548380EXPEDIA.COM WA,35.0,Costa Rica Trip,Suspense & Review,Unassigned / Allocation Required,Unmapped category,Unmapped — assign to Suspense & Review pending classification.,40
2025-08-12,2025_Poseidon_Partners_AmexCharges.xlsx,Unassigned / Allocation Required,AMERICAN AIRLINES 800-433-7300 TX,35.0,Miami Investor Trip,Travel,Unassigned / Allocation Required,Entity unassigned,Entity could not be determined from source — allocate before consolidation.,40
2025-08-10,2025_Poseidon_Partners_AmexCharges.xlsx,Unassigned / Allocation Required,AMERICAN AIRLINES 800-433-7300 TX,35.0,Miami Investor Trip,Travel,Unassigned / Allocation Required,Entity unassigned,Entity could not be determined from source — allocate before consolidation.,40
2025-06-23,2025_Poseidon_Partners_AmexCharges.xlsx,Unassigned / Allocation Required,CORPORATE FILINGS LLSHERIDAN WY,35.0,DWG Operations,Suspense & Review,Unassigned / Allocation Required,Unmapped category,Unmapped — assign to Suspense & Review pending classification.,40
2025-05-22,2025_Poseidon_Partners_AmexCharges.xlsx,Unassigned / Allocation Required,AMERICAN AIRLINES 800-433-7300 TX,35.0,New Orleans Family Trip,Travel,Unassigned / Allocation Required,Personal item (category marked family/household); Same-file repeat — verify not double-entered (SFR-0041),Personal expense paid from business account — propose Due From Owner / Owner Distribution pending substantiation.,40
2025-05-22,2025_Poseidon_Partners_AmexCharges.xlsx,Unassigned / Allocation Required,AMERICAN AIRLINES 800-433-7300 TX,35.0,New Orleans Family Trip,Travel,Unassigned / Allocation Required,Personal item (category marked family/household); Same-file repeat — verify not double-entered (SFR-0041),Personal expense paid from business account — propose Due From Owner / Owner Distribution pending substantiation.,40
2025-05-17,2025_Poseidon_Partners_AmexCharges.xlsx,Unassigned / Allocation Required,HOTEL DROVER AUTOGRAFORT WORTH TX,35.0,Personal - Food,Travel,Unassigned / Allocation Required,Personal item (category marked personal),Personal expense paid from business account — propose Due From Owner / Owner Distribution pending substantiation.,40
2025-02-21,2025_Poseidon_Partners_AmexCharges.xlsx,Unassigned / Allocation Required,AMERICAN AIRLINES 800-433-7300 TX,35.0,Team Travel (Angela),Travel,Unassigned / Allocation Required,Entity unassigned; Same-file repeat — verify not double-entered (SFR-0052),Entity could not be determined from source — allocate before consolidation.,40
2025-02-21,2025_Poseidon_Partners_AmexCharges.xlsx,Unassigned / Allocation Required,AMERICAN AIRLINES 800-433-7300 TX,35.0,Team Travel (Angela),Travel,Unassigned / Allocation Required,Entity unassigned; Same-file repeat — verify not double-entered (SFR-0052),Entity could not be determined from source — allocate before consolidation.,40
2025-02-16,2025_Poseidon_Partners_AmexCharges.xlsx,Unassigned / Allocation Required,AMERICAN AIRLINES 800-433-7300 TX,35.0,Team Travel (Angela),Travel,Unassigned / Allocation Required,Entity unassigned,Entity could not be determined from source — allocate before consolidation.,40
2025-01-31,2025_Poseidon_Partners_AmexCharges.xlsx,Unassigned / Allocation Required,AMERICAN AIRLINES 800-433-7300 TX,35.0,Team Travel (Angela),Travel,Unassigned / Allocation Required,Entity unassigned; Same-file repeat — verify not double-entered (SFR-0061),Entity could not be determined from source — allocate before consolidation.,40
2025-01-31,2025_Poseidon_Partners_AmexCharges.xlsx,Unassigned / Allocation Required,AMERICAN AIRLINES 800-433-7300 TX,35.0,Team Travel (Angela),Travel,Unassigned / Allocation Required,Entity unassigned; Same-file repeat — verify not double-entered (SFR-0061),Entity could not be determined from source — allocate before consolidation.,40
2026-04-23,MarJune_2026_Poseidon_Partners_Amex_Charges.xlsx,Poseidon Partners,CORPORATE FILINGS LLSHERIDAN WY,35.0,DWG Business Development,Suspense & Review,Poseidon Partners,Unmapped category,Unmapped — assign to Suspense & Review pending classification.,45
2025-02-10,2025_Poseidon_Partners_AmexCharges.xlsx,Unassigned / Allocation Required,EXPEDIA.COM TRAVEL SEATTLE WA,34.96,Team Travel (Angela),Travel,Unassigned / Allocation Required,Entity unassigned; Same-file repeat — verify not double-entered (SFR-0056),Entity could not be determined from source — allocate before consolidation.,40
2025-02-10,2025_Poseidon_Partners_AmexCharges.xlsx,Unassigned / Allocation Required,EXPEDIA.COM TRAVEL SEATTLE WA,34.96,Team Travel (Angela),Travel,Unassigned / Allocation Required,Entity unassigned; Same-file repeat — verify not double-entered (SFR-0056),Entity could not be determined from source — allocate before consolidation.,40
2025-05-25,2025_Poseidon_Partners_AmexCharges.xlsx,Unassigned / Allocation Required,Starbucks B West MSYKenner LA,34.79,New Orleans Family Trip,Meals & Entertainment,Unassigned / Allocation Required,Personal item (category marked family/household),Personal expense paid from business account — propose Due From Owner / Owner Distribution pending substantiation.,40
2025-07-01,2025_Poseidon_Partners_AmexCharges.xlsx,Unassigned / Allocation Required,EXPEDIA 731602238354EXPEDIA.COM WA,34.73,San Francisco Investor Meeting,Investor Relations,Unassigned / Allocation Required,Entity unassigned,Entity could not be determined from source — allocate before consolidation.,40
2025-01-16,2025_Poseidon_Partners_AmexCharges.xlsx,Unassigned / Allocation Required,AMAZON MARKETPLACE NAMZN.COM/BILL WA,-34.63,Amazon,Office,Unassigned / Allocation Required,Refund/credit/points,Credit / refund / points — contra to original expense; confirm matching original charge.,40
2025-01-16,2025_Poseidon_Partners_AmexCharges.xlsx,Unassigned / Allocation Required,AMAZON MARKEPLACE NA PA,34.63,Amazon,Office,Unassigned / Allocation Required,Entity unassigned,Entity could not be determined from source — allocate before consolidation.,40
2025-05-07,2025_PlumCard_Dunnings.xlsx,DWG Capital Partners,UBER EATS,34.41,Personal - Food,Travel,DWG Capital Partners,Personal item (B/P flag = personal),Personal expense paid from business account — propose Due From Owner / Owner Distribution pending substantiation.,84
2025-03-15,2025_PlumCard_Dunnings.xlsx,DWG Capital Partners,UBER EATS,34.34,Personal - Food,Travel,DWG Capital Partners,Personal item (B/P flag = personal),Personal expense paid from business account — propose Due From Owner / Owner Distribution pending substantiation.,84
2025-03-03,2025_PlumCard_Dunnings.xlsx,DWG Capital Partners,UBER EATS,34.28,Personal - Food,Travel,DWG Capital Partners,Personal item (B/P flag = personal),Personal expense paid from business account — propose Due From Owner / Owner Distribution pending substantiation.,84
2025-01-25,2025_Poseidon_Partners_AmexCharges.xlsx,Unassigned / Allocation Required,EXPEDIA.COM TRAVEL SEATTLE WA,34.19,Team Travel (Angela),Travel,Unassigned / Allocation Required,Entity unassigned; Same-file repeat — verify not double-entered (SFR-0065),Entity could not be determined from source — allocate before consolidation.,40
2025-01-25,2025_Poseidon_Partners_AmexCharges.xlsx,Unassigned / Allocation Required,EXPEDIA.COM TRAVEL SEATTLE WA,34.19,Team Travel (Angela),Travel,Unassigned / Allocation Required,Entity unassigned; Same-file repeat — verify not double-entered (SFR-0065),Entity could not be determined from source — allocate before consolidation.,40
2025-07-11,2025_Poseidon_Partners_AmexCharges.xlsx,Unassigned / Allocation Required,"ONSTAR, LLC DETROIT MI",34.1,Personal - Car,Auto,Unassigned / Allocation Required,Personal item (category marked personal),Personal expense paid from business account — propose Due From Owner / Owner Distribution pending substantiation.,40
2025-06-11,2025_Poseidon_Partners_AmexCharges.xlsx,Unassigned / Allocation Required,"ONSTAR, LLC DETROIT MI",34.1,Personal - Car,Auto,Unassigned / Allocation Required,Personal item (category marked personal),Personal expense paid from business account — propose Due From Owner / Owner Distribution pending substantiation.,40
2025-05-11,2025_Poseidon_Partners_AmexCharges.xlsx,Unassigned / Allocation Required,"ONSTAR, LLC DETROIT MI",34.1,Personal - Car,Auto,Unassigned / Allocation Required,Personal item (category marked personal),Personal expense paid from business account — propose Due From Owner / Owner Distribution pending substantiation.,40
2025-04-11,2025_Poseidon_Partners_AmexCharges.xlsx,Unassigned / Allocation Required,"ONSTAR, LLC DETROIT MI",34.1,Personal - Car,Auto,Unassigned / Allocation Required,Personal item (category marked personal),Personal expense paid from business account — propose Due From Owner / Owner Distribution pending substantiation.,40
2025-03-11,2025_Poseidon_Partners_AmexCharges.xlsx,Unassigned / Allocation Required,"ONSTAR, LLC DETROIT MI",34.1,Personal - Car,Auto,Unassigned / Allocation Required,Personal item (category marked personal),Personal expense paid from business account — propose Due From Owner / Owner Distribution pending substantiation.,40
2025-01-22,2025_PlumCard_Dunnings.xlsx,DWG Capital Partners,UBER,34.07,Personal - Car,Travel,DWG Capital Partners,Personal item (B/P flag = personal),Personal expense paid from business account — propose Due From Owner / Owner Distribution pending substantiation.,84
2025-05-24,2025_Poseidon_Partners_AmexCharges.xlsx,Unassigned / Allocation Required,AIRBOAT ADVENTURES Lafitte LA,34.0,New Orleans Family Trip,Travel,Unassigned / Allocation Required,Personal item (category marked family/household),Personal expense paid from business account — propose Due From Owner / Owner Distribution pending substantiation.,40
2026-02-08,JanFeb_2026_Poseidon_Partners_Amex_Charges.xlsx,Poseidon Partners,DNH*GODADDY#40126786Tempe AZ,33.97,Go Daddy,Suspense & Review,Poseidon Partners,Unmapped category,Unmapped — assign to Suspense & Review pending classification.,45
2026-02-01,JanFeb_2026_Poseidon_Partners_Amex_Charges.xlsx,Poseidon Partners,DNH*GODADDY#40074777Tempe AZ,33.97,Go Daddy,Suspense & Review,Poseidon Partners,Unmapped category,Unmapped — assign to Suspense & Review pending classification.,45
2026-01-08,JanFeb_2026_Poseidon_Partners_Amex_Charges.xlsx,Poseidon Partners,DNH*GODADDY#39877488Tempe AZ,33.97,Go Daddy,Suspense & Review,Poseidon Partners,Unmapped category,Unmapped — assign to Suspense & Review pending classification.,45
2026-01-01,JanFeb_2026_Poseidon_Partners_Amex_Charges.xlsx,Poseidon Partners,DNH*GODADDY#39824096Tempe AZ,33.97,Go Daddy,Suspense & Review,Poseidon Partners,Unmapped category,Unmapped — assign to Suspense & Review pending classification.,45
2025-06-01,2025_Poseidon_Partners_AmexCharges.xlsx,Unassigned / Allocation Required,AMAZON.COM AMZN.COM/BILL WA,33.81,Amazon,Office,Unassigned / Allocation Required,Entity unassigned,Entity could not be determined from source — allocate before consolidation.,40
2025-06-14,2025_Poseidon_Partners_AmexCharges.xlsx,Unassigned / Allocation Required,AMAZON MARKETPLACE NAMZN.COM/BILL WA,-33.8,Amazon,Office,Unassigned / Allocation Required,Refund/credit/points,Credit / refund / points — contra to original expense; confirm matching original charge.,40
2025-06-14,2025_Poseidon_Partners_AmexCharges.xlsx,Unassigned / Allocation Required,AMAZON MARKEPLACE NA PA,33.8,Amazon,Office,Unassigned / Allocation Required,Entity unassigned,Entity could not be determined from source — allocate before consolidation.,40
2025-12-31,2025_PlumCard_Dunnings.xlsx,DWG Capital Partners,STARBUCKS US,33.6,Family Trip,Meals & Entertainment,DWG Capital Partners,Personal item (B/P flag = personal),Personal expense paid from business account — propose Due From Owner / Owner Distribution pending substantiation.,82
2025-10-20,2025_Poseidon_Partners_AmexCharges.xlsx,Unassigned / Allocation Required,BOBACANE BOBACANE WEATHERFORD TX,33.56,Personal - Food,Suspense & Review,Unassigned / Allocation Required,Personal item (category marked personal),Personal expense paid from business account — propose Due From Owner / Owner Distribution pending substantiation.,40
2025-05-19,2025_Poseidon_Partners_AmexCharges.xlsx,Unassigned / Allocation Required,AMAZON MARKETPLACE NAMZN.COM/BILL WA,-33.51,Amazon,Office,Unassigned / Allocation Required,Refund/credit/points,Credit / refund / points — contra to original expense; confirm matching original charge.,40
2025-05-19,2025_Poseidon_Partners_AmexCharges.xlsx,Unassigned / Allocation Required,AMAZON MARKEPLACE NA PA,33.51,Amazon,Office,Unassigned / Allocation Required,Entity unassigned,Entity could not be determined from source — allocate before consolidation.,40
2025-06-17,2025_Poseidon_Partners_AmexCharges.xlsx,Unassigned / Allocation Required,AMAZON MARKETPLACE NAMZN.COM/BILL WA,-33.3,Amazon,Office,Unassigned / Allocation Required,Refund/credit/points,Credit / refund / points — contra to original expense; confirm matching original charge.,40
2025-06-17,2025_Poseidon_Partners_AmexCharges.xlsx,Unassigned / Allocation Required,AMAZON MARKEPLACE NA PA,33.3,Amazon,Office,Unassigned / Allocation Required,Entity unassigned,Entity could not be determined from source — allocate before consolidation.,40
2025-09-30,2025_Poseidon_Partners_AmexCharges.xlsx,Unassigned / Allocation Required,FRAUD CREDIT,-33.11,FRAUD CREDIT,Suspense & Review,Unassigned / Allocation Required,Refund/credit/points,Credit / refund / points — contra to original expense; confirm matching original charge.,40
2025-03-14,2025_Poseidon_Partners_AmexCharges.xlsx,Unassigned / Allocation Required,TLF=EDELWEISS FLOWERSANTA MONICA CA,33.08,Personal - House,Suspense & Review,Unassigned / Allocation Required,Personal item (category marked personal),Personal expense paid from business account — propose Due From Owner / Owner Distribution pending substantiation.,40
2025-07-06,2025_Poseidon_Partners_AmexCharges.xlsx,Unassigned / Allocation Required,TST* BLUEYS KITCHEN LOS ANGELES CA,32.95,Personal - Food,Suspense & Review,Unassigned / Allocation Required,Personal item (category marked personal),Personal expense paid from business account — propose Due From Owner / Owner Distribution pending substantiation.,40
2025-09-30,2025_Poseidon_Partners_AmexCharges.xlsx,Unassigned / Allocation Required,FRAUD CREDIT,-32.87,FRAUD CREDIT,Suspense & Review,Unassigned / Allocation Required,Refund/credit/points,Credit / refund / points — contra to original expense; confirm matching original charge.,40
2025-12-10,2025_Poseidon_Partners_AmexCharges.xlsx,Unassigned / Allocation Required,AMERICAN AIRLINES 800-433-7300 TX,32.79,Team Travel (Judd),Travel,Unassigned / Allocation Required,Entity unassigned,Entity could not be determined from source — allocate before consolidation.,40
2026-06-07,MarJune_2026_Poseidon_Partners_Amex_Charges.xlsx,Poseidon Partners,TST* CORK & PIG - WIWILLOW PARK TX,32.73,Personal - Food,Suspense & Review,Poseidon Partners,Personal item (category marked personal),Personal expense paid from business account — propose Due From Owner / Owner Distribution pending substantiation.,45
2025-09-30,2025_Poseidon_Partners_AmexCharges.xlsx,Unassigned / Allocation Required,FRAUD CREDIT,-32.46,FRAUD CREDIT,Suspense & Review,Unassigned / Allocation Required,Refund/credit/points; Same-file repeat — verify not double-entered (SFR-0025),Credit / refund / points — contra to original expense; confirm matching original charge.,40
2025-09-30,2025_Poseidon_Partners_AmexCharges.xlsx,Unassigned / Allocation Required,FRAUD CREDIT,-32.46,FRAUD CREDIT,Suspense & Review,Unassigned / Allocation Required,Refund/credit/points; Same-file repeat — verify not double-entered (SFR-0025),Credit / refund / points — contra to original expense; confirm matching original charge.,40
2025-06-17,2025_Poseidon_Partners_AmexCharges.xlsx,Unassigned / Allocation Required,AMAZON MARKETPLACE NAMZN.COM/BILL WA,-32.46,Amazon,Office,Unassigned / Allocation Required,Refund/credit/points,Credit / refund / points — contra to original expense; confirm matching original charge.,40
2025-06-17,2025_Poseidon_Partners_AmexCharges.xlsx,Unassigned / Allocation Required,AMAZON MARKEPLACE NA PA,32.46,Amazon,Office,Unassigned / Allocation Required,Entity unassigned,Entity could not be determined from source — allocate before consolidation.,40
2025-12-13,2025_Poseidon_Partners_AmexCharges.xlsx,Unassigned / Allocation Required,VENICE LIQUOR 436845LOS ANGELES CA,32.42,Personal - Food,Suspense & Review,Unassigned / Allocation Required,Personal item (category marked personal),Personal expense paid from business account — propose Due From Owner / Owner Distribution pending substantiation.,40
2025-09-30,2025_Poseidon_Partners_AmexCharges.xlsx,Unassigned / Allocation Required,FRAUD CREDIT,-32.42,FRAUD CREDIT,Suspense & Review,Unassigned / Allocation Required,Refund/credit/points,Credit / refund / points — contra to original expense; confirm matching original charge.,40
2025-06-01,2025_Poseidon_Partners_AmexCharges.xlsx,Unassigned / Allocation Required,AMAZON MARKETPLACE NAMZN.COM/BILL WA,-32.42,Amazon,Office,Unassigned / Allocation Required,Refund/credit/points,Credit / refund / points — contra to original expense; confirm matching original charge.,40
2025-06-01,2025_Poseidon_Partners_AmexCharges.xlsx,Unassigned / Allocation Required,AMAZON MARKEPLACE NA PA,32.42,Amazon,Office,Unassigned / Allocation Required,Entity unassigned,Entity could not be determined from source — allocate before consolidation.,40
2025-06-19,2025_Poseidon_Partners_AmexCharges.xlsx,Unassigned / Allocation Required,AMAZON MARKETPLACE NAMZN.COM/BILL WA,-32.33,Amazon,Office,Unassigned / Allocation Required,Refund/credit/points,Credit / refund / points — contra to original expense; confirm matching original charge.,40
2025-06-19,2025_Poseidon_Partners_AmexCharges.xlsx,Unassigned / Allocation Required,AMAZON MARKEPLACE NA PA,32.33,Amazon,Office,Unassigned / Allocation Required,Entity unassigned,Entity could not be determined from source — allocate before consolidation.,40
2025-06-29,2025_Poseidon_Partners_AmexCharges.xlsx,Unassigned / Allocation Required,SP TOTEM TRILOGY BOUSAN DIEGO CA,32.31,San Diego - Judd/Angela Trip,Suspense & Review,Unassigned / Allocation Required,Unmapped category,Unmapped — assign to Suspense & Review pending classification.,40
2025-09-30,2025_Poseidon_Partners_AmexCharges.xlsx,Unassigned / Allocation Required,FRAUD CREDIT,-32.23,FRAUD CREDIT,Suspense & Review,Unassigned / Allocation Required,Refund/credit/points,Credit / refund / points — contra to original expense; confirm matching original charge.,40
2026-05-29,MarJune_2026_Poseidon_Partners_Amex_Charges.xlsx,Poseidon Partners,FILM ALLEY- WEATHERF817-3413232 TX,32.22,Personal - Entertainment,Suspense & Review,Poseidon Partners,Personal item (category marked personal),Personal expense paid from business account — propose Due From Owner / Owner Distribution pending substantiation.,45
2025-04-11,2025_Poseidon_Partners_AmexCharges.xlsx,Unassigned / Allocation Required,CORTESE CAFE FIRENZE,32.13,Italy Trip (Judd/Angela),Suspense & Review,Unassigned / Allocation Required,Unmapped category,Unmapped — assign to Suspense & Review pending classification.,40
2026-01-17,JanFeb_2026_Poseidon_Partners_Amex_Charges.xlsx,Poseidon Partners,2418 AMC AMC MARINA MARINA DEL RE CA,32.04,Personal - Entertainment,Suspense & Review,Poseidon Partners,Personal item (category marked personal),Personal expense paid from business account — propose Due From Owner / Owner Distribution pending substantiation.,45
2025-07-09,2025_Poseidon_Partners_AmexCharges.xlsx,Unassigned / Allocation Required,RVA AZ DEPT OF REVENPHOENIX AZ,32.0,Deal Specific - 260 S Hibbert,Deal - Pursuit Costs,Unassigned / Allocation Required,Entity unassigned,Entity could not be determined from source — allocate before consolidation.,40
2025-02-08,2025_PlumCard_Dunnings.xlsx,DWG Capital Partners,DNH*GODADDY#35741722Tempe,31.97,Go Daddy,Suspense & Review,DWG Capital Partners,Unmapped category,Unmapped — assign to Suspense & Review pending classification.,45
2025-01-08,2025_PlumCard_Dunnings.xlsx,DWG Capital Partners,DNH*GODADDY#35125585Tempe,31.97,Go Daddy,Suspense & Review,DWG Capital Partners,Unmapped category,Unmapped — assign to Suspense & Review pending classification.,45
2025-02-14,2025_Poseidon_Partners_AmexCharges.xlsx,Unassigned / Allocation Required,DNH*GODADDY#35865148Tempe AZ,31.97,Go Daddy,Suspense & Review,Unassigned / Allocation Required,Unmapped category,Unmapped — assign to Suspense & Review pending classification.,40
2025-02-13,2025_Poseidon_Partners_AmexCharges.xlsx,Unassigned / Allocation Required,DNH*GODADDY#35846441Tempe AZ,31.97,Go Daddy,Suspense & Review,Unassigned / Allocation Required,Unmapped category,Unmapped — assign to Suspense & Review pending classification.,40
2025-02-11,2025_Poseidon_Partners_AmexCharges.xlsx,Unassigned / Allocation Required,"ONSTAR, LLC DETROIT MI",31.97,Personal - Car,Auto,Unassigned / Allocation Required,Personal item (category marked personal),Personal expense paid from business account — propose Due From Owner / Owner Distribution pending substantiation.,40
2025-02-06,2025_Poseidon_Partners_AmexCharges.xlsx,Unassigned / Allocation Required,DNH*GODADDY#35692435Tempe AZ,31.97,Go Daddy,Suspense & Review,Unassigned / Allocation Required,Unmapped category,Unmapped — assign to Suspense & Review pending classification.,40
2025-02-01,2025_Poseidon_Partners_AmexCharges.xlsx,Unassigned / Allocation Required,DNH*GODADDY#35586735Tempe AZ,31.97,Go Daddy,Suspense & Review,Unassigned / Allocation Required,Unmapped category,Unmapped — assign to Suspense & Review pending classification.,40
2025-01-14,2025_Poseidon_Partners_AmexCharges.xlsx,Unassigned / Allocation Required,DNH*GODADDY#35249058Tempe AZ,31.97,Go Daddy,Suspense & Review,Unassigned / Allocation Required,Unmapped category,Unmapped — assign to Suspense & Review pending classification.,40
2025-01-11,2025_Poseidon_Partners_AmexCharges.xlsx,Unassigned / Allocation Required,"ONSTAR, LLC DETROIT MI",31.97,Personal - Car,Auto,Unassigned / Allocation Required,Personal item (category marked personal),Personal expense paid from business account — propose Due From Owner / Owner Distribution pending substantiation.,40
2025-01-06,2025_Poseidon_Partners_AmexCharges.xlsx,Unassigned / Allocation Required,DNH*GODADDY#35087567Tempe AZ,31.97,Go Daddy,Suspense & Review,Unassigned / Allocation Required,Unmapped category,Unmapped — assign to Suspense & Review pending classification.,40
2025-01-01,2025_Poseidon_Partners_AmexCharges.xlsx,Unassigned / Allocation Required,DNH*GODADDY#34998459Tempe AZ,31.97,Go Daddy,Suspense & Review,Unassigned / Allocation Required,Unmapped category,Unmapped — assign to Suspense & Review pending classification.,40
2025-08-30,2025_Poseidon_Partners_AmexCharges.xlsx,Unassigned / Allocation Required,Umami Burger TBIT LALos Angeles CA,31.92,Costa Rica Trip,Suspense & Review,Unassigned / Allocation Required,Unmapped category,Unmapped — assign to Suspense & Review pending classification.,40
2025-03-07,2025_Poseidon_Partners_AmexCharges.xlsx,Unassigned / Allocation Required,TST* BLUEYS KITCHEN LOS ANGELES CA,31.8,Personal - Food,Suspense & Review,Unassigned / Allocation Required,Personal item (category marked personal),Personal expense paid from business account — propose Due From Owner / Owner Distribution pending substantiation.,40
2025-10-04,2025_Poseidon_Partners_AmexCharges.xlsx,Unassigned / Allocation Required,THE HOME DEPOT LOS ANGELES CA,31.63,Personal - House,Suspense & Review,Unassigned / Allocation Required,Personal item (category marked personal),Personal expense paid from business account — propose Due From Owner / Owner Distribution pending substantiation.,40
2025-02-03,2025_Poseidon_Partners_AmexCharges.xlsx,Unassigned / Allocation Required,TST* CAFE GRATITUDE VENICE CA,31.56,Personal - Food,Suspense & Review,Unassigned / Allocation Required,Personal item (category marked personal),Personal expense paid from business account — propose Due From Owner / Owner Distribution pending substantiation.,40
2025-12-15,2025_Poseidon_Partners_AmexCharges.xlsx,Unassigned / Allocation Required,THE MV GRAB AND GO LOS ANGELES CA,31.55,Personal - Food,Suspense & Review,Unassigned / Allocation Required,Personal item (category marked personal),Personal expense paid from business account — propose Due From Owner / Owner Distribution pending substantiation.,40
2025-03-07,2025_Poseidon_Partners_AmexCharges.xlsx,Unassigned / Allocation Required,HOLLYWOOD PALLADIUM LOS ANGELES CA,31.53,Personal - Entertainment,Suspense & Review,Unassigned / Allocation Required,Personal item (category marked personal),Personal expense paid from business account — propose Due From Owner / Owner Distribution pending substantiation.,40
2025-11-08,2025_Poseidon_Partners_AmexCharges.xlsx,Unassigned / Allocation Required,VENICE LIQUOR 436845LOS ANGELES CA,31.42,Personal - Food,Suspense & Review,Unassigned / Allocation Required,Personal item (category marked personal),Personal expense paid from business account — propose Due From Owner / Owner Distribution pending substantiation.,40
2025-10-04,2025_Poseidon_Partners_AmexCharges.xlsx,Unassigned / Allocation Required,SILVERLAKE RAMEN 000SANTA MONICA CA,31.38,Personal - Food,Suspense & Review,Unassigned / Allocation Required,Personal item (category marked personal),Personal expense paid from business account — propose Due From Owner / Owner Distribution pending substantiation.,40
2025-01-07,2025_Poseidon_Partners_AmexCharges.xlsx,Unassigned / Allocation Required,AMAZON MARKETPLACE NAMZN.COM/BILL WA,-31.38,Amazon,Office,Unassigned / Allocation Required,Refund/credit/points,Credit / refund / points — contra to original expense; confirm matching original charge.,40
2025-01-07,2025_Poseidon_Partners_AmexCharges.xlsx,Unassigned / Allocation Required,AMAZON MARKEPLACE NA PA,31.38,Amazon,Office,Unassigned / Allocation Required,Entity unassigned,Entity could not be determined from source — allocate before consolidation.,40
2025-01-30,2025_Poseidon_Partners_AmexCharges.xlsx,Unassigned / Allocation Required,KINDLE SVCS*Z79GH1DA888-802-3080 WA,31.37,Personal - Entertainment,Suspense & Review,Unassigned / Allocation Required,Personal item (category marked personal),Personal expense paid from business account — propose Due From Owner / Owner Distribution pending substantiation.,40
2025-11-15,2025_Poseidon_Partners_AmexCharges.xlsx,Unassigned / Allocation Required,CVS PHARMACY LOS ANGELES CA,31.26,Personal - Health,Suspense & Review,Unassigned / Allocation Required,Personal item (category marked personal),Personal expense paid from business account — propose Due From Owner / Owner Distribution pending substantiation.,40
2025-12-06,2025_Poseidon_Partners_AmexCharges.xlsx,Unassigned / Allocation Required,DNH*GODADDY#39633846Tempe AZ,31.18,Go Daddy,Suspense & Review,Unassigned / Allocation Required,Unmapped category,Unmapped — assign to Suspense & Review pending classification.,40
2025-11-19,2025_Poseidon_Partners_AmexCharges.xlsx,Unassigned / Allocation Required,DNH*GODADDY#39506726Tempe AZ,31.18,Go Daddy,Suspense & Review,Unassigned / Allocation Required,Unmapped category,Unmapped — assign to Suspense & Review pending classification.,40
2025-12-26,2025_PlumCard_Dunnings.xlsx,DWG Capital Partners,WILDSIDE GRILL,31.16,Family Trip,Travel,DWG Capital Partners,Personal item (B/P flag = personal),Personal expense paid from business account — propose Due From Owner / Owner Distribution pending substantiation.,60
2025-09-03,2025_Poseidon_Partners_AmexCharges.xlsx,Unassigned / Allocation Required,LOCALS GRILL PUNTARENAS PU,31.15,Costa Rica Trip,Suspense & Review,Unassigned / Allocation Required,Unmapped category,Unmapped — assign to Suspense & Review pending classification.,40
2026-04-12,MarJune_2026_Poseidon_Partners_Amex_Charges.xlsx,Poseidon Partners,LISBON DUTY FREE WALLISBOA,31.11,Judd & Angela - Portugal,Suspense & Review,Poseidon Partners,Unmapped category,Unmapped — assign to Suspense & Review pending classification.,45
2025-07-08,2025_PlumCard_Dunnings.xlsx,DWG Capital Partners,DNH*GODADDY#38104833Tempe,30.97,Go Daddy,Suspense & Review,DWG Capital Partners,Unmapped category,Unmapped — assign to Suspense & Review pending classification.,45
2025-06-08,2025_PlumCard_Dunnings.xlsx,DWG Capital Partners,DNH*GODADDY#37755959Tempe,30.97,Go Daddy,Suspense & Review,DWG Capital Partners,Unmapped category,Unmapped — assign to Suspense & Review pending classification.,45
2025-05-08,2025_PlumCard_Dunnings.xlsx,DWG Capital Partners,DNH*GODADDY#37396861Tempe,30.97,Go Daddy,Suspense & Review,DWG Capital Partners,Unmapped category,Unmapped — assign to Suspense & Review pending classification.,45
2025-12-08,2025_Poseidon_Partners_AmexCharges.xlsx,Unassigned / Allocation Required,DNH*GODADDY#39649003Tempe AZ,30.97,Go Daddy,Suspense & Review,Unassigned / Allocation Required,Unmapped category,Unmapped — assign to Suspense & Review pending classification.,40
2025-12-01,2025_Poseidon_Partners_AmexCharges.xlsx,Unassigned / Allocation Required,DNH*GODADDY#39596554Tempe AZ,30.97,Go Daddy,Suspense & Review,Unassigned / Allocation Required,Unmapped category,Unmapped — assign to Suspense & Review pending classification.,40
2025-11-08,2025_Poseidon_Partners_AmexCharges.xlsx,Unassigned / Allocation Required,DNH*GODADDY#39423613Tempe AZ,30.97,Go Daddy,Suspense & Review,Unassigned / Allocation Required,Unmapped category,Unmapped — assign to Suspense & Review pending classification.,40
2025-11-01,2025_Poseidon_Partners_AmexCharges.xlsx,Unassigned / Allocation Required,DNH*GODADDY#39368645Tempe AZ,30.97,Go Daddy,Suspense & Review,Unassigned / Allocation Required,Unmapped category,Unmapped — assign to Suspense & Review pending classification.,40
2025-10-08,2025_Poseidon_Partners_AmexCharges.xlsx,Unassigned / Allocation Required,DNH*GODADDY#39175484Tempe AZ,30.97,Go Daddy,Suspense & Review,Unassigned / Allocation Required,Unmapped category,Unmapped — assign to Suspense & Review pending classification.,40
2025-10-01,2025_Poseidon_Partners_AmexCharges.xlsx,Unassigned / Allocation Required,DNH*GODADDY#39115285Tempe AZ,30.97,Go Daddy,Suspense & Review,Unassigned / Allocation Required,Unmapped category,Unmapped — assign to Suspense & Review pending classification.,40
2025-09-01,2025_Poseidon_Partners_AmexCharges.xlsx,Unassigned / Allocation Required,DNH*GODADDY#38756335Tempe AZ,30.97,Go Daddy,Suspense & Review,Unassigned / Allocation Required,Unmapped category,Unmapped — assign to Suspense & Review pending classification.,40
2025-08-08,2025_Poseidon_Partners_AmexCharges.xlsx,Unassigned / Allocation Required,DNH*GODADDY#38467500Tempe AZ,30.97,Go Daddy,Suspense & Review,Unassigned / Allocation Required,Unmapped category,Unmapped — assign to Suspense & Review pending classification.,40
2025-08-01,2025_Poseidon_Partners_AmexCharges.xlsx,Unassigned / Allocation Required,DNH*GODADDY#38385677Tempe AZ,30.97,Go Daddy,Suspense & Review,Unassigned / Allocation Required,Unmapped category,Unmapped — assign to Suspense & Review pending classification.,40
2025-07-06,2025_Poseidon_Partners_AmexCharges.xlsx,Unassigned / Allocation Required,DNH*GODADDY#38079792Tempe AZ,30.97,Go Daddy,Suspense & Review,Unassigned / Allocation Required,Unmapped category,Unmapped — assign to Suspense & Review pending classification.,40
2025-07-01,2025_Poseidon_Partners_AmexCharges.xlsx,Unassigned / Allocation Required,DNH*GODADDY#38026734Tempe AZ,30.97,Go Daddy,Suspense & Review,Unassigned / Allocation Required,Unmapped category,Unmapped — assign to Suspense & Review pending classification.,40
2025-06-14,2025_Poseidon_Partners_AmexCharges.xlsx,Unassigned / Allocation Required,DNH*GODADDY#37832922Tempe AZ,30.97,Go Daddy,Suspense & Review,Unassigned / Allocation Required,Unmapped category,Unmapped — assign to Suspense & Review pending classification.,40
2025-06-13,2025_Poseidon_Partners_AmexCharges.xlsx,Unassigned / Allocation Required,DNH*GODADDY#37821790Tempe AZ,30.97,Go Daddy,Suspense & Review,Unassigned / Allocation Required,Unmapped category,Unmapped — assign to Suspense & Review pending classification.,40
2025-06-06,2025_Poseidon_Partners_AmexCharges.xlsx,Unassigned / Allocation Required,DNH*GODADDY#37736901Tempe AZ,30.97,Go Daddy,Suspense & Review,Unassigned / Allocation Required,Unmapped category,Unmapped — assign to Suspense & Review pending classification.,40
2025-06-01,2025_Poseidon_Partners_AmexCharges.xlsx,Unassigned / Allocation Required,DNH*GODADDY#37675720Tempe AZ,30.97,Go Daddy,Suspense & Review,Unassigned / Allocation Required,Unmapped category,Unmapped — assign to Suspense & Review pending classification.,40
2025-05-14,2025_Poseidon_Partners_AmexCharges.xlsx,Unassigned / Allocation Required,DNH*GODADDY#37471468Tempe AZ,30.97,Go Daddy,Suspense & Review,Unassigned / Allocation Required,Unmapped category,Unmapped — assign to Suspense & Review pending classification.,40
2025-05-13,2025_Poseidon_Partners_AmexCharges.xlsx,Unassigned / Allocation Required,DNH*GODADDY#37457237Tempe AZ,30.97,Go Daddy,Suspense & Review,Unassigned / Allocation Required,Unmapped category,Unmapped — assign to Suspense & Review pending classification.,40
2025-05-06,2025_Poseidon_Partners_AmexCharges.xlsx,Unassigned / Allocation Required,DNH*GODADDY#37374988Tempe AZ,30.97,Go Daddy,Suspense & Review,Unassigned / Allocation Required,Unmapped category,Unmapped — assign to Suspense & Review pending classification.,40
2025-05-01,2025_Poseidon_Partners_AmexCharges.xlsx,Unassigned / Allocation Required,DNH*GODADDY#37318642Tempe AZ,30.97,Go Daddy,Suspense & Review,Unassigned / Allocation Required,Unmapped category,Unmapped — assign to Suspense & Review pending classification.,40
2025-01-25,2025_Poseidon_Partners_AmexCharges.xlsx,Unassigned / Allocation Required,AMAZON.COM AMZN.COM/BILL WA,30.83,Amazon,Office,Unassigned / Allocation Required,Entity unassigned,Entity could not be determined from source — allocate before consolidation.,40
2026-03-04,MarJune_2026_Poseidon_Partners_Amex_Charges.xlsx,Poseidon Partners,INTERCONTINENTAL LOS ANGELES CA,30.8,Personal - Car,Auto,Poseidon Partners,Personal item (category marked personal),Personal expense paid from business account — propose Due From Owner / Owner Distribution pending substantiation.,76
2026-03-03,MarJune_2026_Poseidon_Partners_Amex_Charges.xlsx,Poseidon Partners,INTERCONTINENTAL LOS ANGELES CA,30.8,Personal - Car,Auto,Poseidon Partners,Personal item (category marked personal),Personal expense paid from business account — propose Due From Owner / Owner Distribution pending substantiation.,76
2026-01-21,JanFeb_2026_Poseidon_Partners_Amex_Charges.xlsx,Poseidon Partners,THE SS CO 0 LOS ANGELES CA,30.7,Personal,Suspense & Review,Poseidon Partners,Personal item (category marked personal),Personal expense paid from business account — propose Due From Owner / Owner Distribution pending substantiation.,45
2025-12-10,2025_Poseidon_Partners_AmexCharges.xlsx,Unassigned / Allocation Required,STARBUCKS STORE 0980MONTGOMERY AL,30.69,Team Travel (Judd),Travel,Unassigned / Allocation Required,Entity unassigned,Entity could not be determined from source — allocate before consolidation.,40
2025-06-25,2025_Poseidon_Partners_AmexCharges.xlsx,Unassigned / Allocation Required,AMERICAN AIRLINES 800-433-7300 TX,30.58,Team Travel (Judd),Travel,Unassigned / Allocation Required,Entity unassigned,Entity could not be determined from source — allocate before consolidation.,40
2025-09-30,2025_Poseidon_Partners_AmexCharges.xlsx,Unassigned / Allocation Required,FRAUD CREDIT,-30.54,FRAUD CREDIT,Suspense & Review,Unassigned / Allocation Required,Refund/credit/points,Credit / refund / points — contra to original expense; confirm matching original charge.,40
2025-06-17,2025_Poseidon_Partners_AmexCharges.xlsx,Unassigned / Allocation Required,AMAZON.COM AMZN.COM/BILL WA,30.4,Amazon,Office,Unassigned / Allocation Required,Entity unassigned,Entity could not be determined from source — allocate before consolidation.,40
2025-11-02,2025_Poseidon_Partners_AmexCharges.xlsx,Unassigned / Allocation Required,SP FW LOCALS - FWTX FORT WORTH TX,30.31,Personal - Clothing,Suspense & Review,Unassigned / Allocation Required,Personal item (category marked personal); Same-file repeat — verify not double-entered (SFR-0008),Personal expense paid from business account — propose Due From Owner / Owner Distribution pending substantiation.,40
2025-11-02,2025_Poseidon_Partners_AmexCharges.xlsx,Unassigned / Allocation Required,SP FW LOCALS - FWTX FORT WORTH TX,30.31,Personal - Clothing,Suspense & Review,Unassigned / Allocation Required,Personal item (category marked personal); Same-file repeat — verify not double-entered (SFR-0008),Personal expense paid from business account — propose Due From Owner / Owner Distribution pending substantiation.,40
2025-01-03,2025_Poseidon_Partners_AmexCharges.xlsx,Unassigned / Allocation Required,AMAZON MARKETPLACE NAMZN.COM/BILL WA,-30.3,Amazon,Office,Unassigned / Allocation Required,Refund/credit/points,Credit / refund / points — contra to original expense; confirm matching original charge.,40
2025-01-03,2025_Poseidon_Partners_AmexCharges.xlsx,Unassigned / Allocation Required,AMAZON MARKEPLACE NA PA,30.3,Amazon,Office,Unassigned / Allocation Required,Entity unassigned,Entity could not be determined from source — allocate before consolidation.,40
2026-05-10,MarJune_2026_Poseidon_Partners_Amex_Charges.xlsx,Poseidon Partners,VENICE Los Angeles CA,30.18,Personal,Suspense & Review,Poseidon Partners,Personal item (category marked personal),Personal expense paid from business account — propose Due From Owner / Owner Distribution pending substantiation.,45
2025-08-13,2025_Poseidon_Partners_AmexCharges.xlsx,Unassigned / Allocation Required,KWIK STOP 3135 0000 MIAMI FL,30.12,Miami Investor Trip,Suspense & Review,Unassigned / Allocation Required,Unmapped category,Unmapped — assign to Suspense & Review pending classification.,40
2026-05-27,MarJune_2026_Poseidon_Partners_Amex_Charges.xlsx,Poseidon Partners,TEXAS MOVIE BISTRO 0LAKE WORTH TX,30.04,Personal - Entertainment,Suspense & Review,Poseidon Partners,Personal item (category marked personal),Personal expense paid from business account — propose Due From Owner / Owner Distribution pending substantiation.,45
2025-12-04,2025_Poseidon_Partners_AmexCharges.xlsx,Unassigned / Allocation Required,XAI LLC PALO ALTO CA,30.0,AI Subscriptions,Software & Technology,Unassigned / Allocation Required,Entity unassigned,Entity could not be determined from source — allocate before consolidation.,40
2025-08-10,2025_Poseidon_Partners_AmexCharges.xlsx,Unassigned / Allocation Required,AA WIFI SALES FORT WORTH TX,30.0,Miami Investor Trip,Suspense & Review,Unassigned / Allocation Required,Unmapped category,Unmapped — assign to Suspense & Review pending classification.,40
2025-07-18,2025_Poseidon_Partners_AmexCharges.xlsx,Unassigned / Allocation Required,ZG VALET (AVRA BH) Beverly Hills CA,30.0,Personal - Car,Auto,Unassigned / Allocation Required,Personal item (category marked personal),Personal expense paid from business account — propose Due From Owner / Owner Distribution pending substantiation.,40
2025-05-28,2025_Poseidon_Partners_AmexCharges.xlsx,Unassigned / Allocation Required,AMERICAN AIRLINES 45DALLAS TX,30.0,Arizona Site Visit,Travel,Unassigned / Allocation Required,Entity unassigned,Entity could not be determined from source — allocate before consolidation.,40
2025-02-16,2025_Poseidon_Partners_AmexCharges.xlsx,Unassigned / Allocation Required,UNITED AIRLINES HOUSTON TX,29.99,Team Travel (Angela),Travel,Unassigned / Allocation Required,Entity unassigned; Same-file repeat — verify not double-entered (SFR-0053),Entity could not be determined from source — allocate before consolidation.,40
2025-02-16,2025_Poseidon_Partners_AmexCharges.xlsx,Unassigned / Allocation Required,UNITED AIRLINES HOUSTON TX,29.99,Team Travel (Angela),Travel,Unassigned / Allocation Required,Entity unassigned; Same-file repeat — verify not double-entered (SFR-0053),Entity could not be determined from source — allocate before consolidation.,40
2025-04-08,2025_PlumCard_Dunnings.xlsx,DWG Capital Partners,DNH*GODADDY#36947179Tempe,29.97,Go Daddy,Suspense & Review,DWG Capital Partners,Unmapped category,Unmapped — assign to Suspense & Review pending classification.,45
2025-03-08,2025_PlumCard_Dunnings.xlsx,DWG Capital Partners,DNH*GODADDY#36334880Tempe,29.97,Go Daddy,Suspense & Review,DWG Capital Partners,Unmapped category,Unmapped — assign to Suspense & Review pending classification.,45
2025-04-14,2025_Poseidon_Partners_AmexCharges.xlsx,Unassigned / Allocation Required,DNH*GODADDY#37077503Tempe AZ,29.97,Go Daddy,Suspense & Review,Unassigned / Allocation Required,Unmapped category,Unmapped — assign to Suspense & Review pending classification.,40
2025-04-06,2025_Poseidon_Partners_AmexCharges.xlsx,Unassigned / Allocation Required,DNH*GODADDY#36910162Tempe AZ,29.97,Go Daddy,Suspense & Review,Unassigned / Allocation Required,Unmapped category,Unmapped — assign to Suspense & Review pending classification.,40
2025-03-14,2025_Poseidon_Partners_AmexCharges.xlsx,Unassigned / Allocation Required,DNH*GODADDY#36451205Tempe AZ,29.97,Go Daddy,Suspense & Review,Unassigned / Allocation Required,Unmapped category,Unmapped — assign to Suspense & Review pending classification.,40
2025-03-13,2025_Poseidon_Partners_AmexCharges.xlsx,Unassigned / Allocation Required,DNH*GODADDY#36430405Tempe AZ,29.97,Go Daddy,Suspense & Review,Unassigned / Allocation Required,Unmapped category,Unmapped — assign to Suspense & Review pending classification.,40
2025-03-06,2025_Poseidon_Partners_AmexCharges.xlsx,Unassigned / Allocation Required,DNH*GODADDY#36295073Tempe AZ,29.97,Go Daddy,Suspense & Review,Unassigned / Allocation Required,Unmapped category,Unmapped — assign to Suspense & Review pending classification.,40
2025-03-01,2025_Poseidon_Partners_AmexCharges.xlsx,Unassigned / Allocation Required,DNH*GODADDY#36173425Tempe AZ,29.97,Go Daddy,Suspense & Review,Unassigned / Allocation Required,Unmapped category,Unmapped — assign to Suspense & Review pending classification.,40
2025-07-07,2025_Poseidon_Partners_AmexCharges.xlsx,Unassigned / Allocation Required,TST* GREENLEAF - VENLOS ANGELES CA,29.96,Personal - Food,Suspense & Review,Unassigned / Allocation Required,Personal item (category marked personal),Personal expense paid from business account — propose Due From Owner / Owner Distribution pending substantiation.,40
2025-05-18,2025_PlumCard_Dunnings.xlsx,DWG Capital Partners,UBER,29.83,Personal - Food,Travel,DWG Capital Partners,Personal item (B/P flag = personal),Personal expense paid from business account — propose Due From Owner / Owner Distribution pending substantiation.,84
2026-04-17,MarJune_2026_Poseidon_Partners_Amex_Charges.xlsx,Poseidon Partners,STARBUCKS COFFEE AR LISBOA,29.52,Personal - Food,Meals & Entertainment,Poseidon Partners,Personal item (category marked personal),Personal expense paid from business account — propose Due From Owner / Owner Distribution pending substantiation.,82
2025-01-01,2025_Poseidon_Partners_AmexCharges.xlsx,Unassigned / Allocation Required,JOE & THE JUICE ST20RICHMOND CA,29.24,Personal - Food,Suspense & Review,Unassigned / Allocation Required,Personal item (category marked personal),Personal expense paid from business account — propose Due From Owner / Owner Distribution pending substantiation.,40
2026-05-29,MarJune_2026_Poseidon_Partners_Amex_Charges.xlsx,Poseidon Partners,ROSA'S CAFE WEATHERFORD TX,29.23,Personal - Food,Suspense & Review,Poseidon Partners,Personal item (category marked personal),Personal expense paid from business account — propose Due From Owner / Owner Distribution pending substantiation.,45
2025-09-30,2025_Poseidon_Partners_AmexCharges.xlsx,Unassigned / Allocation Required,FRAUD CREDIT,-29.17,FRAUD CREDIT,Suspense & Review,Unassigned / Allocation Required,Refund/credit/points,Credit / refund / points — contra to original expense; confirm matching original charge.,40
2026-02-15,JanFeb_2026_Poseidon_Partners_Amex_Charges.xlsx,Poseidon Partners,PICKLED BY SHRED LLCMarina del Rey CA,29.0,Personal - Food,Professional Services,Poseidon Partners,Personal item (category marked personal),Personal expense paid from business account — propose Due From Owner / Owner Distribution pending substantiation.,75
2026-06-17,June_2026_DWG_Capital_Partners.xlsx,DWG Capital Partners,Southwest Airlines DALLAS TX,-29.0,Refund,Other Operating Expense,DWG Capital Partners,Refund/credit/points,Credit / refund / points — contra to original expense; confirm matching original charge.,80
2026-02-10,JanFeb_2026_Poseidon_Partners_Amex_Charges.xlsx,Poseidon Partners,DNH*GODADDY#40141019Tempe AZ,28.98,Go Daddy,Suspense & Review,Poseidon Partners,Unmapped category,Unmapped — assign to Suspense & Review pending classification.,45
2026-01-10,JanFeb_2026_Poseidon_Partners_Amex_Charges.xlsx,Poseidon Partners,DNH*GODADDY#39894506Tempe AZ,28.98,Go Daddy,Suspense & Review,Poseidon Partners,Unmapped category,Unmapped — assign to Suspense & Review pending classification.,45
2025-09-30,2025_Poseidon_Partners_AmexCharges.xlsx,Unassigned / Allocation Required,FRAUD CREDIT,-28.78,FRAUD CREDIT,Suspense & Review,Unassigned / Allocation Required,Refund/credit/points,Credit / refund / points — contra to original expense; confirm matching original charge.,40
2025-03-18,2025_Poseidon_Partners_AmexCharges.xlsx,Unassigned / Allocation Required,RAINBOW ACRES LOS ANGELES CA,28.76,Personal - House,Suspense & Review,Unassigned / Allocation Required,Personal item (category marked personal),Personal expense paid from business account — propose Due From Owner / Owner Distribution pending substantiation.,40
2025-02-13,2025_Poseidon_Partners_AmexCharges.xlsx,Unassigned / Allocation Required,AMAZON.COM AMZN.COM/BILL WA,28.48,Amazon,Office,Unassigned / Allocation Required,Entity unassigned,Entity could not be determined from source — allocate before consolidation.,40
2025-01-30,2025_Poseidon_Partners_AmexCharges.xlsx,Unassigned / Allocation Required,AMAZON.COM AMZN.COM/BILL WA,28.48,Amazon,Office,Unassigned / Allocation Required,Entity unassigned,Entity could not be determined from source — allocate before consolidation.,40
2025-01-19,2025_Poseidon_Partners_AmexCharges.xlsx,Unassigned / Allocation Required,AMAZON.COM AMZN.COM/BILL WA,28.48,Amazon,Office,Unassigned / Allocation Required,Entity unassigned,Entity could not be determined from source — allocate before consolidation.,40
2025-01-02,2025_Poseidon_Partners_AmexCharges.xlsx,Unassigned / Allocation Required,AMAZON.COM AMZN.COM/BILL WA,28.48,Amazon,Office,Unassigned / Allocation Required,Entity unassigned,Entity could not be determined from source — allocate before consolidation.,40
2026-01-24,JanFeb_2026_Poseidon_Partners_Amex_Charges.xlsx,Poseidon Partners,CVS PHARMACY LOS ANGELES CA,28.29,Personal - Health,Suspense & Review,Poseidon Partners,Personal item (category marked personal),Personal expense paid from business account — propose Due From Owner / Owner Distribution pending substantiation.,45
2025-09-09,2025_Poseidon_Partners_AmexCharges.xlsx,Unassigned / Allocation Required,VITO RESTAURANT SANTA MONICA CA,28.15,Personal - Food,Meals & Entertainment,Unassigned / Allocation Required,Personal item (category marked personal),Personal expense paid from business account — propose Due From Owner / Owner Distribution pending substantiation.,40
2025-09-30,2025_Poseidon_Partners_AmexCharges.xlsx,Unassigned / Allocation Required,FRAUD CREDIT,-28.13,FRAUD CREDIT,Suspense & Review,Unassigned / Allocation Required,Refund/credit/points; Same-file repeat — verify not double-entered (SFR-0026),Credit / refund / points — contra to original expense; confirm matching original charge.,40
2025-09-30,2025_Poseidon_Partners_AmexCharges.xlsx,Unassigned / Allocation Required,FRAUD CREDIT,-28.13,FRAUD CREDIT,Suspense & Review,Unassigned / Allocation Required,Refund/credit/points; Same-file repeat — verify not double-entered (SFR-0026),Credit / refund / points — contra to original expense; confirm matching original charge.,40
2025-04-27,2025_Poseidon_Partners_AmexCharges.xlsx,Unassigned / Allocation Required,AMAZON MARKETPLACE NAMZN.COM/BILL WA,-28.13,Amazon,Office,Unassigned / Allocation Required,Refund/credit/points,Credit / refund / points — contra to original expense; confirm matching original charge.,40
2025-04-27,2025_Poseidon_Partners_AmexCharges.xlsx,Unassigned / Allocation Required,AMAZON MARKEPLACE NA PA,28.13,Amazon,Office,Unassigned / Allocation Required,Entity unassigned,Entity could not be determined from source — allocate before consolidation.,40
2025-07-03,2025_Poseidon_Partners_AmexCharges.xlsx,Unassigned / Allocation Required,AMAZON MARKETPLACE NAMZN.COM/BILL WA,-28.05,Amazon,Office,Unassigned / Allocation Required,Refund/credit/points,Credit / refund / points — contra to original expense; confirm matching original charge.,40
2025-07-03,2025_Poseidon_Partners_AmexCharges.xlsx,Unassigned / Allocation Required,AMAZON MARKEPLACE NA PA,28.05,Amazon,Office,Unassigned / Allocation Required,Entity unassigned,Entity could not be determined from source — allocate before consolidation.,40
2025-06-29,2025_Poseidon_Partners_AmexCharges.xlsx,Unassigned / Allocation Required,TRILOGY SANCTUARY SAN DIEGO CA,28.0,San Diego - Judd/Angela Trip,Suspense & Review,Unassigned / Allocation Required,Unmapped category; Same-file repeat — verify not double-entered (SFR-0040),Unmapped — assign to Suspense & Review pending classification.,40
2025-06-29,2025_Poseidon_Partners_AmexCharges.xlsx,Unassigned / Allocation Required,TRILOGY SANCTUARY SAN DIEGO CA,28.0,San Diego - Judd/Angela Trip,Suspense & Review,Unassigned / Allocation Required,Unmapped category; Same-file repeat — verify not double-entered (SFR-0040),Unmapped — assign to Suspense & Review pending classification.,40
2025-02-10,2025_PlumCard_Dunnings.xlsx,DWG Capital Partners,DNH*GODADDY#35770875Tempe,27.98,Go Daddy,Suspense & Review,DWG Capital Partners,Unmapped category,Unmapped — assign to Suspense & Review pending classification.,45
2025-01-10,2025_PlumCard_Dunnings.xlsx,DWG Capital Partners,DNH*GODADDY#35159805Tempe,27.98,Go Daddy,Suspense & Review,DWG Capital Partners,Unmapped category,Unmapped — assign to Suspense & Review pending classification.,45
2025-01-13,2025_Poseidon_Partners_AmexCharges.xlsx,Unassigned / Allocation Required,AMAZON MARKETPLACE NAMZN.COM/BILL WA,-27.93,Amazon,Office,Unassigned / Allocation Required,Refund/credit/points,Credit / refund / points — contra to original expense; confirm matching original charge.,40
2025-01-13,2025_Poseidon_Partners_AmexCharges.xlsx,Unassigned / Allocation Required,AMAZON MARKEPLACE NA PA,27.93,Amazon,Office,Unassigned / Allocation Required,Entity unassigned,Entity could not be determined from source — allocate before consolidation.,40
2025-10-05,2025_Poseidon_Partners_AmexCharges.xlsx,Unassigned / Allocation Required,AMC MARINA MARKETPL MARINA DEL REY CA,27.89,Personal - Entertainment,Suspense & Review,Unassigned / Allocation Required,Personal item (category marked personal),Personal expense paid from business account — propose Due From Owner / Owner Distribution pending substantiation.,40
2026-01-06,JanFeb_2026_Poseidon_Partners_Amex_Charges.xlsx,Poseidon Partners,CIRCLE K # 09557/CIRMESA AZ,27.52,Personal - Car,Auto,Poseidon Partners,Personal item (category marked personal),Personal expense paid from business account — propose Due From Owner / Owner Distribution pending substantiation.,76
2025-06-04,2025_Poseidon_Partners_AmexCharges.xlsx,Unassigned / Allocation Required,RIO FRESH CAFE II LLColumbus OH,27.48,Ohio Site Visit,Suspense & Review,Unassigned / Allocation Required,Unmapped category,Unmapped — assign to Suspense & Review pending classification.,40
2025-03-01,2025_PlumCard_Dunnings.xlsx,DWG Capital Partners,UBER EATS,27.45,Personal - Food,Travel,DWG Capital Partners,Personal item (B/P flag = personal),Personal expense paid from business account — propose Due From Owner / Owner Distribution pending substantiation.,84
2025-11-17,2025_Poseidon_Partners_AmexCharges.xlsx,Unassigned / Allocation Required,VENICE LIQUOR 436845LOS ANGELES CA,27.43,Personal - Food,Suspense & Review,Unassigned / Allocation Required,Personal item (category marked personal),Personal expense paid from business account — propose Due From Owner / Owner Distribution pending substantiation.,40
2025-06-19,2025_Poseidon_Partners_AmexCharges.xlsx,Unassigned / Allocation Required,AMAZON.COM AMZN.COM/BILL WA,27.25,Amazon,Office,Unassigned / Allocation Required,Entity unassigned,Entity could not be determined from source — allocate before consolidation.,40
2025-01-01,2025_Poseidon_Partners_AmexCharges.xlsx,Unassigned / Allocation Required,CNN ST1528 CNN ST152RICHMOND CA,27.22,Personal - Entertainment,Suspense & Review,Unassigned / Allocation Required,Personal item (category marked personal),Personal expense paid from business account — propose Due From Owner / Owner Distribution pending substantiation.,40
2025-06-15,2025_PlumCard_Dunnings.xlsx,DWG Capital Partners,UBER,27.15,Personal - Car,Travel,DWG Capital Partners,Personal item (B/P flag = personal),Personal expense paid from business account — propose Due From Owner / Owner Distribution pending substantiation.,84
2025-06-21,2025_Poseidon_Partners_AmexCharges.xlsx,Unassigned / Allocation Required,LA VAPE & SMOKE SHOPLOS ANGELES CA,27.15,Personal - Entertainment,Suspense & Review,Unassigned / Allocation Required,Personal item (category marked personal),Personal expense paid from business account — propose Due From Owner / Owner Distribution pending substantiation.,40
2026-01-16,JanFeb_2026_Poseidon_Partners_Amex_Charges.xlsx,Poseidon Partners,THE UPS STORE 4398 LOS ANGELES CA,27.1,DWG Swag,Suspense & Review,Poseidon Partners,Unmapped category,Unmapped — assign to Suspense & Review pending classification.,45
2025-12-26,2025_PlumCard_Dunnings.xlsx,DWG Capital Partners,UCLUELET CO-OP GAS QUCLUELET CO,27.05,Family Trip,Travel,DWG Capital Partners,Personal item (B/P flag = personal),Personal expense paid from business account — propose Due From Owner / Owner Distribution pending substantiation.,60
2025-12-18,2025_PlumCard_Dunnings.xlsx,DWG Capital Partners,STARBUCKS 04615,27.05,Family Trip,Meals & Entertainment,DWG Capital Partners,Personal item (B/P flag = personal),Personal expense paid from business account — propose Due From Owner / Owner Distribution pending substantiation.,82
2025-09-30,2025_Poseidon_Partners_AmexCharges.xlsx,Unassigned / Allocation Required,FRAUD CREDIT,-27.05,FRAUD CREDIT,Suspense & Review,Unassigned / Allocation Required,Refund/credit/points,Credit / refund / points — contra to original expense; confirm matching original charge.,40
2025-05-18,2025_Poseidon_Partners_AmexCharges.xlsx,Unassigned / Allocation Required,AMAZON MARKETPLACE NAMZN.COM/BILL WA,-27.05,Amazon,Office,Unassigned / Allocation Required,Refund/credit/points,Credit / refund / points — contra to original expense; confirm matching original charge.,40
2025-05-18,2025_Poseidon_Partners_AmexCharges.xlsx,Unassigned / Allocation Required,AMAZON MARKEPLACE NA PA,27.05,Amazon,Office,Unassigned / Allocation Required,Entity unassigned,Entity could not be determined from source — allocate before consolidation.,40
2025-09-14,2025_PlumCard_Dunnings.xlsx,DWG Capital Partners,WORDPRESS BLAZE,27.03,Wordpress,Suspense & Review,DWG Capital Partners,Unmapped category,Unmapped — assign to Suspense & Review pending classification.,45
2025-11-11,2025_Poseidon_Partners_AmexCharges.xlsx,Unassigned / Allocation Required,WAC BEVERLY HILLS PABEVERLY HILLS CA,27.0,Personal - Car,Auto,Unassigned / Allocation Required,Personal item (category marked personal),Personal expense paid from business account — propose Due From Owner / Owner Distribution pending substantiation.,40
2026-02-14,JanFeb_2026_Poseidon_Partners_Amex_Charges.xlsx,Poseidon Partners,CVS PHARMACY LOS ANGELES CA,26.99,Personal - Health,Suspense & Review,Poseidon Partners,Personal item (category marked personal),Personal expense paid from business account — propose Due From Owner / Owner Distribution pending substantiation.,45
2025-07-10,2025_PlumCard_Dunnings.xlsx,DWG Capital Partners,DNH*GODADDY#38128367Tempe,26.98,Go Daddy,Suspense & Review,DWG Capital Partners,Unmapped category,Unmapped — assign to Suspense & Review pending classification.,45
2025-06-10,2025_PlumCard_Dunnings.xlsx,DWG Capital Partners,DNH*GODADDY#37785516Tempe,26.98,Miscellaneous,General & Administrative,DWG Capital Partners,Low confidence,Book to General & Administrative.,55
2025-05-10,2025_PlumCard_Dunnings.xlsx,DWG Capital Partners,DNH*GODADDY#37423483Tempe,26.98,Go Daddy,Suspense & Review,DWG Capital Partners,Unmapped category,Unmapped — assign to Suspense & Review pending classification.,45
2025-04-10,2025_PlumCard_Dunnings.xlsx,DWG Capital Partners,DNH*GODADDY#36993696Tempe,26.98,Go Daddy,Suspense & Review,DWG Capital Partners,Unmapped category,Unmapped — assign to Suspense & Review pending classification.,45
2025-03-10,2025_PlumCard_Dunnings.xlsx,DWG Capital Partners,DNH*GODADDY#36376521Tempe,26.98,Go Daddy,Suspense & Review,DWG Capital Partners,Unmapped category,Unmapped — assign to Suspense & Review pending classification.,45
2025-12-10,2025_Poseidon_Partners_AmexCharges.xlsx,Unassigned / Allocation Required,DNH*GODADDY#39665169Tempe AZ,26.98,Go Daddy,Suspense & Review,Unassigned / Allocation Required,Unmapped category,Unmapped — assign to Suspense & Review pending classification.,40
2025-11-10,2025_Poseidon_Partners_AmexCharges.xlsx,Unassigned / Allocation Required,DNH*GODADDY#39434045Tempe AZ,26.98,Go Daddy,Suspense & Review,Unassigned / Allocation Required,Unmapped category,Unmapped — assign to Suspense & Review pending classification.,40
2025-09-10,2025_Poseidon_Partners_AmexCharges.xlsx,Unassigned / Allocation Required,DNH*GODADDY#38864949Tempe AZ,26.98,Go Daddy,Suspense & Review,Unassigned / Allocation Required,Unmapped category,Unmapped — assign to Suspense & Review pending classification.,40
2025-08-10,2025_Poseidon_Partners_AmexCharges.xlsx,Unassigned / Allocation Required,DNH*GODADDY#38489838Tempe AZ,26.98,Go Daddy,Suspense & Review,Unassigned / Allocation Required,Unmapped category,Unmapped — assign to Suspense & Review pending classification.,40
2025-01-24,2025_Poseidon_Partners_AmexCharges.xlsx,Unassigned / Allocation Required,AMAZON MARKETPLACE NAMZN.COM/BILL WA,-26.98,Amazon,Office,Unassigned / Allocation Required,Refund/credit/points,Credit / refund / points — contra to original expense; confirm matching original charge.,40
2025-01-24,2025_Poseidon_Partners_AmexCharges.xlsx,Unassigned / Allocation Required,AMAZON MARKEPLACE NA PA,26.98,Amazon,Office,Unassigned / Allocation Required,Entity unassigned,Entity could not be determined from source — allocate before consolidation.,40
2025-02-08,2025_Poseidon_Partners_AmexCharges.xlsx,Unassigned / Allocation Required,ZIEGLER'S NEW YORK PPHOENIX AZ,26.91,Personal - Food,Suspense & Review,Unassigned / Allocation Required,Personal item (category marked personal),Personal expense paid from business account — propose Due From Owner / Owner Distribution pending substantiation.,40
2026-01-26,JanFeb_2026_Poseidon_Partners_Amex_Charges.xlsx,Poseidon Partners,AMERICAN AIRLINES 800-433-7300 TX,-26.89,Team Travel,Travel,Poseidon Partners,Refund/credit/points,Credit / refund / points — contra to original expense; confirm matching original charge.,84
2026-02-15,JanFeb_2026_Poseidon_Partners_Amex_Charges.xlsx,Poseidon Partners,CINEMARK PLANO TX,26.85,Personal - Entertainment,Suspense & Review,Poseidon Partners,Personal item (category marked personal),Personal expense paid from business account — propose Due From Owner / Owner Distribution pending substantiation.,45
2025-08-31,2025_Poseidon_Partners_AmexCharges.xlsx,Unassigned / Allocation Required,FARMACIA LA ECONOMICPUNTARENAS PU,26.83,Costa Rica Trip,Suspense & Review,Unassigned / Allocation Required,Unmapped category,Unmapped — assign to Suspense & Review pending classification.,40
2025-09-20,2025_Poseidon_Partners_AmexCharges.xlsx,Unassigned / Allocation Required,TST* BLUEYS KITCHEN LOS ANGELES CA,26.57,Personal - Food,Suspense & Review,Unassigned / Allocation Required,Personal item (category marked personal),Personal expense paid from business account — propose Due From Owner / Owner Distribution pending substantiation.,40
2026-05-19,MarJune_2026_Poseidon_Partners_Amex_Charges.xlsx,Poseidon Partners,TST* JUICE CRAFTERS SANTA MONICA CA,26.56,Personal - Food,Suspense & Review,Poseidon Partners,Personal item (category marked personal),Personal expense paid from business account — propose Due From Owner / Owner Distribution pending substantiation.,45
2025-08-13,2025_Poseidon_Partners_AmexCharges.xlsx,Unassigned / Allocation Required,MARATHON 171140 0000MIAMI FL,26.41,Miami Investor Trip,Suspense & Review,Unassigned / Allocation Required,Unmapped category,Unmapped — assign to Suspense & Review pending classification.,40
2026-03-07,MarJune_2026_Poseidon_Partners_Amex_Charges.xlsx,Poseidon Partners,THE BELLWETHER Los Angeles CA,26.34,Personal - Entertainment,Suspense & Review,Poseidon Partners,Personal item (category marked personal),Personal expense paid from business account — propose Due From Owner / Owner Distribution pending substantiation.,45
2026-01-17,JanFeb_2026_Poseidon_Partners_Amex_Charges.xlsx,Poseidon Partners,THE SS CO 0 LOS ANGELES CA,26.32,Personal,Suspense & Review,Poseidon Partners,Personal item (category marked personal),Personal expense paid from business account — propose Due From Owner / Owner Distribution pending substantiation.,45
2025-03-23,2025_Poseidon_Partners_AmexCharges.xlsx,Unassigned / Allocation Required,AMAZON MARKETPLACE NAMZN.COM/BILL WA,-26.22,Amazon,Office,Unassigned / Allocation Required,Refund/credit/points,Credit / refund / points — contra to original expense; confirm matching original charge.,40
2025-03-23,2025_Poseidon_Partners_AmexCharges.xlsx,Unassigned / Allocation Required,AMAZON MARKEPLACE NA PA,26.22,Amazon,Office,Unassigned / Allocation Required,Entity unassigned,Entity could not be determined from source — allocate before consolidation.,40
2025-10-09,2025_Poseidon_Partners_AmexCharges.xlsx,Unassigned / Allocation Required,BALANCED ROOT APOTHEDenver CO,26.2,Denver Trip,Suspense & Review,Unassigned / Allocation Required,Unmapped category,Unmapped — assign to Suspense & Review pending classification.,40
2025-08-21,2025_Poseidon_Partners_AmexCharges.xlsx,Unassigned / Allocation Required,AMERICAN AIRLINES 800-433-7300 TX,26.09,Miami Investor Trip,Travel,Unassigned / Allocation Required,Entity unassigned,Entity could not be determined from source — allocate before consolidation.,40
2025-06-04,2025_Poseidon_Partners_AmexCharges.xlsx,Unassigned / Allocation Required,SPEEDWAY 1-800-643-1949 OH,26.06,Ohio Site Visit,Suspense & Review,Unassigned / Allocation Required,Unmapped category,Unmapped — assign to Suspense & Review pending classification.,40
2025-01-16,2025_Poseidon_Partners_AmexCharges.xlsx,Unassigned / Allocation Required,AMAZON MARKETPLACE NAMZN.COM/BILL WA,-25.97,Amazon,Office,Unassigned / Allocation Required,Refund/credit/points,Credit / refund / points — contra to original expense; confirm matching original charge.,40
2025-01-16,2025_Poseidon_Partners_AmexCharges.xlsx,Unassigned / Allocation Required,AMAZON MARKEPLACE NA PA,25.97,Amazon,Office,Unassigned / Allocation Required,Entity unassigned,Entity could not be determined from source — allocate before consolidation.,40
2025-02-25,2025_Poseidon_Partners_AmexCharges.xlsx,Unassigned / Allocation Required,PLATINUM VALET PARKIGRANADA HILLS CA,25.94,Personal - Car,Auto,Unassigned / Allocation Required,Personal item (category marked personal),Personal expense paid from business account — propose Due From Owner / Owner Distribution pending substantiation.,40
2025-05-17,2025_PlumCard_Dunnings.xlsx,DWG Capital Partners,UBER EATS,25.85,Personal - Food,Travel,DWG Capital Partners,Personal item (B/P flag = personal),Personal expense paid from business account — propose Due From Owner / Owner Distribution pending substantiation.,84
2025-10-24,2025_Poseidon_Partners_AmexCharges.xlsx,Unassigned / Allocation Required,CINEMARK PLANO TX,25.82,Personal - Entertainment,Suspense & Review,Unassigned / Allocation Required,Personal item (category marked personal),Personal expense paid from business account — propose Due From Owner / Owner Distribution pending substantiation.,40
2025-01-31,2025_Poseidon_Partners_AmexCharges.xlsx,Unassigned / Allocation Required,AMAZON MARKETPLACE NAMZN.COM/BILL WA,-25.77,Amazon,Office,Unassigned / Allocation Required,Refund/credit/points,Credit / refund / points — contra to original expense; confirm matching original charge.,40
2025-01-31,2025_Poseidon_Partners_AmexCharges.xlsx,Unassigned / Allocation Required,AMAZON MARKEPLACE NA PA,25.77,Amazon,Office,Unassigned / Allocation Required,Entity unassigned,Entity could not be determined from source — allocate before consolidation.,40
2025-12-18,2025_PlumCard_Dunnings.xlsx,DWG Capital Partners,VANCOUVER SKYCAP LTDVANCOUVER,25.43,Family Trip,Travel,DWG Capital Partners,Personal item (B/P flag = personal),Personal expense paid from business account — propose Due From Owner / Owner Distribution pending substantiation.,60
2025-08-06,2025_Poseidon_Partners_AmexCharges.xlsx,Unassigned / Allocation Required,AMERICAN AIRLINES 800-433-7300 TX,25.23,Miami Investor Trip,Travel,Unassigned / Allocation Required,Entity unassigned,Entity could not be determined from source — allocate before consolidation.,40
2025-08-04,2025_Poseidon_Partners_AmexCharges.xlsx,Unassigned / Allocation Required,CVS PHARMACY LOS ANGELES CA,25.19,Personal - Health,Suspense & Review,Unassigned / Allocation Required,Personal item (category marked personal),Personal expense paid from business account — propose Due From Owner / Owner Distribution pending substantiation.,40
2026-05-04,MarJune_2026_Poseidon_Partners_Amex_Charges.xlsx,Poseidon Partners,SIXT PORTUGAL RAC_30PAREDES PR,25.16,Judd & Angela - Portugal,Suspense & Review,Poseidon Partners,Unmapped category,Unmapped — assign to Suspense & Review pending classification.,45
2025-04-20,2025_PlumCard_Dunnings.xlsx,DWG Capital Partners,ZOZOSFRESHJUICE,25.0,Personal - Food,Suspense & Review,DWG Capital Partners,Personal item (B/P flag = personal),Personal expense paid from business account — propose Due From Owner / Owner Distribution pending substantiation.,45
2025-12-13,2025_Poseidon_Partners_AmexCharges.xlsx,Unassigned / Allocation Required,ATHENA PARKING LOT 1MALIBU CA,25.0,Personal - Car,Auto,Unassigned / Allocation Required,Personal item (category marked personal),Personal expense paid from business account — propose Due From Owner / Owner Distribution pending substantiation.,40
2025-11-22,2025_Poseidon_Partners_AmexCharges.xlsx,Unassigned / Allocation Required,RESTORE.COM AUSTIN TX,25.0,Personal - Health,Suspense & Review,Unassigned / Allocation Required,Personal item (category marked personal),Personal expense paid from business account — propose Due From Owner / Owner Distribution pending substantiation.,40
2025-06-14,2025_Poseidon_Partners_AmexCharges.xlsx,Unassigned / Allocation Required,WI SPA LOS ANGELES CA,25.0,Personal - Health,Suspense & Review,Unassigned / Allocation Required,Personal item (category marked personal),Personal expense paid from business account — propose Due From Owner / Owner Distribution pending substantiation.,40
2026-05-09,MarJune_2026_Poseidon_Partners_Amex_Charges.xlsx,Poseidon Partners,ANDAZ W HOLLYWOOD PRWEST HOLLYWOO CA,25.0,Personal - Car,Auto,Poseidon Partners,Personal item (category marked personal),Personal expense paid from business account — propose Due From Owner / Owner Distribution pending substantiation.,76
2025-12-18,2025_PlumCard_Dunnings.xlsx,DWG Capital Partners,FLOHEALTH.COM,24.99,Family Trip,Travel,DWG Capital Partners,Personal item (B/P flag = personal),Personal expense paid from business account — propose Due From Owner / Owner Distribution pending substantiation.,60
2025-11-18,2025_PlumCard_Dunnings.xlsx,DWG Capital Partners,FLOHEALTH.COM,24.99,Personal - Family,General & Administrative,DWG Capital Partners,Personal item (B/P flag = personal),Personal expense paid from business account — propose Due From Owner / Owner Distribution pending substantiation.,55
2025-10-18,2025_PlumCard_Dunnings.xlsx,DWG Capital Partners,FLOHEALTH.COM,24.99,Personal - Family,General & Administrative,DWG Capital Partners,Personal item (B/P flag = personal),Personal expense paid from business account — propose Due From Owner / Owner Distribution pending substantiation.,55
2025-09-18,2025_PlumCard_Dunnings.xlsx,DWG Capital Partners,FLOHEALTH.COM,24.99,Personal - Family,General & Administrative,DWG Capital Partners,Personal item (B/P flag = personal),Personal expense paid from business account — propose Due From Owner / Owner Distribution pending substantiation.,55
2025-07-18,2025_PlumCard_Dunnings.xlsx,DWG Capital Partners,FLOHEALTH.COM,24.99,Personal - Family,General & Administrative,DWG Capital Partners,Personal item (B/P flag = personal),Personal expense paid from business account — propose Due From Owner / Owner Distribution pending substantiation.,55
2025-06-18,2025_PlumCard_Dunnings.xlsx,DWG Capital Partners,FLOHEALTH.COM,24.99,Personal - Family,General & Administrative,DWG Capital Partners,Personal item (B/P flag = personal),Personal expense paid from business account — propose Due From Owner / Owner Distribution pending substantiation.,55
2025-05-18,2025_PlumCard_Dunnings.xlsx,DWG Capital Partners,FLOHEALTH.COM,24.99,Personal - Family,General & Administrative,DWG Capital Partners,Personal item (B/P flag = personal),Personal expense paid from business account — propose Due From Owner / Owner Distribution pending substantiation.,55
2025-04-18,2025_PlumCard_Dunnings.xlsx,DWG Capital Partners,FLOHEALTH.COM,24.99,Personal - Family,General & Administrative,DWG Capital Partners,Personal item (B/P flag = personal),Personal expense paid from business account — propose Due From Owner / Owner Distribution pending substantiation.,55
2025-03-18,2025_PlumCard_Dunnings.xlsx,DWG Capital Partners,FLOHEALTH.COM,24.99,Personal - Family,General & Administrative,DWG Capital Partners,Personal item (B/P flag = personal),Personal expense paid from business account — propose Due From Owner / Owner Distribution pending substantiation.,55
2025-02-18,2025_PlumCard_Dunnings.xlsx,DWG Capital Partners,FLOHEALTH.COM,24.99,Personal - Family,General & Administrative,DWG Capital Partners,Personal item (B/P flag = personal),Personal expense paid from business account — propose Due From Owner / Owner Distribution pending substantiation.,55
2025-01-18,2025_PlumCard_Dunnings.xlsx,DWG Capital Partners,FLOHEALTH.COM,24.99,Personal - Family,General & Administrative,DWG Capital Partners,Personal item (B/P flag = personal),Personal expense paid from business account — propose Due From Owner / Owner Distribution pending substantiation.,55
2025-05-29,2025_Poseidon_Partners_AmexCharges.xlsx,Unassigned / Allocation Required,TST* MAD HATTER KAVAPHOENIX AZ,24.99,Arizona Site Visit,Suspense & Review,Unassigned / Allocation Required,Unmapped category,Unmapped — assign to Suspense & Review pending classification.,40
2026-02-18,JanJune_2026_Plum_Card_Amex_Charges.xlsx,DWG Capital Partners,FloHealth.com,24.99,Personal - Family,General & Administrative,DWG Capital Partners,Personal item (B/P flag = personal),Personal expense paid from business account — propose Due From Owner / Owner Distribution pending substantiation.,55
2026-01-18,JanJune_2026_Plum_Card_Amex_Charges.xlsx,DWG Capital Partners,FloHealth.com,24.99,Personal - Family,General & Administrative,DWG Capital Partners,Personal item (B/P flag = personal),Personal expense paid from business account — propose Due From Owner / Owner Distribution pending substantiation.,55
2026-03-19,Mar-May_2026_DWGCP_Amex_Charges.xlsx,DWG Capital Partners,VENICE LIQUOR,24.98,Personal,Suspense & Review,DWG Capital Partners,Personal item (B/P flag = personal),Personal expense paid from business account — propose Due From Owner / Owner Distribution pending substantiation.,45
2025-09-30,2025_Poseidon_Partners_AmexCharges.xlsx,Unassigned / Allocation Required,FRAUD CREDIT,-24.94,FRAUD CREDIT,Suspense & Review,Unassigned / Allocation Required,Refund/credit/points,Credit / refund / points — contra to original expense; confirm matching original charge.,40
2025-09-21,2025_PlumCard_Dunnings.xlsx,DWG Capital Partners,LA EATS AT SOFI STADInglewood,24.72,Personal - Entertainment,Suspense & Review,DWG Capital Partners,Personal item (B/P flag = personal),Personal expense paid from business account — propose Due From Owner / Owner Distribution pending substantiation.,45
2025-01-22,2025_Poseidon_Partners_AmexCharges.xlsx,Unassigned / Allocation Required,AMAZON MARKETPLACE NAMZN.COM/BILL WA,-24.6,Amazon,Office,Unassigned / Allocation Required,Refund/credit/points,Credit / refund / points — contra to original expense; confirm matching original charge.,40
2025-01-22,2025_Poseidon_Partners_AmexCharges.xlsx,Unassigned / Allocation Required,AMAZON MARKEPLACE NA PA,24.6,Amazon,Office,Unassigned / Allocation Required,Entity unassigned,Entity could not be determined from source — allocate before consolidation.,40
2025-01-21,2025_Poseidon_Partners_AmexCharges.xlsx,Unassigned / Allocation Required,AMAZON MARKETPLACE NAMZN.COM/BILL WA,-24.6,Amazon,Office,Unassigned / Allocation Required,Refund/credit/points,Credit / refund / points — contra to original expense; confirm matching original charge.,40
2025-01-21,2025_Poseidon_Partners_AmexCharges.xlsx,Unassigned / Allocation Required,AMAZON MARKEPLACE NA PA,24.6,Amazon,Office,Unassigned / Allocation Required,Entity unassigned,Entity could not be determined from source — allocate before consolidation.,40
2025-09-30,2025_Poseidon_Partners_AmexCharges.xlsx,Unassigned / Allocation Required,FRAUD CREDIT,-24.35,FRAUD CREDIT,Suspense & Review,Unassigned / Allocation Required,Refund/credit/points,Credit / refund / points — contra to original expense; confirm matching original charge.,40
2026-06-02,MarJune_2026_Poseidon_Partners_Amex_Charges.xlsx,Poseidon Partners,BURGER KING #4279 42LINDALE TX,24.27,Personal - Food,Suspense & Review,Poseidon Partners,Personal item (category marked personal),Personal expense paid from business account — propose Due From Owner / Owner Distribution pending substantiation.,45
2025-01-11,2025_Poseidon_Partners_AmexCharges.xlsx,Unassigned / Allocation Required,STARBUCKS STORE 0546LOS ANGELES CA,24.1,Personal - Food,Meals & Entertainment,Unassigned / Allocation Required,Personal item (category marked personal),Personal expense paid from business account — propose Due From Owner / Owner Distribution pending substantiation.,40
2025-01-11,2025_Poseidon_Partners_AmexCharges.xlsx,Unassigned / Allocation Required,1 HR PHOTO AVE 14500LOS ANGELES CA,24.09,Personal - Entertainment,Professional Services,Unassigned / Allocation Required,Personal item (category marked personal),Personal expense paid from business account — propose Due From Owner / Owner Distribution pending substantiation.,40
2025-12-10,2025_Poseidon_Partners_AmexCharges.xlsx,Unassigned / Allocation Required,VIMEO PRO 212-625-0668 NY,24.0,Software & Subscriptions,Software & Technology,Unassigned / Allocation Required,Entity unassigned,Entity could not be determined from source — allocate before consolidation.,40
2025-11-10,2025_Poseidon_Partners_AmexCharges.xlsx,Unassigned / Allocation Required,VIMEO PRO 212-625-0668 NY,24.0,Software & Subscriptions,Software & Technology,Unassigned / Allocation Required,Entity unassigned,Entity could not be determined from source — allocate before consolidation.,40
2025-10-10,2025_Poseidon_Partners_AmexCharges.xlsx,Unassigned / Allocation Required,VIMEO PRO 212-625-0668 NY,24.0,Software & Subscriptions,Software & Technology,Unassigned / Allocation Required,Entity unassigned,Entity could not be determined from source — allocate before consolidation.,40
2025-09-10,2025_Poseidon_Partners_AmexCharges.xlsx,Unassigned / Allocation Required,VIMEO PRO 212-625-0668 NY,24.0,Software & Subscriptions,Software & Technology,Unassigned / Allocation Required,Entity unassigned,Entity could not be determined from source — allocate before consolidation.,40
2025-08-10,2025_Poseidon_Partners_AmexCharges.xlsx,Unassigned / Allocation Required,VIMEO PRO 212-625-0668 NY,24.0,Software & Subscriptions,Software & Technology,Unassigned / Allocation Required,Entity unassigned,Entity could not be determined from source — allocate before consolidation.,40
2025-07-10,2025_Poseidon_Partners_AmexCharges.xlsx,Unassigned / Allocation Required,VIMEO PRO 212-625-0668 NY,24.0,Software & Subscriptions,Software & Technology,Unassigned / Allocation Required,Entity unassigned,Entity could not be determined from source — allocate before consolidation.,40
2025-06-10,2025_Poseidon_Partners_AmexCharges.xlsx,Unassigned / Allocation Required,VIMEO PRO 212-625-0668 NY,24.0,Software & Subscriptions,Software & Technology,Unassigned / Allocation Required,Entity unassigned,Entity could not be determined from source — allocate before consolidation.,40
2025-05-10,2025_Poseidon_Partners_AmexCharges.xlsx,Unassigned / Allocation Required,VIMEO PRO 212-625-0668 NY,24.0,Software & Subscriptions,Software & Technology,Unassigned / Allocation Required,Entity unassigned,Entity could not be determined from source — allocate before consolidation.,40
2025-04-10,2025_Poseidon_Partners_AmexCharges.xlsx,Unassigned / Allocation Required,VIMEO PRO 212-625-0668 NY,24.0,Software & Subscriptions,Software & Technology,Unassigned / Allocation Required,Entity unassigned,Entity could not be determined from source — allocate before consolidation.,40
2025-03-10,2025_Poseidon_Partners_AmexCharges.xlsx,Unassigned / Allocation Required,VIMEO PRO 212-625-0668 NY,24.0,Software & Subscriptions,Software & Technology,Unassigned / Allocation Required,Entity unassigned,Entity could not be determined from source — allocate before consolidation.,40
2025-02-10,2025_Poseidon_Partners_AmexCharges.xlsx,Unassigned / Allocation Required,VIMEO PRO 212-625-0668 NY,24.0,Software & Subscriptions,Software & Technology,Unassigned / Allocation Required,Entity unassigned,Entity could not be determined from source — allocate before consolidation.,40
2025-01-10,2025_Poseidon_Partners_AmexCharges.xlsx,Unassigned / Allocation Required,VIMEO PRO 212-625-0668 NY,24.0,Software & Subscriptions,Software & Technology,Unassigned / Allocation Required,Entity unassigned,Entity could not be determined from source — allocate before consolidation.,40
2025-05-22,2025_Poseidon_Partners_AmexCharges.xlsx,Unassigned / Allocation Required,DNH*GODADDY#37567776Tempe AZ,23.88,Go Daddy,Suspense & Review,Unassigned / Allocation Required,Unmapped category,Unmapped — assign to Suspense & Review pending classification.,40
2025-09-30,2025_Poseidon_Partners_AmexCharges.xlsx,Unassigned / Allocation Required,FRAUD CREDIT,-23.87,FRAUD CREDIT,Suspense & Review,Unassigned / Allocation Required,Refund/credit/points,Credit / refund / points — contra to original expense; confirm matching original charge.,40
2025-02-08,2025_Poseidon_Partners_AmexCharges.xlsx,Unassigned / Allocation Required,AMAZON.COM AMZN.COM/BILL WA,23.87,Amazon,Office,Unassigned / Allocation Required,Entity unassigned,Entity could not be determined from source — allocate before consolidation.,40
2025-09-30,2025_Poseidon_Partners_AmexCharges.xlsx,Unassigned / Allocation Required,FRAUD CREDIT,-23.82,FRAUD CREDIT,Suspense & Review,Unassigned / Allocation Required,Refund/credit/points,Credit / refund / points — contra to original expense; confirm matching original charge.,40
2025-07-02,2025_Poseidon_Partners_AmexCharges.xlsx,Unassigned / Allocation Required,AMAZON.COM AMZN.COM/BILL WA,23.8,Amazon,Office,Unassigned / Allocation Required,Entity unassigned,Entity could not be determined from source — allocate before consolidation.,40
2025-02-01,2025_Poseidon_Partners_AmexCharges.xlsx,Unassigned / Allocation Required,AMAZON.COM AMZN.COM/BILL WA,23.8,Amazon,Office,Unassigned / Allocation Required,Entity unassigned,Entity could not be determined from source — allocate before consolidation.,40
2025-01-13,2025_Poseidon_Partners_AmexCharges.xlsx,Unassigned / Allocation Required,AMAZON MARKETPLACE NAMZN.COM/BILL WA,-23.8,Amazon,Office,Unassigned / Allocation Required,Refund/credit/points,Credit / refund / points — contra to original expense; confirm matching original charge.,40
2025-01-13,2025_Poseidon_Partners_AmexCharges.xlsx,Unassigned / Allocation Required,AMAZON MARKEPLACE NA PA,23.8,Amazon,Office,Unassigned / Allocation Required,Entity unassigned,Entity could not be determined from source — allocate before consolidation.,40
2025-09-30,2025_Poseidon_Partners_AmexCharges.xlsx,Unassigned / Allocation Required,FRAUD CREDIT,-23.53,FRAUD CREDIT,Suspense & Review,Unassigned / Allocation Required,Refund/credit/points; Same-file repeat — verify not double-entered (SFR-0027),Credit / refund / points — contra to original expense; confirm matching original charge.,40
2025-09-30,2025_Poseidon_Partners_AmexCharges.xlsx,Unassigned / Allocation Required,FRAUD CREDIT,-23.53,FRAUD CREDIT,Suspense & Review,Unassigned / Allocation Required,Refund/credit/points; Same-file repeat — verify not double-entered (SFR-0027),Credit / refund / points — contra to original expense; confirm matching original charge.,40
2025-02-13,2025_PlumCard_Dunnings.xlsx,DWG Capital Partners,UBER EATS,23.43,Personal - Food,Travel,DWG Capital Partners,Personal item (B/P flag = personal),Personal expense paid from business account — propose Due From Owner / Owner Distribution pending substantiation.,84
2025-01-28,2025_PlumCard_Dunnings.xlsx,DWG Capital Partners,UBER EATS,23.43,Personal - Food,Travel,DWG Capital Partners,Personal item (B/P flag = personal),Personal expense paid from business account — propose Due From Owner / Owner Distribution pending substantiation.,84
2025-12-14,2025_Poseidon_Partners_AmexCharges.xlsx,Unassigned / Allocation Required,THE NOVO Los Angeles CA,23.4,Personal - Entertainment,Suspense & Review,Unassigned / Allocation Required,Personal item (category marked personal),Personal expense paid from business account — propose Due From Owner / Owner Distribution pending substantiation.,40
2025-04-30,2025_Poseidon_Partners_AmexCharges.xlsx,Unassigned / Allocation Required,THE NILE Mesa AZ,23.39,Personal - Entertainment,Suspense & Review,Unassigned / Allocation Required,Personal item (category marked personal),Personal expense paid from business account — propose Due From Owner / Owner Distribution pending substantiation.,40
2025-11-22,2025_Poseidon_Partners_AmexCharges.xlsx,Unassigned / Allocation Required,TST* PAISITA CAFE 00VENICE CA,23.32,Personal - Food,Suspense & Review,Unassigned / Allocation Required,Personal item (category marked personal),Personal expense paid from business account — propose Due From Owner / Owner Distribution pending substantiation.,40
2026-03-05,MarJune_2026_Poseidon_Partners_Amex_Charges.xlsx,Poseidon Partners,ALANA'S COFFEE ROASTLos Angeles CA,23.25,Personal - Food,Meals & Entertainment,Poseidon Partners,Personal item (category marked personal),Personal expense paid from business account — propose Due From Owner / Owner Distribution pending substantiation.,82
2025-05-17,2025_PlumCard_Dunnings.xlsx,DWG Capital Partners,UBER EATS,23.23,Personal - Food,Travel,DWG Capital Partners,Personal item (B/P flag = personal),Personal expense paid from business account — propose Due From Owner / Owner Distribution pending substantiation.,84
2025-03-24,2025_Poseidon_Partners_AmexCharges.xlsx,Unassigned / Allocation Required,AMAZON MARKETPLACE NAMZN.COM/BILL WA,-23.17,Amazon,Office,Unassigned / Allocation Required,Refund/credit/points,Credit / refund / points — contra to original expense; confirm matching original charge.,40
2025-03-24,2025_Poseidon_Partners_AmexCharges.xlsx,Unassigned / Allocation Required,AMAZON MARKEPLACE NA PA,23.17,Amazon,Office,Unassigned / Allocation Required,Entity unassigned,Entity could not be determined from source — allocate before consolidation.,40
2025-02-11,2025_Poseidon_Partners_AmexCharges.xlsx,Unassigned / Allocation Required,AMAZON.COM AMZN.COM/BILL WA,23.05,Amazon,Office,Unassigned / Allocation Required,Entity unassigned,Entity could not be determined from source — allocate before consolidation.,40
2026-01-20,JanFeb_2026_Poseidon_Partners_Amex_Charges.xlsx,Poseidon Partners,THE RITZ CARLTON MARMARINA DEL REY CA,23.0,Personal - Car,Auto,Poseidon Partners,Personal item (category marked personal); Same-file repeat — verify not double-entered (SFR-0070),Personal expense paid from business account — propose Due From Owner / Owner Distribution pending substantiation.,76
2026-01-20,JanFeb_2026_Poseidon_Partners_Amex_Charges.xlsx,Poseidon Partners,THE RITZ CARLTON MARMARINA DEL REY CA,23.0,Personal - Car,Auto,Poseidon Partners,Personal item (category marked personal); Same-file repeat — verify not double-entered (SFR-0070),Personal expense paid from business account — propose Due From Owner / Owner Distribution pending substantiation.,76
2025-12-29,2025_Poseidon_Partners_AmexCharges.xlsx,Unassigned / Allocation Required,DNH*GODADDY#39806828Tempe AZ,22.98,Go Daddy,Suspense & Review,Unassigned / Allocation Required,Unmapped category,Unmapped — assign to Suspense & Review pending classification.,40
2025-11-29,2025_Poseidon_Partners_AmexCharges.xlsx,Unassigned / Allocation Required,DNH*GODADDY#39582504Tempe AZ,22.98,Go Daddy,Suspense & Review,Unassigned / Allocation Required,Unmapped category,Unmapped — assign to Suspense & Review pending classification.,40
2025-10-29,2025_Poseidon_Partners_AmexCharges.xlsx,Unassigned / Allocation Required,DNH*GODADDY#39344090Tempe AZ,22.98,Go Daddy,Suspense & Review,Unassigned / Allocation Required,Unmapped category,Unmapped — assign to Suspense & Review pending classification.,40
2025-09-30,2025_Poseidon_Partners_AmexCharges.xlsx,Unassigned / Allocation Required,DNH*GODADDY#39097588Tempe AZ,22.98,Go Daddy,Suspense & Review,Unassigned / Allocation Required,Unmapped category,Unmapped — assign to Suspense & Review pending classification.,40
2025-12-16,2025_Poseidon_Partners_AmexCharges.xlsx,Unassigned / Allocation Required,CHEVRON 0308980/CHEVLOS ANGELES CA,22.91,Personal - Car,Auto,Unassigned / Allocation Required,Personal item (category marked personal),Personal expense paid from business account — propose Due From Owner / Owner Distribution pending substantiation.,40
2025-03-05,2025_Poseidon_Partners_AmexCharges.xlsx,Unassigned / Allocation Required,AMAZON.COM AMZN.COM/BILL WA,22.44,Amazon,Office,Unassigned / Allocation Required,Entity unassigned,Entity could not be determined from source — allocate before consolidation.,40
2025-09-30,2025_Poseidon_Partners_AmexCharges.xlsx,Unassigned / Allocation Required,FRAUD CREDIT,-22.29,FRAUD CREDIT,Suspense & Review,Unassigned / Allocation Required,Refund/credit/points,Credit / refund / points — contra to original expense; confirm matching original charge.,40
2025-02-11,2025_PlumCard_Dunnings.xlsx,DWG Capital Partners,DNH*GODADDY#33925291Tempe,22.17,Go Daddy,Suspense & Review,DWG Capital Partners,Unmapped category,Unmapped — assign to Suspense & Review pending classification.,45
2025-06-01,2025_Poseidon_Partners_AmexCharges.xlsx,Unassigned / Allocation Required,TST* BLUEYS KITCHEN LOS ANGELES CA,22.02,Personal - Food,Suspense & Review,Unassigned / Allocation Required,Personal item (category marked personal),Personal expense paid from business account — propose Due From Owner / Owner Distribution pending substantiation.,40
2026-01-11,JanFeb_2026_Poseidon_Partners_Amex_Charges.xlsx,Poseidon Partners,SAFETY PARK MARINA DEL RE CA,22.0,Personal - Car,Auto,Poseidon Partners,Personal item (category marked personal),Personal expense paid from business account — propose Due From Owner / Owner Distribution pending substantiation.,76
2025-08-14,2025_Poseidon_Partners_AmexCharges.xlsx,Unassigned / Allocation Required,DNH*GODADDY#38528650Tempe AZ,21.98,Go Daddy,Suspense & Review,Unassigned / Allocation Required,Unmapped category,Unmapped — assign to Suspense & Review pending classification.,40
2025-08-13,2025_Poseidon_Partners_AmexCharges.xlsx,Unassigned / Allocation Required,DNH*GODADDY#38528637480-505-8855 AZ,21.98,Go Daddy,Suspense & Review,Unassigned / Allocation Required,Unmapped category,Unmapped — assign to Suspense & Review pending classification.,40
2025-07-11,2025_Poseidon_Partners_AmexCharges.xlsx,Unassigned / Allocation Required,DNH*GODADDY#38140784Tempe AZ,21.98,Go Daddy,Suspense & Review,Unassigned / Allocation Required,Unmapped category,Unmapped — assign to Suspense & Review pending classification.,40
2026-03-08,MarJune_2026_Poseidon_Partners_Amex_Charges.xlsx,Poseidon Partners,GELSON'S MARKET #29 SANTA MONICA CA,21.98,Personal - House,Suspense & Review,Poseidon Partners,Personal item (category marked personal),Personal expense paid from business account — propose Due From Owner / Owner Distribution pending substantiation.,45
2025-09-29,2025_Poseidon_Partners_AmexCharges.xlsx,Unassigned / Allocation Required,CVS PHARMACY MARINA DEL REY CA,21.94,Personal - Health,Suspense & Review,Unassigned / Allocation Required,Personal item (category marked personal),Personal expense paid from business account — propose Due From Owner / Owner Distribution pending substantiation.,40
2025-08-08,2025_Poseidon_Partners_AmexCharges.xlsx,Unassigned / Allocation Required,CVS PHARMACY LOS ANGELES CA,21.94,Personal - Health,Suspense & Review,Unassigned / Allocation Required,Personal item (category marked personal),Personal expense paid from business account — propose Due From Owner / Owner Distribution pending substantiation.,40
2025-07-31,2025_Poseidon_Partners_AmexCharges.xlsx,Unassigned / Allocation Required,CVS PHARMACY LOS ANGELES CA,21.94,Personal - Health,Suspense & Review,Unassigned / Allocation Required,Personal item (category marked personal),Personal expense paid from business account — propose Due From Owner / Owner Distribution pending substantiation.,40
2025-05-12,2025_Poseidon_Partners_AmexCharges.xlsx,Unassigned / Allocation Required,ALANA'S COFFEE ROASTLos Angeles CA,21.9,Personal - Food,Meals & Entertainment,Unassigned / Allocation Required,Personal item (category marked personal),Personal expense paid from business account — propose Due From Owner / Owner Distribution pending substantiation.,40
2025-05-29,2025_Poseidon_Partners_AmexCharges.xlsx,Unassigned / Allocation Required,NATURAL LIFE 6905501TEMPE AZ,21.83,Arizona Site Visit,Suspense & Review,Unassigned / Allocation Required,Unmapped category,Unmapped — assign to Suspense & Review pending classification.,40
2025-03-24,2025_Poseidon_Partners_AmexCharges.xlsx,Unassigned / Allocation Required,AMAZON MARKETPLACE NAMZN.COM/BILL WA,-21.79,Amazon,Office,Unassigned / Allocation Required,Refund/credit/points,Credit / refund / points — contra to original expense; confirm matching original charge.,40
2025-03-24,2025_Poseidon_Partners_AmexCharges.xlsx,Unassigned / Allocation Required,AMAZON MARKEPLACE NA PA,21.79,Amazon,Office,Unassigned / Allocation Required,Entity unassigned,Entity could not be determined from source — allocate before consolidation.,40
2026-03-10,MarJune_2026_Poseidon_Partners_Amex_Charges.xlsx,Poseidon Partners,RAINBOW ACRES 8330 LOS ANGELES CA,21.77,Personal - House ,Suspense & Review,Poseidon Partners,Personal item (category marked personal),Personal expense paid from business account — propose Due From Owner / Owner Distribution pending substantiation.,45
2025-06-06,2025_Poseidon_Partners_AmexCharges.xlsx,Unassigned / Allocation Required,STARBUCKS STORE 2264LOS ANGELES CA,21.7,Personal - Food,Meals & Entertainment,Unassigned / Allocation Required,Personal item (category marked personal),Personal expense paid from business account — propose Due From Owner / Owner Distribution pending substantiation.,40
2025-04-01,2025_PlumCard_Dunnings.xlsx,DWG Capital Partners,SORACI ALBERTO,21.66,Judd/Angela Italy Trip,Suspense & Review,DWG Capital Partners,Personal item (B/P flag = personal),Personal expense paid from business account — propose Due From Owner / Owner Distribution pending substantiation.,45
2025-10-29,2025_Poseidon_Partners_AmexCharges.xlsx,Unassigned / Allocation Required,TRX VAPE AND CIGAR 5DALLAS TX,21.64,Personal - Entertainment,Suspense & Review,Unassigned / Allocation Required,Personal item (category marked personal),Personal expense paid from business account — propose Due From Owner / Owner Distribution pending substantiation.,40
2025-05-27,2025_Poseidon_Partners_AmexCharges.xlsx,Unassigned / Allocation Required,MR PUFF SMOKE SHOP WEATHERFORD TX,21.64,Personal - Entertainment,Suspense & Review,Unassigned / Allocation Required,Personal item (category marked personal),Personal expense paid from business account — propose Due From Owner / Owner Distribution pending substantiation.,40
2025-02-28,2025_Poseidon_Partners_AmexCharges.xlsx,Unassigned / Allocation Required,AMAZON MARKETPLACE NAMZN.COM/BILL WA,-21.6,Amazon,Office,Unassigned / Allocation Required,Refund/credit/points,Credit / refund / points — contra to original expense; confirm matching original charge.,40
2025-01-31,2025_Poseidon_Partners_AmexCharges.xlsx,Unassigned / Allocation Required,KINDLE SVCS*Z795J8SJ888-802-3080 WA,21.6,Team Travel (Angela),Travel,Unassigned / Allocation Required,Entity unassigned,Entity could not be determined from source — allocate before consolidation.,40
2026-05-28,MarJune_2026_Poseidon_Partners_Amex_Charges.xlsx,Poseidon Partners,VIOLET VAPOR - 2 WEATHERFORD TX,21.54,Personal,Suspense & Review,Poseidon Partners,Personal item (category marked personal),Personal expense paid from business account — propose Due From Owner / Owner Distribution pending substantiation.,45
2025-06-04,2025_Poseidon_Partners_AmexCharges.xlsx,Unassigned / Allocation Required,BP#8989931SANDUSKY CFOSTORIA OH,21.43,Ohio Site Visit,Suspense & Review,Unassigned / Allocation Required,Unmapped category,Unmapped — assign to Suspense & Review pending classification.,40
2026-03-11,MarJune_2026_Poseidon_Partners_Amex_Charges.xlsx,Poseidon Partners,STARBUCKS 85549 STARLOS ANGELES CA,21.4,Personal - Food,Meals & Entertainment,Poseidon Partners,Personal item (category marked personal),Personal expense paid from business account — propose Due From Owner / Owner Distribution pending substantiation.,82
2025-09-30,2025_Poseidon_Partners_AmexCharges.xlsx,Unassigned / Allocation Required,FRAUD CREDIT,-21.39,FRAUD CREDIT,Suspense & Review,Unassigned / Allocation Required,Refund/credit/points; Same-file repeat — verify not double-entered (SFR-0028),Credit / refund / points — contra to original expense; confirm matching original charge.,40
2025-09-30,2025_Poseidon_Partners_AmexCharges.xlsx,Unassigned / Allocation Required,FRAUD CREDIT,-21.39,FRAUD CREDIT,Suspense & Review,Unassigned / Allocation Required,Refund/credit/points; Same-file repeat — verify not double-entered (SFR-0028),Credit / refund / points — contra to original expense; confirm matching original charge.,40
2025-09-12,2025_Poseidon_Partners_AmexCharges.xlsx,Unassigned / Allocation Required,THE UPS STORE 4398 LOS ANGELES CA,21.39,DWG Swag,Suspense & Review,Unassigned / Allocation Required,Unmapped category,Unmapped — assign to Suspense & Review pending classification.,40
2025-10-03,2025_Poseidon_Partners_AmexCharges.xlsx,Unassigned / Allocation Required,2418 AMC AMC MARINA MARINA DEL RE CA,21.15,Personal - Entertainment,Suspense & Review,Unassigned / Allocation Required,Personal item (category marked personal),Personal expense paid from business account — propose Due From Owner / Owner Distribution pending substantiation.,40
2026-06-09,MarJune_2026_Poseidon_Partners_Amex_Charges.xlsx,Poseidon Partners,COWBOY EXPRESS WEATHWEATHERFORD TX,21.0,Personal - Car,Auto,Poseidon Partners,Personal item (category marked personal),Personal expense paid from business account — propose Due From Owner / Owner Distribution pending substantiation.,76
2025-10-15,2025_Poseidon_Partners_AmexCharges.xlsx,Unassigned / Allocation Required,TACO BELL 034586 034WEATHERFORD TX,20.92,Personal - Food,Suspense & Review,Unassigned / Allocation Required,Personal item (category marked personal),Personal expense paid from business account — propose Due From Owner / Owner Distribution pending substantiation.,40
2025-12-09,2025_Poseidon_Partners_AmexCharges.xlsx,Unassigned / Allocation Required,CVS PHARMACY MONTGOMERY AL,20.89,Personal - Health,Suspense & Review,Unassigned / Allocation Required,Personal item (category marked personal),Personal expense paid from business account — propose Due From Owner / Owner Distribution pending substantiation.,40
2025-12-08,2025_Poseidon_Partners_AmexCharges.xlsx,Unassigned / Allocation Required,STARBUCKS STORE 1361LA GRANGE GA,20.89,Team Travel (Judd),Travel,Unassigned / Allocation Required,Entity unassigned,Entity could not be determined from source — allocate before consolidation.,40
2025-12-14,2025_Poseidon_Partners_AmexCharges.xlsx,Unassigned / Allocation Required,CVS PHARMACY LOS ANGELES CA,20.84,Personal - Health,Suspense & Review,Unassigned / Allocation Required,Personal item (category marked personal),Personal expense paid from business account — propose Due From Owner / Owner Distribution pending substantiation.,40
2025-09-30,2025_Poseidon_Partners_AmexCharges.xlsx,Unassigned / Allocation Required,FRAUD CREDIT,-20.8,FRAUD CREDIT,Suspense & Review,Unassigned / Allocation Required,Refund/credit/points; Same-file repeat — verify not double-entered (SFR-0029),Credit / refund / points — contra to original expense; confirm matching original charge.,40
2025-09-30,2025_Poseidon_Partners_AmexCharges.xlsx,Unassigned / Allocation Required,FRAUD CREDIT,-20.8,FRAUD CREDIT,Suspense & Review,Unassigned / Allocation Required,Refund/credit/points; Same-file repeat — verify not double-entered (SFR-0029),Credit / refund / points — contra to original expense; confirm matching original charge.,40
2025-09-30,2025_Poseidon_Partners_AmexCharges.xlsx,Unassigned / Allocation Required,FRAUD CREDIT,-20.8,FRAUD CREDIT,Suspense & Review,Unassigned / Allocation Required,Refund/credit/points; Same-file repeat — verify not double-entered (SFR-0029),Credit / refund / points — contra to original expense; confirm matching original charge.,40
2025-03-27,2025_Poseidon_Partners_AmexCharges.xlsx,Unassigned / Allocation Required,TST* BLUEYS KITCHEN LOS ANGELES CA,20.76,Personal - Food,Suspense & Review,Unassigned / Allocation Required,Personal item (category marked personal),Personal expense paid from business account — propose Due From Owner / Owner Distribution pending substantiation.,40
2025-07-13,2025_Poseidon_Partners_AmexCharges.xlsx,Unassigned / Allocation Required,AMAZON.COM AMZN.COM/BILL WA,20.73,Amazon,Office,Unassigned / Allocation Required,Entity unassigned,Entity could not be determined from source — allocate before consolidation.,40
2026-05-22,MarJune_2026_Poseidon_Partners_Amex_Charges.xlsx,Poseidon Partners,UNITED VALET PARKINGWEST HOLLYWOO CA,20.7,Personal - Car,Travel,Poseidon Partners,Personal item (category marked personal),Personal expense paid from business account — propose Due From Owner / Owner Distribution pending substantiation.,84
2025-06-05,2025_Poseidon_Partners_AmexCharges.xlsx,Unassigned / Allocation Required,VENICE LIQUOR 650000LOS ANGELES CA,20.63,Personal - Food,Suspense & Review,Unassigned / Allocation Required,Personal item (category marked personal),Personal expense paid from business account — propose Due From Owner / Owner Distribution pending substantiation.,40
2025-09-30,2025_Poseidon_Partners_AmexCharges.xlsx,Unassigned / Allocation Required,FRAUD CREDIT,-20.57,FRAUD CREDIT,Suspense & Review,Unassigned / Allocation Required,Refund/credit/points,Credit / refund / points — contra to original expense; confirm matching original charge.,40
2025-01-15,2025_Poseidon_Partners_AmexCharges.xlsx,Unassigned / Allocation Required,AMAZON.COM AMZN.COM/BILL WA,20.56,Amazon,Office,Unassigned / Allocation Required,Entity unassigned,Entity could not be determined from source — allocate before consolidation.,40
2025-03-06,2025_Poseidon_Partners_AmexCharges.xlsx,Unassigned / Allocation Required,COFFEE BEAN & TEA MARINA DEL RE CA,20.45,Personal - Food,Meals & Entertainment,Unassigned / Allocation Required,Personal item (category marked personal),Personal expense paid from business account — propose Due From Owner / Owner Distribution pending substantiation.,40
2025-12-18,2025_PlumCard_Dunnings.xlsx,DWG Capital Partners,I SALAD DELTA,20.42,Family Trip,Travel,DWG Capital Partners,Personal item (B/P flag = personal),Personal expense paid from business account — propose Due From Owner / Owner Distribution pending substantiation.,84
2025-08-21,2025_Poseidon_Partners_AmexCharges.xlsx,Unassigned / Allocation Required,TARGET WEATHERFORD TX,20.41,Personal - House,Suspense & Review,Unassigned / Allocation Required,Personal item (category marked personal),Personal expense paid from business account — propose Due From Owner / Owner Distribution pending substantiation.,40
2026-02-14,JanFeb_2026_Poseidon_Partners_Amex_Charges.xlsx,Poseidon Partners,HI-FI PIZZA PI LOS ANGELES CA,20.38,Personal - Food,Suspense & Review,Poseidon Partners,Personal item (category marked personal),Personal expense paid from business account — propose Due From Owner / Owner Distribution pending substantiation.,45
2025-12-14,2025_Poseidon_Partners_AmexCharges.xlsx,Unassigned / Allocation Required,THE NOVO Los Angeles CA,20.35,Personal - Entertainment,Suspense & Review,Unassigned / Allocation Required,Personal item (category marked personal),Personal expense paid from business account — propose Due From Owner / Owner Distribution pending substantiation.,40
2025-08-20,2025_Poseidon_Partners_AmexCharges.xlsx,Unassigned / Allocation Required,CHIPOTLE 2250 2250 WEATHERFORD TX,20.35,Personal - Food,Suspense & Review,Unassigned / Allocation Required,Personal item (category marked personal),Personal expense paid from business account — propose Due From Owner / Owner Distribution pending substantiation.,40
2026-01-24,JanFeb_2026_Poseidon_Partners_Amex_Charges.xlsx,Poseidon Partners,FATBURGER 46 LOS ANGELES CA,20.23,Personal - Food,Suspense & Review,Poseidon Partners,Personal item (category marked personal),Personal expense paid from business account — propose Due From Owner / Owner Distribution pending substantiation.,45
2026-01-21,JanFeb_2026_Poseidon_Partners_Amex_Charges.xlsx,Poseidon Partners,FATBURGER 46 LOS ANGELES CA,20.23,Personal - Food,Suspense & Review,Poseidon Partners,Personal item (category marked personal),Personal expense paid from business account — propose Due From Owner / Owner Distribution pending substantiation.,45
2025-06-06,2025_Poseidon_Partners_AmexCharges.xlsx,Unassigned / Allocation Required,ALANA'S COFFEE ROASTLos Angeles CA,20.12,Personal - Food,Meals & Entertainment,Unassigned / Allocation Required,Personal item (category marked personal),Personal expense paid from business account — propose Due From Owner / Owner Distribution pending substantiation.,40
2026-05-18,MarJune_2026_Poseidon_Partners_Amex_Charges.xlsx,Poseidon Partners,EDS LIQUOR AND MARKESANTA MONICA CA,20.03,Personal - Food,Suspense & Review,Poseidon Partners,Personal item (category marked personal),Personal expense paid from business account — propose Due From Owner / Owner Distribution pending substantiation.,45
2026-05-23,MarJune_2026_Poseidon_Partners_Amex_Charges.xlsx,Poseidon Partners,STARBUCKS 85549 STARLOS ANGELES CA,20.02,Personal -  Food,Meals & Entertainment,Poseidon Partners,Personal item (category marked personal),Personal expense paid from business account — propose Due From Owner / Owner Distribution pending substantiation.,82
2025-12-29,2025_Poseidon_Partners_AmexCharges.xlsx,Unassigned / Allocation Required,OPENAI *CHATGPT SUBSSAN FRANCISCO CA,20.0,AI Subscriptions,Software & Technology,Unassigned / Allocation Required,Entity unassigned,Entity could not be determined from source — allocate before consolidation.,40
2025-12-08,2025_Poseidon_Partners_AmexCharges.xlsx,Unassigned / Allocation Required,OPENAI *CHATGPT SUBSSAN FRANCISCO CA,20.0,AI Subscriptions,Software & Technology,Unassigned / Allocation Required,Entity unassigned,Entity could not be determined from source — allocate before consolidation.,40
2025-12-01,2025_Poseidon_Partners_AmexCharges.xlsx,Unassigned / Allocation Required,LOOM SUBSCRIPTION AUSTIN TX,20.0,Software & Subscriptions,Software & Technology,Unassigned / Allocation Required,Entity unassigned,Entity could not be determined from source — allocate before consolidation.,40
2025-11-29,2025_Poseidon_Partners_AmexCharges.xlsx,Unassigned / Allocation Required,OPENAI *CHATGPT SUBSSAN FRANCISCO CA,20.0,AI Subscriptions,Software & Technology,Unassigned / Allocation Required,Entity unassigned,Entity could not be determined from source — allocate before consolidation.,40
2025-11-08,2025_Poseidon_Partners_AmexCharges.xlsx,Unassigned / Allocation Required,OPENAI *CHATGPT SUBSSAN FRANCISCO CA,20.0,AI Subscriptions,Software & Technology,Unassigned / Allocation Required,Entity unassigned,Entity could not be determined from source — allocate before consolidation.,40
2025-11-01,2025_Poseidon_Partners_AmexCharges.xlsx,Unassigned / Allocation Required,LOOM SUBSCRIPTION AUSTIN TX,20.0,Software & Subscriptions,Software & Technology,Unassigned / Allocation Required,Entity unassigned,Entity could not be determined from source — allocate before consolidation.,40
2025-10-29,2025_Poseidon_Partners_AmexCharges.xlsx,Unassigned / Allocation Required,OPENAI *CHATGPT SUBSSAN FRANCISCO CA,20.0,AI Subscriptions,Software & Technology,Unassigned / Allocation Required,Entity unassigned,Entity could not be determined from source — allocate before consolidation.,40
2025-10-08,2025_Poseidon_Partners_AmexCharges.xlsx,Unassigned / Allocation Required,OPENAI *CHATGPT SUBSSAN FRANCISCO CA,20.0,AI Subscriptions,Software & Technology,Unassigned / Allocation Required,Entity unassigned,Entity could not be determined from source — allocate before consolidation.,40
2025-10-01,2025_Poseidon_Partners_AmexCharges.xlsx,Unassigned / Allocation Required,LOOM SUBSCRIPTION AUSTIN TX,20.0,Software & Subscriptions,Software & Technology,Unassigned / Allocation Required,Entity unassigned,Entity could not be determined from source — allocate before consolidation.,40
2025-09-29,2025_Poseidon_Partners_AmexCharges.xlsx,Unassigned / Allocation Required,OPENAI *CHATGPT SUBSSAN FRANCISCO CA,20.0,AI Subscriptions,Software & Technology,Unassigned / Allocation Required,Entity unassigned,Entity could not be determined from source — allocate before consolidation.,40
2025-09-08,2025_Poseidon_Partners_AmexCharges.xlsx,Unassigned / Allocation Required,OPENAI *CHATGPT SUBSSAN FRANCISCO CA,20.0,AI Subscriptions,Software & Technology,Unassigned / Allocation Required,Entity unassigned,Entity could not be determined from source — allocate before consolidation.,40
2025-09-01,2025_Poseidon_Partners_AmexCharges.xlsx,Unassigned / Allocation Required,LOOM SUBSCRIPTION AUSTIN TX,20.0,Software & Subscriptions,Software & Technology,Unassigned / Allocation Required,Entity unassigned,Entity could not be determined from source — allocate before consolidation.,40
2025-08-29,2025_Poseidon_Partners_AmexCharges.xlsx,Unassigned / Allocation Required,OPENAI *CHATGPT SUBSSAN FRANCISCO CA,20.0,AI Subscriptions,Software & Technology,Unassigned / Allocation Required,Entity unassigned,Entity could not be determined from source — allocate before consolidation.,40
2025-08-08,2025_Poseidon_Partners_AmexCharges.xlsx,Unassigned / Allocation Required,OPENAI *CHATGPT SUBSSAN FRANCISCO CA,20.0,AI Subscriptions,Software & Technology,Unassigned / Allocation Required,Entity unassigned,Entity could not be determined from source — allocate before consolidation.,40
2025-08-01,2025_Poseidon_Partners_AmexCharges.xlsx,Unassigned / Allocation Required,LOOM SUBSCRIPTION AUSTIN TX,20.0,Software & Subscriptions,Software & Technology,Unassigned / Allocation Required,Entity unassigned,Entity could not be determined from source — allocate before consolidation.,40
2025-07-29,2025_Poseidon_Partners_AmexCharges.xlsx,Unassigned / Allocation Required,OPENAI *CHATGPT SUBSSAN FRANCISCO CA,20.0,AI Subscriptions,Software & Technology,Unassigned / Allocation Required,Entity unassigned,Entity could not be determined from source — allocate before consolidation.,40
2025-07-08,2025_Poseidon_Partners_AmexCharges.xlsx,Unassigned / Allocation Required,OPENAI *CHATGPT SUBSSAN FRANCISCO CA,20.0,AI Subscriptions,Software & Technology,Unassigned / Allocation Required,Entity unassigned,Entity could not be determined from source — allocate before consolidation.,40
2025-07-01,2025_Poseidon_Partners_AmexCharges.xlsx,Unassigned / Allocation Required,LOOM SUBSCRIPTION AUSTIN TX,20.0,Software & Subscriptions,Software & Technology,Unassigned / Allocation Required,Entity unassigned,Entity could not be determined from source — allocate before consolidation.,40
2025-06-29,2025_Poseidon_Partners_AmexCharges.xlsx,Unassigned / Allocation Required,OPENAI *CHATGPT SUBSSAN FRANCISCO CA,20.0,AI Subscriptions,Software & Technology,Unassigned / Allocation Required,Entity unassigned,Entity could not be determined from source — allocate before consolidation.,40
2025-06-27,2025_Poseidon_Partners_AmexCharges.xlsx,Unassigned / Allocation Required,OPENAI *CHATGPT SUBSSAN FRANCISCO CA,20.0,AI Subscriptions,Software & Technology,Unassigned / Allocation Required,Entity unassigned,Entity could not be determined from source — allocate before consolidation.,40
2025-06-08,2025_Poseidon_Partners_AmexCharges.xlsx,Unassigned / Allocation Required,OPENAI *CHATGPT SUBSSAN FRANCISCO CA,20.0,AI Subscriptions,Software & Technology,Unassigned / Allocation Required,Entity unassigned,Entity could not be determined from source — allocate before consolidation.,40
2025-06-01,2025_Poseidon_Partners_AmexCharges.xlsx,Unassigned / Allocation Required,LOOM SUBSCRIPTION AUSTIN TX,20.0,Software & Subscriptions,Software & Technology,Unassigned / Allocation Required,Entity unassigned,Entity could not be determined from source — allocate before consolidation.,40
2025-05-29,2025_Poseidon_Partners_AmexCharges.xlsx,Unassigned / Allocation Required,OPENAI *CHATGPT SUBSSAN FRANCISCO CA,20.0,AI Subscriptions,Software & Technology,Unassigned / Allocation Required,Entity unassigned,Entity could not be determined from source — allocate before consolidation.,40
2025-05-27,2025_Poseidon_Partners_AmexCharges.xlsx,Unassigned / Allocation Required,OPENAI *CHATGPT SUBSSAN FRANCISCO CA,20.0,AI Subscriptions,Software & Technology,Unassigned / Allocation Required,Entity unassigned,Entity could not be determined from source — allocate before consolidation.,40
2025-05-08,2025_Poseidon_Partners_AmexCharges.xlsx,Unassigned / Allocation Required,OPENAI *CHATGPT SUBSSAN FRANCISCO CA,20.0,AI Subscriptions,Software & Technology,Unassigned / Allocation Required,Entity unassigned,Entity could not be determined from source — allocate before consolidation.,40
2025-05-01,2025_Poseidon_Partners_AmexCharges.xlsx,Unassigned / Allocation Required,LOOM SUBSCRIPTION SAN FRANCISCO CA,20.0,Software & Subscriptions,Software & Technology,Unassigned / Allocation Required,Entity unassigned,Entity could not be determined from source — allocate before consolidation.,40
2025-04-29,2025_Poseidon_Partners_AmexCharges.xlsx,Unassigned / Allocation Required,OPENAI *CHATGPT SUBSSAN FRANCISCO CA,20.0,AI Subscriptions,Software & Technology,Unassigned / Allocation Required,Entity unassigned,Entity could not be determined from source — allocate before consolidation.,40
2025-04-27,2025_Poseidon_Partners_AmexCharges.xlsx,Unassigned / Allocation Required,OPENAI *CHATGPT SUBSSAN FRANCISCO CA,20.0,AI Subscriptions,Software & Technology,Unassigned / Allocation Required,Entity unassigned,Entity could not be determined from source — allocate before consolidation.,40
2025-04-08,2025_Poseidon_Partners_AmexCharges.xlsx,Unassigned / Allocation Required,OPENAI *CHATGPT SUBSSAN FRANCISCO CA,20.0,AI Subscriptions,Software & Technology,Unassigned / Allocation Required,Entity unassigned,Entity could not be determined from source — allocate before consolidation.,40
2025-04-01,2025_Poseidon_Partners_AmexCharges.xlsx,Unassigned / Allocation Required,LOOM SUBSCRIPTION SAN FRANCISCO CA,20.0,Software & Subscriptions,Software & Technology,Unassigned / Allocation Required,Entity unassigned,Entity could not be determined from source — allocate before consolidation.,40
2025-03-30,2025_Poseidon_Partners_AmexCharges.xlsx,Unassigned / Allocation Required,PICKLED BY SHRED LLCRedondo Beach CA,20.0,Personal - Food,Professional Services,Unassigned / Allocation Required,Personal item (category marked personal),Personal expense paid from business account — propose Due From Owner / Owner Distribution pending substantiation.,40
2025-03-29,2025_Poseidon_Partners_AmexCharges.xlsx,Unassigned / Allocation Required,OPENAI *CHATGPT SUBSSAN FRANCISCO CA,20.0,AI Subscriptions,Software & Technology,Unassigned / Allocation Required,Entity unassigned,Entity could not be determined from source — allocate before consolidation.,40
2025-03-27,2025_Poseidon_Partners_AmexCharges.xlsx,Unassigned / Allocation Required,OPENAI *CHATGPT SUBSSAN FRANCISCO CA,20.0,AI Subscriptions,Software & Technology,Unassigned / Allocation Required,Entity unassigned,Entity could not be determined from source — allocate before consolidation.,40
2025-03-08,2025_Poseidon_Partners_AmexCharges.xlsx,Unassigned / Allocation Required,OPENAI *CHATGPT SUBSSAN FRANCISCO CA,20.0,AI Subscriptions,Software & Technology,Unassigned / Allocation Required,Entity unassigned,Entity could not be determined from source — allocate before consolidation.,40
2025-03-01,2025_Poseidon_Partners_AmexCharges.xlsx,Unassigned / Allocation Required,LOOM SUBSCRIPTION SAN FRANCISCO CA,20.0,Software & Subscriptions,Software & Technology,Unassigned / Allocation Required,Entity unassigned,Entity could not be determined from source — allocate before consolidation.,40
2025-02-28,2025_Poseidon_Partners_AmexCharges.xlsx,Unassigned / Allocation Required,OPENAI *CHATGPT SUBSSAN FRANCISCO CA,20.0,AI Subscriptions,Software & Technology,Unassigned / Allocation Required,Entity unassigned,Entity could not be determined from source — allocate before consolidation.,40
2025-02-27,2025_Poseidon_Partners_AmexCharges.xlsx,Unassigned / Allocation Required,OPENAI *CHATGPT SUBSSAN FRANCISCO CA,20.0,AI Subscriptions,Software & Technology,Unassigned / Allocation Required,Entity unassigned,Entity could not be determined from source — allocate before consolidation.,40
2025-02-08,2025_Poseidon_Partners_AmexCharges.xlsx,Unassigned / Allocation Required,OPENAI *CHATGPT SUBSSAN FRANCISCO CA,20.0,AI Subscriptions,Software & Technology,Unassigned / Allocation Required,Entity unassigned,Entity could not be determined from source — allocate before consolidation.,40
2025-02-01,2025_Poseidon_Partners_AmexCharges.xlsx,Unassigned / Allocation Required,LOOM SUBSCRIPTION SAN FRANCISCO CA,20.0,Software & Subscriptions,Software & Technology,Unassigned / Allocation Required,Entity unassigned,Entity could not be determined from source — allocate before consolidation.,40
2025-01-29,2025_Poseidon_Partners_AmexCharges.xlsx,Unassigned / Allocation Required,OPENAI *CHATGPT SUBSSAN FRANCISCO CA,20.0,AI Subscriptions,Software & Technology,Unassigned / Allocation Required,Entity unassigned,Entity could not be determined from source — allocate before consolidation.,40
2025-01-27,2025_Poseidon_Partners_AmexCharges.xlsx,Unassigned / Allocation Required,OPENAI *CHATGPT SUBSSAN FRANCISCO CA,20.0,AI Subscriptions,Software & Technology,Unassigned / Allocation Required,Entity unassigned,Entity could not be determined from source — allocate before consolidation.,40
2025-01-08,2025_Poseidon_Partners_AmexCharges.xlsx,Unassigned / Allocation Required,OPENAI *CHATGPT SUBSSAN FRANCISCO CA,20.0,AI Subscriptions,Software & Technology,Unassigned / Allocation Required,Entity unassigned,Entity could not be determined from source — allocate before consolidation.,40
2025-01-01,2025_Poseidon_Partners_AmexCharges.xlsx,Unassigned / Allocation Required,LOOM SUBSCRIPTION SAN FRANCISCO CA,20.0,Software & Subscriptions,Software & Technology,Unassigned / Allocation Required,Entity unassigned,Entity could not be determined from source — allocate before consolidation.,40
2025-06-17,2025_PlumCard_Dunnings.xlsx,DWG Capital Partners,DNH*GODADDY#37865867Tempe,19.97,Go Daddy,Suspense & Review,DWG Capital Partners,Unmapped category,Unmapped — assign to Suspense & Review pending classification.,45
2025-05-17,2025_PlumCard_Dunnings.xlsx,DWG Capital Partners,DNH*GODADDY#37506600Tempe,19.97,Go Daddy,Suspense & Review,DWG Capital Partners,Unmapped category,Unmapped — assign to Suspense & Review pending classification.,45
2025-04-17,2025_PlumCard_Dunnings.xlsx,DWG Capital Partners,DNH*GODADDY#37132236Tempe,19.97,Go Daddy,Suspense & Review,DWG Capital Partners,Unmapped category,Unmapped — assign to Suspense & Review pending classification.,45
2025-11-02,2025_Poseidon_Partners_AmexCharges.xlsx,Unassigned / Allocation Required,DNH*GODADDY#39371537Tempe AZ,19.97,Go Daddy,Suspense & Review,Unassigned / Allocation Required,Unmapped category,Unmapped — assign to Suspense & Review pending classification.,40
2025-10-02,2025_Poseidon_Partners_AmexCharges.xlsx,Unassigned / Allocation Required,DNH*GODADDY#39125988Tempe AZ,19.97,Go Daddy,Suspense & Review,Unassigned / Allocation Required,Unmapped category,Unmapped — assign to Suspense & Review pending classification.,40
2026-02-20,JanFeb_2026_Poseidon_Partners_Amex_Charges.xlsx,Poseidon Partners,DNH*GODADDY#40218006Tempe AZ,19.97,Go Daddy,Suspense & Review,Poseidon Partners,Unmapped category,Unmapped — assign to Suspense & Review pending classification.,45
2026-02-05,JanFeb_2026_Poseidon_Partners_Amex_Charges.xlsx,Poseidon Partners,DNH*GODADDY#40108633Tempe AZ,19.97,Go Daddy,Suspense & Review,Poseidon Partners,Unmapped category,Unmapped — assign to Suspense & Review pending classification.,45
2026-01-20,JanFeb_2026_Poseidon_Partners_Amex_Charges.xlsx,Poseidon Partners,DNH*GODADDY#39973748Tempe AZ,19.97,Go Daddy,Suspense & Review,Poseidon Partners,Unmapped category,Unmapped — assign to Suspense & Review pending classification.,45
2026-01-05,JanFeb_2026_Poseidon_Partners_Amex_Charges.xlsx,Poseidon Partners,DNH*GODADDY#39853772Tempe AZ,19.97,Go Daddy,Suspense & Review,Poseidon Partners,Unmapped category,Unmapped — assign to Suspense & Review pending classification.,45
2025-09-30,2025_Poseidon_Partners_AmexCharges.xlsx,Unassigned / Allocation Required,FRAUD CREDIT,-19.89,FRAUD CREDIT,Suspense & Review,Unassigned / Allocation Required,Refund/credit/points,Credit / refund / points — contra to original expense; confirm matching original charge.,40
2026-02-26,JanFeb_2026_Poseidon_Partners_Amex_Charges.xlsx,Poseidon Partners,ALANA'S COFFEE ROASTLos Angeles CA,19.84,Personal - Food,Meals & Entertainment,Poseidon Partners,Personal item (category marked personal),Personal expense paid from business account — propose Due From Owner / Owner Distribution pending substantiation.,82
2025-02-08,2025_Poseidon_Partners_AmexCharges.xlsx,Unassigned / Allocation Required,AMAZON MARKETPLACE NAMZN.COM/BILL WA,-19.83,Amazon,Office,Unassigned / Allocation Required,Refund/credit/points,Credit / refund / points — contra to original expense; confirm matching original charge.,40
2025-02-08,2025_Poseidon_Partners_AmexCharges.xlsx,Unassigned / Allocation Required,AMAZON MARKEPLACE NA PA,19.83,Amazon,Office,Unassigned / Allocation Required,Entity unassigned,Entity could not be determined from source — allocate before consolidation.,40
2025-08-25,2025_Poseidon_Partners_AmexCharges.xlsx,Unassigned / Allocation Required,TST* BRENNAN'S 30066MARINA DEL RE CA,19.77,Personal - Food,Suspense & Review,Unassigned / Allocation Required,Personal item (category marked personal),Personal expense paid from business account — propose Due From Owner / Owner Distribution pending substantiation.,40
2025-07-05,2025_Poseidon_Partners_AmexCharges.xlsx,Unassigned / Allocation Required,HOLLYWOOD BOWL 65000LOS ANGELES CA,19.76,Personal - Entertainment,Suspense & Review,Unassigned / Allocation Required,Personal item (category marked personal),Personal expense paid from business account — propose Due From Owner / Owner Distribution pending substantiation.,40
2026-02-14,JanFeb_2026_Poseidon_Partners_Amex_Charges.xlsx,Poseidon Partners,THE BELLWETHER Los Angeles CA,19.75,Personal - Entertainment,Suspense & Review,Poseidon Partners,Personal item (category marked personal),Personal expense paid from business account — propose Due From Owner / Owner Distribution pending substantiation.,45
2025-11-17,2025_Poseidon_Partners_AmexCharges.xlsx,Unassigned / Allocation Required,MED*CEDARS SINAI MEDLOS ANGELES CA,19.69,Personal - Health,Suspense & Review,Unassigned / Allocation Required,Personal item (category marked personal),Personal expense paid from business account — propose Due From Owner / Owner Distribution pending substantiation.,40
2025-07-02,2025_Poseidon_Partners_AmexCharges.xlsx,Unassigned / Allocation Required,ALANA'S COFFEE ROASTLos Angeles CA,19.55,Personal - Food,Meals & Entertainment,Unassigned / Allocation Required,Personal item (category marked personal),Personal expense paid from business account — propose Due From Owner / Owner Distribution pending substantiation.,40
2026-02-25,JanFeb_2026_Poseidon_Partners_Amex_Charges.xlsx,Poseidon Partners,ALANA'S COFFEE ROASTLos Angeles CA,19.55,Personal - Food,Meals & Entertainment,Poseidon Partners,Personal item (category marked personal),Personal expense paid from business account — propose Due From Owner / Owner Distribution pending substantiation.,82
2026-05-09,MarJune_2026_Poseidon_Partners_Amex_Charges.xlsx,Poseidon Partners,TST* INTELLIGENTSIA VENICE CA,19.55,Personal - Food,Suspense & Review,Poseidon Partners,Personal item (category marked personal),Personal expense paid from business account — propose Due From Owner / Owner Distribution pending substantiation.,45
2025-10-18,2025_Poseidon_Partners_AmexCharges.xlsx,Unassigned / Allocation Required,WALGREENS WEATHERFORD TX,19.48,Personal - Health,Suspense & Review,Unassigned / Allocation Required,Personal item (category marked personal),Personal expense paid from business account — propose Due From Owner / Owner Distribution pending substantiation.,40
2025-03-14,2025_Poseidon_Partners_AmexCharges.xlsx,Unassigned / Allocation Required,GELSON'S MARKETS MARINA DEL REY CA,19.48,Personal - Food,Suspense & Review,Unassigned / Allocation Required,Personal item (category marked personal),Personal expense paid from business account — propose Due From Owner / Owner Distribution pending substantiation.,40
2025-09-30,2025_Poseidon_Partners_AmexCharges.xlsx,Unassigned / Allocation Required,FRAUD CREDIT,-19.47,FRAUD CREDIT,Suspense & Review,Unassigned / Allocation Required,Refund/credit/points,Credit / refund / points — contra to original expense; confirm matching original charge.,40
2025-07-02,2025_Poseidon_Partners_AmexCharges.xlsx,Unassigned / Allocation Required,AMAZON MARKETPLACE NAMZN.COM/BILL WA,-19.47,Amazon,Office,Unassigned / Allocation Required,Refund/credit/points,Credit / refund / points — contra to original expense; confirm matching original charge.,40
2025-07-02,2025_Poseidon_Partners_AmexCharges.xlsx,Unassigned / Allocation Required,AMAZON MARKEPLACE NA PA,19.47,Amazon,Office,Unassigned / Allocation Required,Entity unassigned,Entity could not be determined from source — allocate before consolidation.,40
2025-02-03,2025_Poseidon_Partners_AmexCharges.xlsx,Unassigned / Allocation Required,AMAZON MARKETPLACE NAMZN.COM/BILL WA,-19.47,Amazon,Office,Unassigned / Allocation Required,Refund/credit/points,Credit / refund / points — contra to original expense; confirm matching original charge.,40
2025-02-03,2025_Poseidon_Partners_AmexCharges.xlsx,Unassigned / Allocation Required,AMAZON MARKEPLACE NA PA,19.47,Amazon,Office,Unassigned / Allocation Required,Entity unassigned,Entity could not be determined from source — allocate before consolidation.,40
2025-09-30,2025_Poseidon_Partners_AmexCharges.xlsx,Unassigned / Allocation Required,FRAUD CREDIT,-19.46,FRAUD CREDIT,Suspense & Review,Unassigned / Allocation Required,Refund/credit/points,Credit / refund / points — contra to original expense; confirm matching original charge.,40
2025-08-13,2025_Poseidon_Partners_AmexCharges.xlsx,Unassigned / Allocation Required,ROSA'S CAFE WEATHERFORD TX,19.11,Personal - Food,Suspense & Review,Unassigned / Allocation Required,Personal item (category marked personal),Personal expense paid from business account — propose Due From Owner / Owner Distribution pending substantiation.,40
2025-12-18,2025_PlumCard_Dunnings.xlsx,DWG Capital Partners,FRANKIE'S BARBEQUE 0DELTA,19.02,Family Trip,Travel,DWG Capital Partners,Personal item (B/P flag = personal),Personal expense paid from business account — propose Due From Owner / Owner Distribution pending substantiation.,84
2025-01-15,2025_Poseidon_Partners_AmexCharges.xlsx,Unassigned / Allocation Required,AMAZON MARKETPLACE NAMZN.COM/BILL WA,-18.98,Amazon,Office,Unassigned / Allocation Required,Refund/credit/points,Credit / refund / points — contra to original expense; confirm matching original charge.,40
2025-01-15,2025_Poseidon_Partners_AmexCharges.xlsx,Unassigned / Allocation Required,AMAZON MARKEPLACE NA PA,18.98,Amazon,Office,Unassigned / Allocation Required,Entity unassigned,Entity could not be determined from source — allocate before consolidation.,40
2025-02-20,2025_Poseidon_Partners_AmexCharges.xlsx,Unassigned / Allocation Required,DNH*GODADDY#35980114Tempe AZ,18.97,Go Daddy,Suspense & Review,Unassigned / Allocation Required,Unmapped category,Unmapped — assign to Suspense & Review pending classification.,40
2025-02-05,2025_Poseidon_Partners_AmexCharges.xlsx,Unassigned / Allocation Required,DNH*GODADDY#35667693Tempe AZ,18.97,Go Daddy,Suspense & Review,Unassigned / Allocation Required,Unmapped category,Unmapped — assign to Suspense & Review pending classification.,40
2025-01-20,2025_Poseidon_Partners_AmexCharges.xlsx,Unassigned / Allocation Required,DNH*GODADDY#35363339Tempe AZ,18.97,Go Daddy,Suspense & Review,Unassigned / Allocation Required,Unmapped category,Unmapped — assign to Suspense & Review pending classification.,40
2025-01-05,2025_Poseidon_Partners_AmexCharges.xlsx,Unassigned / Allocation Required,DNH*GODADDY#35060880Tempe AZ,18.97,Go Daddy,Suspense & Review,Unassigned / Allocation Required,Unmapped category,Unmapped — assign to Suspense & Review pending classification.,40
2025-11-27,2025_Poseidon_Partners_AmexCharges.xlsx,Unassigned / Allocation Required,VENICE LIQUOR 436845LOS ANGELES CA,18.86,Personal - Food,Suspense & Review,Unassigned / Allocation Required,Personal item (category marked personal),Personal expense paid from business account — propose Due From Owner / Owner Distribution pending substantiation.,40
2025-10-27,2025_Poseidon_Partners_AmexCharges.xlsx,Unassigned / Allocation Required,CHIPOTLE 2250 2250 WEATHERFORD TX,18.84,Personal - Food,Suspense & Review,Unassigned / Allocation Required,Personal item (category marked personal),Personal expense paid from business account — propose Due From Owner / Owner Distribution pending substantiation.,40
2025-09-30,2025_Poseidon_Partners_AmexCharges.xlsx,Unassigned / Allocation Required,FRAUD CREDIT,-18.77,FRAUD CREDIT,Suspense & Review,Unassigned / Allocation Required,Refund/credit/points,Credit / refund / points — contra to original expense; confirm matching original charge.,40
2026-01-02,JanJune_2026_Plum_Card_Amex_Charges.xlsx,DWG Capital Partners,Alana's Coffee Roasters,18.75,Personal - Food,Meals & Entertainment,DWG Capital Partners,Personal item (B/P flag = personal),Personal expense paid from business account — propose Due From Owner / Owner Distribution pending substantiation.,82
2026-02-17,JanFeb_2026_Poseidon_Partners_Amex_Charges.xlsx,Poseidon Partners,THE SS CO 0 LOS ANGELES CA,18.65,Personal,Suspense & Review,Poseidon Partners,Personal item (category marked personal),Personal expense paid from business account — propose Due From Owner / Owner Distribution pending substantiation.,45
2025-09-09,2025_Poseidon_Partners_AmexCharges.xlsx,Unassigned / Allocation Required,TST* SALT & STRAW - VENICE CA,18.48,Personal - Food,Suspense & Review,Unassigned / Allocation Required,Personal item (category marked personal),Personal expense paid from business account — propose Due From Owner / Owner Distribution pending substantiation.,40
2025-09-30,2025_Poseidon_Partners_AmexCharges.xlsx,Unassigned / Allocation Required,FRAUD CREDIT,-18.39,FRAUD CREDIT,Suspense & Review,Unassigned / Allocation Required,Refund/credit/points; Same-file repeat — verify not double-entered (SFR-0030),Credit / refund / points — contra to original expense; confirm matching original charge.,40
2025-09-30,2025_Poseidon_Partners_AmexCharges.xlsx,Unassigned / Allocation Required,FRAUD CREDIT,-18.39,FRAUD CREDIT,Suspense & Review,Unassigned / Allocation Required,Refund/credit/points; Same-file repeat — verify not double-entered (SFR-0030),Credit / refund / points — contra to original expense; confirm matching original charge.,40
2025-09-30,2025_Poseidon_Partners_AmexCharges.xlsx,Unassigned / Allocation Required,FRAUD CREDIT,-18.39,FRAUD CREDIT,Suspense & Review,Unassigned / Allocation Required,Refund/credit/points; Same-file repeat — verify not double-entered (SFR-0030),Credit / refund / points — contra to original expense; confirm matching original charge.,40
2025-05-18,2025_Poseidon_Partners_AmexCharges.xlsx,Unassigned / Allocation Required,TRX VAPE AND CIGAR 5DALLAS TX,18.39,Personal - Entertainment,Suspense & Review,Unassigned / Allocation Required,Personal item (category marked personal),Personal expense paid from business account — propose Due From Owner / Owner Distribution pending substantiation.,40
2025-09-30,2025_Poseidon_Partners_AmexCharges.xlsx,Unassigned / Allocation Required,FRAUD CREDIT,-18.35,FRAUD CREDIT,Suspense & Review,Unassigned / Allocation Required,Refund/credit/points,Credit / refund / points — contra to original expense; confirm matching original charge.,40
2025-08-21,2025_Poseidon_Partners_AmexCharges.xlsx,Unassigned / Allocation Required,PAR*SMOOTHIE KING SKDALLAS TX,18.15,Miami Investor Trip,Suspense & Review,Unassigned / Allocation Required,Unmapped category,Unmapped — assign to Suspense & Review pending classification.,40
2026-01-09,JanFeb_2026_Poseidon_Partners_Amex_Charges.xlsx,Poseidon Partners,ALANA'S COFFEE ROASTLos Angeles CA,18.11,Personal - Food,Meals & Entertainment,Poseidon Partners,Personal item (category marked personal),Personal expense paid from business account — propose Due From Owner / Owner Distribution pending substantiation.,82
2025-10-21,2025_Poseidon_Partners_AmexCharges.xlsx,Unassigned / Allocation Required,WALGREENS WEATHERFORD TX,17.99,Personal - Health,Suspense & Review,Unassigned / Allocation Required,Personal item (category marked personal),Personal expense paid from business account — propose Due From Owner / Owner Distribution pending substantiation.,40
2025-08-13,2025_Poseidon_Partners_AmexCharges.xlsx,Unassigned / Allocation Required,WALGREENS WEATHERFORD TX,17.99,Personal - Health,Suspense & Review,Unassigned / Allocation Required,Personal item (category marked personal),Personal expense paid from business account — propose Due From Owner / Owner Distribution pending substantiation.,40
2026-02-27,JanFeb_2026_Poseidon_Partners_Amex_Charges.xlsx,Poseidon Partners,DNH*GODADDY#40268371Tempe AZ,17.98,Go Daddy,Suspense & Review,Poseidon Partners,Unmapped category,Unmapped — assign to Suspense & Review pending classification.,45
2026-01-27,JanFeb_2026_Poseidon_Partners_Amex_Charges.xlsx,Poseidon Partners,DNH*GODADDY#40029577Tempe AZ,17.98,Go Daddy,Suspense & Review,Poseidon Partners,Unmapped category,Unmapped — assign to Suspense & Review pending classification.,45
2025-03-17,2025_PlumCard_Dunnings.xlsx,DWG Capital Partners,DNH*GODADDY#36521486Tempe,17.97,Go Daddy,Suspense & Review,DWG Capital Partners,Unmapped category,Unmapped — assign to Suspense & Review pending classification.,45
2025-12-20,2025_Poseidon_Partners_AmexCharges.xlsx,Unassigned / Allocation Required,DNH*GODADDY#39749794Tempe AZ,17.97,Go Daddy,Suspense & Review,Unassigned / Allocation Required,Unmapped category,Unmapped — assign to Suspense & Review pending classification.,40
2025-12-05,2025_Poseidon_Partners_AmexCharges.xlsx,Unassigned / Allocation Required,DNH*GODADDY#39628862Tempe AZ,17.97,Go Daddy,Suspense & Review,Unassigned / Allocation Required,Unmapped category,Unmapped — assign to Suspense & Review pending classification.,40
2025-11-20,2025_Poseidon_Partners_AmexCharges.xlsx,Unassigned / Allocation Required,DNH*GODADDY#39518694Tempe AZ,17.97,Go Daddy,Suspense & Review,Unassigned / Allocation Required,Unmapped category,Unmapped — assign to Suspense & Review pending classification.,40
2025-11-05,2025_Poseidon_Partners_AmexCharges.xlsx,Unassigned / Allocation Required,DNH*GODADDY#39398334Tempe AZ,17.97,Go Daddy,Suspense & Review,Unassigned / Allocation Required,Unmapped category,Unmapped — assign to Suspense & Review pending classification.,40
2025-10-20,2025_Poseidon_Partners_AmexCharges.xlsx,Unassigned / Allocation Required,DNH*GODADDY#39272024Tempe AZ,17.97,Go Daddy,Suspense & Review,Unassigned / Allocation Required,Unmapped category,Unmapped — assign to Suspense & Review pending classification.,40
2025-10-05,2025_Poseidon_Partners_AmexCharges.xlsx,Unassigned / Allocation Required,DNH*GODADDY#39150323Tempe AZ,17.97,Go Daddy,Suspense & Review,Unassigned / Allocation Required,Unmapped category,Unmapped — assign to Suspense & Review pending classification.,40
2025-09-20,2025_Poseidon_Partners_AmexCharges.xlsx,Unassigned / Allocation Required,DNH*GODADDY#38977995Tempe AZ,17.97,Go Daddy,Suspense & Review,Unassigned / Allocation Required,Unmapped category,Unmapped — assign to Suspense & Review pending classification.,40
2025-08-05,2025_Poseidon_Partners_AmexCharges.xlsx,Unassigned / Allocation Required,DNH*GODADDY#38430409Tempe AZ,17.97,Go Daddy,Suspense & Review,Unassigned / Allocation Required,Unmapped category,Unmapped — assign to Suspense & Review pending classification.,40
2025-07-05,2025_Poseidon_Partners_AmexCharges.xlsx,Unassigned / Allocation Required,DNH*GODADDY#38070961Tempe AZ,17.97,Go Daddy,Suspense & Review,Unassigned / Allocation Required,Unmapped category,Unmapped — assign to Suspense & Review pending classification.,40
2025-06-20,2025_Poseidon_Partners_AmexCharges.xlsx,Unassigned / Allocation Required,DNH*GODADDY#37898466Tempe AZ,17.97,Go Daddy,Suspense & Review,Unassigned / Allocation Required,Unmapped category,Unmapped — assign to Suspense & Review pending classification.,40
2025-06-05,2025_Poseidon_Partners_AmexCharges.xlsx,Unassigned / Allocation Required,DNH*GODADDY#37723686Tempe AZ,17.97,Go Daddy,Suspense & Review,Unassigned / Allocation Required,Unmapped category,Unmapped — assign to Suspense & Review pending classification.,40
2025-05-20,2025_Poseidon_Partners_AmexCharges.xlsx,Unassigned / Allocation Required,DNH*GODADDY#37538909Tempe AZ,17.97,Go Daddy,Suspense & Review,Unassigned / Allocation Required,Unmapped category,Unmapped — assign to Suspense & Review pending classification.,40
2025-05-05,2025_Poseidon_Partners_AmexCharges.xlsx,Unassigned / Allocation Required,DNH*GODADDY#37358457Tempe AZ,17.97,Go Daddy,Suspense & Review,Unassigned / Allocation Required,Unmapped category,Unmapped — assign to Suspense & Review pending classification.,40
2025-09-08,2025_Poseidon_Partners_AmexCharges.xlsx,Unassigned / Allocation Required,EGNYTE INC 000000001MOUNTAIN VIEW CA,17.63,DWG Operations,Suspense & Review,Unassigned / Allocation Required,Unmapped category,Unmapped — assign to Suspense & Review pending classification.,40
2025-10-01,2025_Poseidon_Partners_AmexCharges.xlsx,Unassigned / Allocation Required,TST* BLUEYS KITCHEN LOS ANGELES CA,17.61,Personal - Food,Suspense & Review,Unassigned / Allocation Required,Personal item (category marked personal),Personal expense paid from business account — propose Due From Owner / Owner Distribution pending substantiation.,40
2025-05-11,2025_Poseidon_Partners_AmexCharges.xlsx,Unassigned / Allocation Required,CVS PHARMACY LOS ANGELES CA,17.54,Personal - Health,Suspense & Review,Unassigned / Allocation Required,Personal item (category marked personal),Personal expense paid from business account — propose Due From Owner / Owner Distribution pending substantiation.,40
2025-05-15,2025_Poseidon_Partners_AmexCharges.xlsx,Unassigned / Allocation Required,STARBUCKS STORE 6932WEATHERFORD TX,17.43,Personal - Food,Meals & Entertainment,Unassigned / Allocation Required,Personal item (category marked personal),Personal expense paid from business account — propose Due From Owner / Owner Distribution pending substantiation.,40
2025-04-07,2025_PlumCard_Dunnings.xlsx,DWG Capital Partners,GRAN CAFE,17.35,Judd/Angela Italy Trip,Suspense & Review,DWG Capital Partners,Personal item (B/P flag = personal),Personal expense paid from business account — propose Due From Owner / Owner Distribution pending substantiation.,45
2025-04-02,2025_Poseidon_Partners_AmexCharges.xlsx,Unassigned / Allocation Required,RADIOTAXI PS 41 0016ROMA IT,17.33,Italy Trip (Judd/Angela),Suspense & Review,Unassigned / Allocation Required,Unmapped category,Unmapped — assign to Suspense & Review pending classification.,40
2025-09-30,2025_Poseidon_Partners_AmexCharges.xlsx,Unassigned / Allocation Required,FRAUD CREDIT,-17.31,FRAUD CREDIT,Suspense & Review,Unassigned / Allocation Required,Refund/credit/points; Same-file repeat — verify not double-entered (SFR-0031),Credit / refund / points — contra to original expense; confirm matching original charge.,40
2025-09-30,2025_Poseidon_Partners_AmexCharges.xlsx,Unassigned / Allocation Required,FRAUD CREDIT,-17.31,FRAUD CREDIT,Suspense & Review,Unassigned / Allocation Required,Refund/credit/points; Same-file repeat — verify not double-entered (SFR-0031),Credit / refund / points — contra to original expense; confirm matching original charge.,40
2025-06-19,2025_Poseidon_Partners_AmexCharges.xlsx,Unassigned / Allocation Required,AMAZON.COM AMZN.COM/BILL WA,17.31,Amazon,Office,Unassigned / Allocation Required,Entity unassigned,Entity could not be determined from source — allocate before consolidation.,40
2025-01-01,2025_Poseidon_Partners_AmexCharges.xlsx,Unassigned / Allocation Required,JOE & THE JUICE ST20RICHMOND CA,17.22,Personal - Food,Suspense & Review,Unassigned / Allocation Required,Personal item (category marked personal),Personal expense paid from business account — propose Due From Owner / Owner Distribution pending substantiation.,40
2025-01-25,2025_Poseidon_Partners_AmexCharges.xlsx,Unassigned / Allocation Required,AMAZON.COM AMZN.COM/BILL WA,17.09,Amazon,Office,Unassigned / Allocation Required,Entity unassigned,Entity could not be determined from source — allocate before consolidation.,40
2026-01-31,JanJune_2026_Plum_Card_Amex_Charges.xlsx,DWG Capital Partners,Coco's Tea Room & Bistro,17.08,Personal - Food,Suspense & Review,DWG Capital Partners,Personal item (B/P flag = personal),Personal expense paid from business account — propose Due From Owner / Owner Distribution pending substantiation.,45
2026-04-18,MarJune_2026_Poseidon_Partners_Amex_Charges.xlsx,Poseidon Partners,AMC MARINA MARKETPL MARINA DEL REY CA,17.08,Personal - Entertainment,Suspense & Review,Poseidon Partners,Personal item (category marked personal),Personal expense paid from business account — propose Due From Owner / Owner Distribution pending substantiation.,45
2025-09-28,2025_Poseidon_Partners_AmexCharges.xlsx,Unassigned / Allocation Required,LILY S MALIBU MALIBU CA,17.02,Personal - Food,Suspense & Review,Unassigned / Allocation Required,Personal item (category marked personal),Personal expense paid from business account — propose Due From Owner / Owner Distribution pending substantiation.,40
2025-06-29,2025_Poseidon_Partners_AmexCharges.xlsx,Unassigned / Allocation Required,TST* QUIXOTE 0012789SAN DIEGO CA,17.0,San Diego - Judd/Angela Trip,Suspense & Review,Unassigned / Allocation Required,Unmapped category,Unmapped — assign to Suspense & Review pending classification.,40
2025-08-17,2025_Poseidon_Partners_AmexCharges.xlsx,Unassigned / Allocation Required,WORLD MARKET #135 0FT. WORTH TX,16.99,Personal - House,Suspense & Review,Unassigned / Allocation Required,Personal item (category marked personal),Personal expense paid from business account — propose Due From Owner / Owner Distribution pending substantiation.,40
2025-02-25,2025_Poseidon_Partners_AmexCharges.xlsx,Unassigned / Allocation Required,DNH*GODADDY#36074509Tempe AZ,16.98,Go Daddy,Suspense & Review,Unassigned / Allocation Required,Unmapped category,Unmapped — assign to Suspense & Review pending classification.,40
2025-01-25,2025_Poseidon_Partners_AmexCharges.xlsx,Unassigned / Allocation Required,DNH*GODADDY#35456975Tempe AZ,16.98,Go Daddy,Suspense & Review,Unassigned / Allocation Required,Unmapped category,Unmapped — assign to Suspense & Review pending classification.,40
2025-01-18,2025_Poseidon_Partners_AmexCharges.xlsx,Unassigned / Allocation Required,DNH*GODADDY#35317086Tempe AZ,16.98,Go Daddy,Suspense & Review,Unassigned / Allocation Required,Unmapped category,Unmapped — assign to Suspense & Review pending classification.,40
2026-02-25,JanFeb_2026_Poseidon_Partners_Amex_Charges.xlsx,Poseidon Partners,DNH*GODADDY#40251923Tempe AZ,16.98,Go Daddy,Suspense & Review,Poseidon Partners,Unmapped category,Unmapped — assign to Suspense & Review pending classification.,45
2026-01-25,JanFeb_2026_Poseidon_Partners_Amex_Charges.xlsx,Poseidon Partners,DNH*GODADDY#40011625Tempe AZ,16.98,Go Daddy,Suspense & Review,Poseidon Partners,Unmapped category,Unmapped — assign to Suspense & Review pending classification.,45
2025-03-20,2025_Poseidon_Partners_AmexCharges.xlsx,Unassigned / Allocation Required,DNH*GODADDY#36573027Tempe AZ,16.97,Go Daddy,Suspense & Review,Unassigned / Allocation Required,Unmapped category,Unmapped — assign to Suspense & Review pending classification.,40
2025-03-05,2025_Poseidon_Partners_AmexCharges.xlsx,Unassigned / Allocation Required,DNH*GODADDY#36277461Tempe AZ,16.97,Go Daddy,Suspense & Review,Unassigned / Allocation Required,Unmapped category,Unmapped — assign to Suspense & Review pending classification.,40
2026-02-07,JanFeb_2026_Poseidon_Partners_Amex_Charges.xlsx,Poseidon Partners,Starbucks T4 N4 PHX Phoenix AZ,16.97,Personal - Food,Meals & Entertainment,Poseidon Partners,Personal item (category marked personal),Personal expense paid from business account — propose Due From Owner / Owner Distribution pending substantiation.,82
2025-12-11,2025_Poseidon_Partners_AmexCharges.xlsx,Unassigned / Allocation Required,TST* ONE LINE COFFEECOLUMBUS OH,16.96,Team Travel (Judd),Travel,Unassigned / Allocation Required,Entity unassigned,Entity could not be determined from source — allocate before consolidation.,40
2025-09-18,2025_Poseidon_Partners_AmexCharges.xlsx,Unassigned / Allocation Required,ALANA'S COFFEE ROASTLos Angeles CA,16.96,Personal - Food,Meals & Entertainment,Unassigned / Allocation Required,Personal item (category marked personal),Personal expense paid from business account — propose Due From Owner / Owner Distribution pending substantiation.,40
2025-11-02,2025_Poseidon_Partners_AmexCharges.xlsx,Unassigned / Allocation Required,CASA MANANA Fort Worth TX,16.8,Personal - Entertainment,Suspense & Review,Unassigned / Allocation Required,Personal item (category marked personal),Personal expense paid from business account — propose Due From Owner / Owner Distribution pending substantiation.,40
2025-09-30,2025_Poseidon_Partners_AmexCharges.xlsx,Unassigned / Allocation Required,FRAUD CREDIT,-16.77,FRAUD CREDIT,Suspense & Review,Unassigned / Allocation Required,Refund/credit/points; Same-file repeat — verify not double-entered (SFR-0032),Credit / refund / points — contra to original expense; confirm matching original charge.,40
2025-09-30,2025_Poseidon_Partners_AmexCharges.xlsx,Unassigned / Allocation Required,FRAUD CREDIT,-16.77,FRAUD CREDIT,Suspense & Review,Unassigned / Allocation Required,Refund/credit/points; Same-file repeat — verify not double-entered (SFR-0032),Credit / refund / points — contra to original expense; confirm matching original charge.,40
2025-09-04,2025_Poseidon_Partners_AmexCharges.xlsx,Unassigned / Allocation Required,KINDLE SVCS*C99GU6WM888-802-3080 WA,16.77,Costa Rica Trip,Suspense & Review,Unassigned / Allocation Required,Unmapped category,Unmapped — assign to Suspense & Review pending classification.,40
2025-06-27,2025_Poseidon_Partners_AmexCharges.xlsx,Unassigned / Allocation Required,AMAZON.COM AMZN.COM/BILL WA,16.44,Amazon,Office,Unassigned / Allocation Required,Entity unassigned,Entity could not be determined from source — allocate before consolidation.,40
2025-02-11,2025_Poseidon_Partners_AmexCharges.xlsx,Unassigned / Allocation Required,Amazon Prime Amazon.com WA,16.41,Amazon,Office,Unassigned / Allocation Required,Entity unassigned,Entity could not be determined from source — allocate before consolidation.,40
2026-01-17,JanFeb_2026_Poseidon_Partners_Amex_Charges.xlsx,Poseidon Partners,BAJA FRESH 30675 MARINA DEL RE CA,16.25,Personal - Food,Suspense & Review,Poseidon Partners,Personal item (category marked personal),Personal expense paid from business account — propose Due From Owner / Owner Distribution pending substantiation.,45
2025-10-06,2025_Poseidon_Partners_AmexCharges.xlsx,Unassigned / Allocation Required,Amazon Prime Amazon.com WA,16.23,Amazon,Office,Unassigned / Allocation Required,Entity unassigned,Entity could not be determined from source — allocate before consolidation.,40
2025-09-30,2025_Poseidon_Partners_AmexCharges.xlsx,Unassigned / Allocation Required,FRAUD CREDIT,-16.23,FRAUD CREDIT,Suspense & Review,Unassigned / Allocation Required,Refund/credit/points,Credit / refund / points — contra to original expense; confirm matching original charge.,40
2025-09-06,2025_Poseidon_Partners_AmexCharges.xlsx,Unassigned / Allocation Required,Amazon Prime Amazon.com WA,16.23,Amazon,Office,Unassigned / Allocation Required,Entity unassigned,Entity could not be determined from source — allocate before consolidation.,40
2025-08-06,2025_Poseidon_Partners_AmexCharges.xlsx,Unassigned / Allocation Required,Amazon Prime Amazon.com WA,16.23,Amazon,Office,Unassigned / Allocation Required,Entity unassigned,Entity could not be determined from source — allocate before consolidation.,40
2025-07-06,2025_Poseidon_Partners_AmexCharges.xlsx,Unassigned / Allocation Required,Amazon Prime Amazon.com WA,16.23,Amazon,Office,Unassigned / Allocation Required,Entity unassigned,Entity could not be determined from source — allocate before consolidation.,40
2025-06-06,2025_Poseidon_Partners_AmexCharges.xlsx,Unassigned / Allocation Required,Amazon Prime Amazon.com WA,16.23,Amazon,Office,Unassigned / Allocation Required,Entity unassigned,Entity could not be determined from source — allocate before consolidation.,40
2025-05-06,2025_Poseidon_Partners_AmexCharges.xlsx,Unassigned / Allocation Required,Amazon Prime Amazon.com WA,16.23,Amazon,Office,Unassigned / Allocation Required,Entity unassigned,Entity could not be determined from source — allocate before consolidation.,40
2025-04-06,2025_Poseidon_Partners_AmexCharges.xlsx,Unassigned / Allocation Required,Amazon Prime Amazon.com WA,16.23,Amazon,Office,Unassigned / Allocation Required,Entity unassigned,Entity could not be determined from source — allocate before consolidation.,40
2025-03-05,2025_Poseidon_Partners_AmexCharges.xlsx,Unassigned / Allocation Required,Amazon Prime Amazon.com WA,16.23,Amazon,Office,Unassigned / Allocation Required,Entity unassigned,Entity could not be determined from source — allocate before consolidation.,40
2025-02-06,2025_Poseidon_Partners_AmexCharges.xlsx,Unassigned / Allocation Required,Amazon Prime Amazon.com WA,16.23,Amazon,Office,Unassigned / Allocation Required,Entity unassigned,Entity could not be determined from source — allocate before consolidation.,40
2025-01-30,2025_Poseidon_Partners_AmexCharges.xlsx,Unassigned / Allocation Required,KINDLE SVCS*Z75E34QD888-802-3080 WA,16.23,Personal - Entertainment,Suspense & Review,Unassigned / Allocation Required,Personal item (category marked personal),Personal expense paid from business account — propose Due From Owner / Owner Distribution pending substantiation.,40
2025-01-06,2025_Poseidon_Partners_AmexCharges.xlsx,Unassigned / Allocation Required,Amazon Prime Amazon.com WA,16.23,Amazon,Office,Unassigned / Allocation Required,Entity unassigned,Entity could not be determined from source — allocate before consolidation.,40
2025-09-26,2025_Poseidon_Partners_AmexCharges.xlsx,Unassigned / Allocation Required,HOLLYWOOD BOWL 65000LOS ANGELES CA,16.22,Personal - Entertainment,Suspense & Review,Unassigned / Allocation Required,Personal item (category marked personal),Personal expense paid from business account — propose Due From Owner / Owner Distribution pending substantiation.,40
2026-03-30,MarJune_2026_Poseidon_Partners_Amex_Charges.xlsx,Poseidon Partners,PAVILHAO CHINES LISBOA,16.12,Judd & Angela - Portugal,Suspense & Review,Poseidon Partners,Unmapped category,Unmapped — assign to Suspense & Review pending classification.,45
2025-09-06,2025_Poseidon_Partners_AmexCharges.xlsx,Unassigned / Allocation Required,STARBUCKS KIOSKO AERALAJUELA AL,16.0,Costa Rica Trip,Meals & Entertainment,Unassigned / Allocation Required,Entity unassigned,Entity could not be determined from source — allocate before consolidation.,40
2025-05-12,2025_Poseidon_Partners_AmexCharges.xlsx,Unassigned / Allocation Required,AA LAX CURB LOS ANGELES CA,16.0,Team Travel (Judd),Travel,Unassigned / Allocation Required,Entity unassigned,Entity could not be determined from source — allocate before consolidation.,40
2025-06-13,2025_PlumCard_Dunnings.xlsx,DWG Capital Partners,DNH*GODADDY#37821793Tempe,15.98,Go Daddy,Suspense & Review,DWG Capital Partners,Unmapped category,Unmapped — assign to Suspense & Review pending classification.,45
2025-05-13,2025_PlumCard_Dunnings.xlsx,DWG Capital Partners,DNH*GODADDY#37457245Tempe,15.98,Go Daddy,Suspense & Review,DWG Capital Partners,Unmapped category,Unmapped — assign to Suspense & Review pending classification.,45
2025-04-13,2025_PlumCard_Dunnings.xlsx,DWG Capital Partners,DNH*GODADDY#37054810Tempe,15.98,Go Daddy,Suspense & Review,DWG Capital Partners,Unmapped category,Unmapped — assign to Suspense & Review pending classification.,45
2025-03-13,2025_PlumCard_Dunnings.xlsx,DWG Capital Partners,DNH*GODADDY#36430405Tempe,15.98,Go Daddy,Suspense & Review,DWG Capital Partners,Unmapped category,Unmapped — assign to Suspense & Review pending classification.,45
2025-02-13,2025_PlumCard_Dunnings.xlsx,DWG Capital Partners,DNH*GODADDY#35846443Tempe,15.98,Go Daddy,Suspense & Review,DWG Capital Partners,Unmapped category,Unmapped — assign to Suspense & Review pending classification.,45
2025-01-13,2025_PlumCard_Dunnings.xlsx,DWG Capital Partners,DNH*GODADDY#35227931Tempe,15.98,Go Daddy,Suspense & Review,DWG Capital Partners,Unmapped category,Unmapped — assign to Suspense & Review pending classification.,45
2025-12-25,2025_Poseidon_Partners_AmexCharges.xlsx,Unassigned / Allocation Required,DNH*GODADDY#39778629Tempe AZ,15.98,Go Daddy,Suspense & Review,Unassigned / Allocation Required,Unmapped category,Unmapped — assign to Suspense & Review pending classification.,40
2025-11-25,2025_Poseidon_Partners_AmexCharges.xlsx,Unassigned / Allocation Required,DNH*GODADDY#39552819Tempe AZ,15.98,Go Daddy,Suspense & Review,Unassigned / Allocation Required,Unmapped category,Unmapped — assign to Suspense & Review pending classification.,40
2025-10-25,2025_Poseidon_Partners_AmexCharges.xlsx,Unassigned / Allocation Required,DNH*GODADDY#39313185Tempe AZ,15.98,Go Daddy,Suspense & Review,Unassigned / Allocation Required,Unmapped category,Unmapped — assign to Suspense & Review pending classification.,40
2025-09-25,2025_Poseidon_Partners_AmexCharges.xlsx,Unassigned / Allocation Required,DNH*GODADDY#39035947Tempe AZ,15.98,Go Daddy,Suspense & Review,Unassigned / Allocation Required,Unmapped category,Unmapped — assign to Suspense & Review pending classification.,40
2025-06-25,2025_Poseidon_Partners_AmexCharges.xlsx,Unassigned / Allocation Required,DNH*GODADDY#37958647Tempe AZ,15.98,Go Daddy,Suspense & Review,Unassigned / Allocation Required,Unmapped category,Unmapped — assign to Suspense & Review pending classification.,40
2025-06-18,2025_Poseidon_Partners_AmexCharges.xlsx,Unassigned / Allocation Required,DNH*GODADDY#37875102Tempe AZ,15.98,Go Daddy,Suspense & Review,Unassigned / Allocation Required,Unmapped category,Unmapped — assign to Suspense & Review pending classification.,40
2025-05-25,2025_Poseidon_Partners_AmexCharges.xlsx,Unassigned / Allocation Required,DNH*GODADDY#37606538Tempe AZ,15.98,Go Daddy,Suspense & Review,Unassigned / Allocation Required,Unmapped category,Unmapped — assign to Suspense & Review pending classification.,40
2025-05-18,2025_Poseidon_Partners_AmexCharges.xlsx,Unassigned / Allocation Required,DNH*GODADDY#37515664Tempe AZ,15.98,Go Daddy,Suspense & Review,Unassigned / Allocation Required,Unmapped category,Unmapped — assign to Suspense & Review pending classification.,40
2025-03-25,2025_Poseidon_Partners_AmexCharges.xlsx,Unassigned / Allocation Required,DNH*GODADDY#36697726Tempe AZ,15.98,Go Daddy,Suspense & Review,Unassigned / Allocation Required,Unmapped category,Unmapped — assign to Suspense & Review pending classification.,40
2025-03-18,2025_Poseidon_Partners_AmexCharges.xlsx,Unassigned / Allocation Required,DNH*GODADDY#36541635Tempe AZ,15.98,Go Daddy,Suspense & Review,Unassigned / Allocation Required,Unmapped category,Unmapped — assign to Suspense & Review pending classification.,40
2025-08-10,2025_Poseidon_Partners_AmexCharges.xlsx,Unassigned / Allocation Required,STARBUCKS 85549 STARLOS ANGELES CA,15.91,Personal - Food,Meals & Entertainment,Unassigned / Allocation Required,Personal item (category marked personal),Personal expense paid from business account — propose Due From Owner / Owner Distribution pending substantiation.,40
2025-10-18,2025_Poseidon_Partners_AmexCharges.xlsx,Unassigned / Allocation Required,FILM ALLEY- WEATHERF817-3413232 TX,15.86,Personal - Entertainment,Suspense & Review,Unassigned / Allocation Required,Personal item (category marked personal),Personal expense paid from business account — propose Due From Owner / Owner Distribution pending substantiation.,40
2025-05-28,2025_Poseidon_Partners_AmexCharges.xlsx,Unassigned / Allocation Required,GROVE DFW RED MANGO DALLAS TX,15.63,Personal - Food,Suspense & Review,Unassigned / Allocation Required,Personal item (category marked personal),Personal expense paid from business account — propose Due From Owner / Owner Distribution pending substantiation.,40
2026-03-26,MarJune_2026_Poseidon_Partners_Amex_Charges.xlsx,Poseidon Partners,NICHE Marina Del Rey CA,15.6,Personal - Entertainment,Suspense & Review,Poseidon Partners,Personal item (category marked personal),Personal expense paid from business account — propose Due From Owner / Owner Distribution pending substantiation.,45
2025-09-30,2025_Poseidon_Partners_AmexCharges.xlsx,Unassigned / Allocation Required,FRAUD CREDIT,-15.56,FRAUD CREDIT,Suspense & Review,Unassigned / Allocation Required,Refund/credit/points,Credit / refund / points — contra to original expense; confirm matching original charge.,40
2025-03-06,2025_Poseidon_Partners_AmexCharges.xlsx,Unassigned / Allocation Required,AMC MARINA MARKETPL MARINA DEL REY CA,15.48,Personal - Entertainment,Suspense & Review,Unassigned / Allocation Required,Personal item (category marked personal),Personal expense paid from business account — propose Due From Owner / Owner Distribution pending substantiation.,40
2026-03-25,MarJune_2026_Poseidon_Partners_Amex_Charges.xlsx,Poseidon Partners,1720 068880021820357LOS ANGELES CA,15.28,Personal - Food,Suspense & Review,Poseidon Partners,Personal item (category marked personal),Personal expense paid from business account — propose Due From Owner / Owner Distribution pending substantiation.,45
2025-02-06,2025_Poseidon_Partners_AmexCharges.xlsx,Unassigned / Allocation Required,KINDLE SVCS*7C6HC7GH888-802-3080 WA,15.14,Personal - Entertainment,Suspense & Review,Unassigned / Allocation Required,Personal item (category marked personal),Personal expense paid from business account — propose Due From Owner / Owner Distribution pending substantiation.,40
2025-06-07,2025_Poseidon_Partners_AmexCharges.xlsx,Unassigned / Allocation Required,VENICE LIQUOR 650000LOS ANGELES CA,15.12,Personal - Food,Suspense & Review,Unassigned / Allocation Required,Personal item (category marked personal),Personal expense paid from business account — propose Due From Owner / Owner Distribution pending substantiation.,40
2025-12-19,2025_PlumCard_Dunnings.xlsx,DWG Capital Partners,NETGEAR INC,15.0,Family Trip,Travel,DWG Capital Partners,Personal item (B/P flag = personal),Personal expense paid from business account — propose Due From Owner / Owner Distribution pending substantiation.,60
2025-09-17,2025_Poseidon_Partners_AmexCharges.xlsx,Unassigned / Allocation Required,WLA SPEEDWASH LOS ANGELES CA,15.0,Personal - Car,Auto,Unassigned / Allocation Required,Personal item (category marked personal),Personal expense paid from business account — propose Due From Owner / Owner Distribution pending substantiation.,40
2026-03-06,MarJune_2026_Poseidon_Partners_Amex_Charges.xlsx,Poseidon Partners,ATHENA PARKING CLARKLOS ANGELES CA,15.0,Personal - Car,Auto,Poseidon Partners,Personal item (category marked personal),Personal expense paid from business account — propose Due From Owner / Owner Distribution pending substantiation.,76
2025-02-02,2025_PlumCard_Dunnings.xlsx,DWG Capital Partners,DNH*GODADDY#35604281Tempe,14.98,Go Daddy,Suspense & Review,DWG Capital Partners,Unmapped category,Unmapped — assign to Suspense & Review pending classification.,45
2025-01-02,2025_PlumCard_Dunnings.xlsx,DWG Capital Partners,DNH*GODADDY#35011484Tempe,14.98,Go Daddy,Suspense & Review,DWG Capital Partners,Unmapped category,Unmapped — assign to Suspense & Review pending classification.,45
2025-02-17,2025_Poseidon_Partners_AmexCharges.xlsx,Unassigned / Allocation Required,DNH*GODADDY#35911509Tempe AZ,14.98,Go Daddy,Suspense & Review,Unassigned / Allocation Required,Unmapped category,Unmapped — assign to Suspense & Review pending classification.,40
2025-01-17,2025_Poseidon_Partners_AmexCharges.xlsx,Unassigned / Allocation Required,DNH*GODADDY#35300941Tempe AZ,14.98,Go Daddy,Suspense & Review,Unassigned / Allocation Required,Unmapped category,Unmapped — assign to Suspense & Review pending classification.,40
2026-01-21,JanFeb_2026_Poseidon_Partners_Amex_Charges.xlsx,Poseidon Partners,MONTAGE LAGUNA BEACHLAGUNA BEACH CA,14.78,Personal - Car,Auto,Poseidon Partners,Personal item (category marked personal),Personal expense paid from business account — propose Due From Owner / Owner Distribution pending substantiation.,76
2025-10-09,2025_Poseidon_Partners_AmexCharges.xlsx,Unassigned / Allocation Required,COLORADO CC DPAC CONDENVER CO,14.75,Denver Trip,Suspense & Review,Unassigned / Allocation Required,Unmapped category,Unmapped — assign to Suspense & Review pending classification.,40
2025-03-02,2025_Poseidon_Partners_AmexCharges.xlsx,Unassigned / Allocation Required,LAX AIRP CROWNS LAX LOS ANGELES CA,14.46,Team Travel (Judd),Travel,Unassigned / Allocation Required,Entity unassigned,Entity could not be determined from source — allocate before consolidation.,40
2025-06-08,2025_Poseidon_Partners_AmexCharges.xlsx,Unassigned / Allocation Required,CVS PHARMACY LOS ANGELES CA,14.44,Personal - Health,Suspense & Review,Unassigned / Allocation Required,Personal item (category marked personal),Personal expense paid from business account — propose Due From Owner / Owner Distribution pending substantiation.,40
2025-08-30,2025_Poseidon_Partners_AmexCharges.xlsx,Unassigned / Allocation Required,ZARPE O QUE GUACIMA ALAJUELA AL,14.42,Costa Rica Trip,Suspense & Review,Unassigned / Allocation Required,Unmapped category,Unmapped — assign to Suspense & Review pending classification.,40
2025-09-25,2025_Poseidon_Partners_AmexCharges.xlsx,Unassigned / Allocation Required,ALANA'S COFFEE ROASTLos Angeles CA,14.25,Personal - Food,Meals & Entertainment,Unassigned / Allocation Required,Personal item (category marked personal),Personal expense paid from business account — propose Due From Owner / Owner Distribution pending substantiation.,40
2025-03-08,2025_Poseidon_Partners_AmexCharges.xlsx,Unassigned / Allocation Required,ALANA'S COFFEE ROASTLos Angeles CA,14.25,Personal - Food,Meals & Entertainment,Unassigned / Allocation Required,Personal item (category marked personal),Personal expense paid from business account — propose Due From Owner / Owner Distribution pending substantiation.,40
2025-12-14,2025_Poseidon_Partners_AmexCharges.xlsx,Unassigned / Allocation Required,THE NOVO Los Angeles CA,14.24,Personal - Entertainment,Suspense & Review,Unassigned / Allocation Required,Personal item (category marked personal),Personal expense paid from business account — propose Due From Owner / Owner Distribution pending substantiation.,40
2025-09-30,2025_Poseidon_Partners_AmexCharges.xlsx,Unassigned / Allocation Required,FRAUD CREDIT,-14.24,FRAUD CREDIT,Suspense & Review,Unassigned / Allocation Required,Refund/credit/points,Credit / refund / points — contra to original expense; confirm matching original charge.,40
2025-08-13,2025_Poseidon_Partners_AmexCharges.xlsx,Unassigned / Allocation Required,STARBUCKS D15 MIAMI FL,14.12,Miami Investor Trip,Meals & Entertainment,Unassigned / Allocation Required,Entity unassigned,Entity could not be determined from source — allocate before consolidation.,40
2025-07-01,2025_Poseidon_Partners_AmexCharges.xlsx,Unassigned / Allocation Required,ALANA'S COFFEE ROASTLos Angeles CA,14.09,Personal - Food,Meals & Entertainment,Unassigned / Allocation Required,Personal item (category marked personal),Personal expense paid from business account — propose Due From Owner / Owner Distribution pending substantiation.,40
2025-07-25,2025_Poseidon_Partners_AmexCharges.xlsx,Unassigned / Allocation Required,PRIME VIDEO CHANNELSAMZN.COM/BILL WA,14.06,Amazon,Office,Unassigned / Allocation Required,Entity unassigned,Entity could not be determined from source — allocate before consolidation.,40
2025-06-25,2025_Poseidon_Partners_AmexCharges.xlsx,Unassigned / Allocation Required,PRIME VIDEO CHANNELSAMZN.COM/BILL WA,14.06,Amazon,Office,Unassigned / Allocation Required,Entity unassigned,Entity could not be determined from source — allocate before consolidation.,40
2025-01-30,2025_Poseidon_Partners_AmexCharges.xlsx,Unassigned / Allocation Required,KINDLE SVCS*Z76S026M888-802-3080 WA,14.05,Personal - Entertainment,Suspense & Review,Unassigned / Allocation Required,Personal item (category marked personal),Personal expense paid from business account — propose Due From Owner / Owner Distribution pending substantiation.,40
2025-12-12,2025_Poseidon_Partners_AmexCharges.xlsx,Unassigned / Allocation Required,CONTACTS+ HUNTINGTON BEACH CA,13.99,Personal - Health,Suspense & Review,Unassigned / Allocation Required,Personal item (category marked personal),Personal expense paid from business account — propose Due From Owner / Owner Distribution pending substantiation.,40
2025-11-03,2025_Poseidon_Partners_AmexCharges.xlsx,Unassigned / Allocation Required,CONTACTS+ HUNTINGTON BEACH CA,13.99,Personal - Health,Suspense & Review,Unassigned / Allocation Required,Personal item (category marked personal),Personal expense paid from business account — propose Due From Owner / Owner Distribution pending substantiation.,40
2025-10-03,2025_Poseidon_Partners_AmexCharges.xlsx,Unassigned / Allocation Required,CONTACTS+ HUNTINGTON BEACH CA,13.99,Personal - Health,Suspense & Review,Unassigned / Allocation Required,Personal item (category marked personal),Personal expense paid from business account — propose Due From Owner / Owner Distribution pending substantiation.,40
2025-09-03,2025_Poseidon_Partners_AmexCharges.xlsx,Unassigned / Allocation Required,CONTACTS+ HUNTINGTON BEACH CA,13.99,Personal - Health,Suspense & Review,Unassigned / Allocation Required,Personal item (category marked personal),Personal expense paid from business account — propose Due From Owner / Owner Distribution pending substantiation.,40
2025-08-03,2025_Poseidon_Partners_AmexCharges.xlsx,Unassigned / Allocation Required,CONTACTS+ HUNTINGTON BEACH CA,13.99,Personal - Health,Suspense & Review,Unassigned / Allocation Required,Personal item (category marked personal),Personal expense paid from business account — propose Due From Owner / Owner Distribution pending substantiation.,40
2025-07-03,2025_Poseidon_Partners_AmexCharges.xlsx,Unassigned / Allocation Required,CONTACTS+ HUNTINGTON BEACH CA,13.99,Personal - Health,Suspense & Review,Unassigned / Allocation Required,Personal item (category marked personal),Personal expense paid from business account — propose Due From Owner / Owner Distribution pending substantiation.,40
2025-06-03,2025_Poseidon_Partners_AmexCharges.xlsx,Unassigned / Allocation Required,CONTACTS+ HUNTINGTON BEACH CA,13.99,Personal - Health,Suspense & Review,Unassigned / Allocation Required,Personal item (category marked personal),Personal expense paid from business account — propose Due From Owner / Owner Distribution pending substantiation.,40
2025-05-03,2025_Poseidon_Partners_AmexCharges.xlsx,Unassigned / Allocation Required,CONTACTS+ HUNTINGTON BEACH CA,13.99,Personal - Health,Suspense & Review,Unassigned / Allocation Required,Personal item (category marked personal),Personal expense paid from business account — propose Due From Owner / Owner Distribution pending substantiation.,40
2025-04-03,2025_Poseidon_Partners_AmexCharges.xlsx,Unassigned / Allocation Required,CONTACTS+ HUNTINGTON BEACH CA,13.99,Personal - Health,Suspense & Review,Unassigned / Allocation Required,Personal item (category marked personal),Personal expense paid from business account — propose Due From Owner / Owner Distribution pending substantiation.,40
2025-03-03,2025_Poseidon_Partners_AmexCharges.xlsx,Unassigned / Allocation Required,CONTACTS+ HUNTINGTON BEACH CA,13.99,Personal - Health,Suspense & Review,Unassigned / Allocation Required,Personal item (category marked personal),Personal expense paid from business account — propose Due From Owner / Owner Distribution pending substantiation.,40
2025-02-03,2025_Poseidon_Partners_AmexCharges.xlsx,Unassigned / Allocation Required,CONTACTS+ HUNTINGTON BEACH CA,13.99,Personal - Health,Suspense & Review,Unassigned / Allocation Required,Personal item (category marked personal),Personal expense paid from business account — propose Due From Owner / Owner Distribution pending substantiation.,40
2025-01-13,2025_Poseidon_Partners_AmexCharges.xlsx,Unassigned / Allocation Required,AMAZON.COM AMZN.COM/BILL WA,13.99,Amazon,Office,Unassigned / Allocation Required,Entity unassigned,Entity could not be determined from source — allocate before consolidation.,40
2025-01-03,2025_Poseidon_Partners_AmexCharges.xlsx,Unassigned / Allocation Required,CONTACTS+ HUNTINGTON BEACH CA,13.99,Personal - Health,Suspense & Review,Unassigned / Allocation Required,Personal item (category marked personal),Personal expense paid from business account — propose Due From Owner / Owner Distribution pending substantiation.,40
2026-02-03,JanFeb_2026_Poseidon_Partners_Amex_Charges.xlsx,Poseidon Partners,CONTACTS+ HUNTINGTON BEACH CA,13.99,Personal - Health,Suspense & Review,Poseidon Partners,Personal item (category marked personal),Personal expense paid from business account — propose Due From Owner / Owner Distribution pending substantiation.,45
2026-01-03,JanFeb_2026_Poseidon_Partners_Amex_Charges.xlsx,Poseidon Partners,CONTACTS+ HUNTINGTON BEACH CA,13.99,Personal - Health,Suspense & Review,Poseidon Partners,Personal item (category marked personal),Personal expense paid from business account — propose Due From Owner / Owner Distribution pending substantiation.,45
2026-03-03,MarJune_2026_Poseidon_Partners_Amex_Charges.xlsx,Poseidon Partners,CONTACTS+ HUNTINGTON BEACH CA,13.99,Personal - Health,Suspense & Review,Poseidon Partners,Personal item (category marked personal),Personal expense paid from business account — propose Due From Owner / Owner Distribution pending substantiation.,45
2025-07-02,2025_PlumCard_Dunnings.xlsx,DWG Capital Partners,DNH*GODADDY#38032481Tempe,13.98,Go Daddy,Suspense & Review,DWG Capital Partners,Unmapped category,Unmapped — assign to Suspense & Review pending classification.,45
2025-06-02,2025_PlumCard_Dunnings.xlsx,DWG Capital Partners,DNH*GODADDY#37693848Tempe,13.98,Go Daddy,Suspense & Review,DWG Capital Partners,Unmapped category,Unmapped — assign to Suspense & Review pending classification.,45
2025-05-02,2025_PlumCard_Dunnings.xlsx,DWG Capital Partners,DNH*GODADDY#37324488Tempe,13.98,Go Daddy,Suspense & Review,DWG Capital Partners,Unmapped category,Unmapped — assign to Suspense & Review pending classification.,45
2025-04-02,2025_PlumCard_Dunnings.xlsx,DWG Capital Partners,DNH*GODADDY#36835422Tempe,13.98,Go Daddy,Suspense & Review,DWG Capital Partners,Unmapped category,Unmapped — assign to Suspense & Review pending classification.,45
2025-03-02,2025_PlumCard_Dunnings.xlsx,DWG Capital Partners,DNH*GODADDY#36204870Tempe,13.98,Go Daddy,Suspense & Review,DWG Capital Partners,Unmapped category,Unmapped — assign to Suspense & Review pending classification.,45
2025-09-02,2025_Poseidon_Partners_AmexCharges.xlsx,Unassigned / Allocation Required,DNH*GODADDY#38767029Tempe AZ,13.98,Go Daddy,Suspense & Review,Unassigned / Allocation Required,Unmapped category,Unmapped — assign to Suspense & Review pending classification.,40
2025-08-02,2025_Poseidon_Partners_AmexCharges.xlsx,Unassigned / Allocation Required,DNH*GODADDY#38397437Tempe AZ,13.98,Go Daddy,Suspense & Review,Unassigned / Allocation Required,Unmapped category,Unmapped — assign to Suspense & Review pending classification.,40
2025-06-17,2025_Poseidon_Partners_AmexCharges.xlsx,Unassigned / Allocation Required,DNH*GODADDY#37865867Tempe AZ,13.98,Go Daddy,Suspense & Review,Unassigned / Allocation Required,Unmapped category,Unmapped — assign to Suspense & Review pending classification.,40
2025-05-17,2025_Poseidon_Partners_AmexCharges.xlsx,Unassigned / Allocation Required,DNH*GODADDY#37506600Tempe AZ,13.98,Go Daddy,Suspense & Review,Unassigned / Allocation Required,Unmapped category,Unmapped — assign to Suspense & Review pending classification.,40
2025-03-17,2025_Poseidon_Partners_AmexCharges.xlsx,Unassigned / Allocation Required,DNH*GODADDY#36510163Tempe AZ,13.98,Go Daddy,Suspense & Review,Unassigned / Allocation Required,Unmapped category,Unmapped — assign to Suspense & Review pending classification.,40
2026-02-11,JanFeb_2026_Poseidon_Partners_Amex_Charges.xlsx,Poseidon Partners,ALANA'S COFFEE ROASTLos Angeles CA,13.96,Personal - Food,Meals & Entertainment,Poseidon Partners,Personal item (category marked personal),Personal expense paid from business account — propose Due From Owner / Owner Distribution pending substantiation.,82
2025-07-09,2025_PlumCard_Dunnings.xlsx,DWG Capital Partners,DNH*GODADDY#38116158Tempe,13.79,Go Daddy,Suspense & Review,DWG Capital Partners,Unmapped category,Unmapped — assign to Suspense & Review pending classification.,45
2025-06-09,2025_PlumCard_Dunnings.xlsx,DWG Capital Partners,DNH*GODADDY#37773730Tempe,13.79,Go Daddy,Suspense & Review,DWG Capital Partners,Unmapped category,Unmapped — assign to Suspense & Review pending classification.,45
2025-05-09,2025_PlumCard_Dunnings.xlsx,DWG Capital Partners,DNH*GODADDY#37414051Tempe,13.79,Go Daddy,Suspense & Review,DWG Capital Partners,Unmapped category,Unmapped — assign to Suspense & Review pending classification.,45
2025-04-09,2025_PlumCard_Dunnings.xlsx,DWG Capital Partners,DNH*GODADDY#36973106Tempe,13.79,Go Daddy,Suspense & Review,DWG Capital Partners,Unmapped category,Unmapped — assign to Suspense & Review pending classification.,45
2025-03-09,2025_PlumCard_Dunnings.xlsx,DWG Capital Partners,DNH*GODADDY#36353714Tempe,13.79,Go Daddy,Suspense & Review,DWG Capital Partners,Unmapped category,Unmapped — assign to Suspense & Review pending classification.,45
2025-02-09,2025_PlumCard_Dunnings.xlsx,DWG Capital Partners,DNH*GODADDY#35765382Tempe,13.79,Go Daddy,Suspense & Review,DWG Capital Partners,Unmapped category,Unmapped — assign to Suspense & Review pending classification.,45
2025-01-09,2025_PlumCard_Dunnings.xlsx,DWG Capital Partners,DNH*GODADDY#35151625Tempe,13.79,Go Daddy,Suspense & Review,DWG Capital Partners,Unmapped category,Unmapped — assign to Suspense & Review pending classification.,45
2025-12-09,2025_Poseidon_Partners_AmexCharges.xlsx,Unassigned / Allocation Required,DNH*GODADDY#39657009Tempe AZ,13.79,Go Daddy,Suspense & Review,Unassigned / Allocation Required,Unmapped category,Unmapped — assign to Suspense & Review pending classification.,40
2025-11-09,2025_Poseidon_Partners_AmexCharges.xlsx,Unassigned / Allocation Required,DNH*GODADDY#39427281Tempe AZ,13.79,Go Daddy,Suspense & Review,Unassigned / Allocation Required,Unmapped category,Unmapped — assign to Suspense & Review pending classification.,40
2025-10-09,2025_Poseidon_Partners_AmexCharges.xlsx,Unassigned / Allocation Required,DNH*GODADDY#39184358Tempe AZ,13.79,Go Daddy,Suspense & Review,Unassigned / Allocation Required,Unmapped category,Unmapped — assign to Suspense & Review pending classification.,40
2025-09-09,2025_Poseidon_Partners_AmexCharges.xlsx,Unassigned / Allocation Required,DNH*GODADDY#38849106Tempe AZ,13.79,Go Daddy,Suspense & Review,Unassigned / Allocation Required,Unmapped category,Unmapped — assign to Suspense & Review pending classification.,40
2025-08-09,2025_Poseidon_Partners_AmexCharges.xlsx,Unassigned / Allocation Required,DNH*GODADDY#38476075Tempe AZ,13.79,Go Daddy,Suspense & Review,Unassigned / Allocation Required,Unmapped category,Unmapped — assign to Suspense & Review pending classification.,40
2026-02-09,JanFeb_2026_Poseidon_Partners_Amex_Charges.xlsx,Poseidon Partners,DNH*GODADDY#40135165Tempe AZ,13.79,Go Daddy,Suspense & Review,Poseidon Partners,Unmapped category,Unmapped — assign to Suspense & Review pending classification.,45
2026-01-09,JanFeb_2026_Poseidon_Partners_Amex_Charges.xlsx,Poseidon Partners,DNH*GODADDY#39885834Tempe AZ,13.79,Go Daddy,Suspense & Review,Poseidon Partners,Unmapped category,Unmapped — assign to Suspense & Review pending classification.,45
2026-01-15,JanFeb_2026_Poseidon_Partners_Amex_Charges.xlsx,Poseidon Partners,FEDEX397778395440 FeMEMPHIS TN,13.75,DWG Swag,Suspense & Review,Poseidon Partners,Unmapped category,Unmapped — assign to Suspense & Review pending classification.,45
2025-02-06,2025_Poseidon_Partners_AmexCharges.xlsx,Unassigned / Allocation Required,KINDLE SVCS*Z75BZ42L888-802-3080 WA,13.67,Personal - Entertainment,Suspense & Review,Unassigned / Allocation Required,Personal item (category marked personal),Personal expense paid from business account — propose Due From Owner / Owner Distribution pending substantiation.,40
2025-12-12,2025_Poseidon_Partners_AmexCharges.xlsx,Unassigned / Allocation Required,AUNTIE ANNE & CINNABCLEVELAND OH,13.56,Personal - Food,Suspense & Review,Unassigned / Allocation Required,Personal item (category marked personal),Personal expense paid from business account — propose Due From Owner / Owner Distribution pending substantiation.,40
2025-08-10,2025_Poseidon_Partners_AmexCharges.xlsx,Unassigned / Allocation Required,LAX AIRP THE MARKET LOS ANGELES CA,13.52,Miami Investor Trip,Suspense & Review,Unassigned / Allocation Required,Unmapped category,Unmapped — assign to Suspense & Review pending classification.,40
2025-05-23,2025_Poseidon_Partners_AmexCharges.xlsx,Unassigned / Allocation Required,BACKATOWN NEW ORLEANS LA,13.5,New Orleans Family Trip,Travel,Unassigned / Allocation Required,Personal item (category marked family/household),Personal expense paid from business account — propose Due From Owner / Owner Distribution pending substantiation.,40
2025-02-25,2025_Poseidon_Partners_AmexCharges.xlsx,Unassigned / Allocation Required,AMAZON.COM AMZN.COM/BILL WA,13.44,Amazon,Office,Unassigned / Allocation Required,Entity unassigned,Entity could not be determined from source — allocate before consolidation.,40
2025-12-12,2025_Poseidon_Partners_AmexCharges.xlsx,Unassigned / Allocation Required,STARBUCKS C CLEVELAND OH,13.4,Personal - Food,Meals & Entertainment,Unassigned / Allocation Required,Personal item (category marked personal),Personal expense paid from business account — propose Due From Owner / Owner Distribution pending substantiation.,40
2025-10-17,2025_Poseidon_Partners_AmexCharges.xlsx,Unassigned / Allocation Required,STARBUCKS STORE 6932WEATHERFORD TX,13.37,Personal - Food,Meals & Entertainment,Unassigned / Allocation Required,Personal item (category marked personal),Personal expense paid from business account — propose Due From Owner / Owner Distribution pending substantiation.,40
2025-12-13,2025_Poseidon_Partners_AmexCharges.xlsx,Unassigned / Allocation Required,CKO*WONDERSHARE.COM HK HK,13.29,AI Subscriptions,Software & Technology,Unassigned / Allocation Required,Entity unassigned,Entity could not be determined from source — allocate before consolidation.,40
2026-02-14,JanFeb_2026_Poseidon_Partners_Amex_Charges.xlsx,Poseidon Partners,THE BELLWETHER Los Angeles CA,13.18,Personal - Entertainment,Suspense & Review,Poseidon Partners,Personal item (category marked personal),Personal expense paid from business account — propose Due From Owner / Owner Distribution pending substantiation.,45
2025-07-21,2025_Poseidon_Partners_AmexCharges.xlsx,Unassigned / Allocation Required,SAFETY PARK CORPORATMARINA DEL RE CA,13.0,Personal - Car,Auto,Unassigned / Allocation Required,Personal item (category marked personal),Personal expense paid from business account — propose Due From Owner / Owner Distribution pending substantiation.,40
2025-01-04,2025_Poseidon_Partners_AmexCharges.xlsx,Unassigned / Allocation Required,UBER,13.0,Team Travel (Judd),Travel,Unassigned / Allocation Required,Entity unassigned,Entity could not be determined from source — allocate before consolidation.,40
2025-12-12,2025_Poseidon_Partners_AmexCharges.xlsx,Unassigned / Allocation Required,SPOTIFY USA NEW YORK NY,12.98,Software & Subscriptions,Software & Technology,Unassigned / Allocation Required,Entity unassigned,Entity could not be determined from source — allocate before consolidation.,40
2025-11-12,2025_Poseidon_Partners_AmexCharges.xlsx,Unassigned / Allocation Required,SPOTIFY USA NEW YORK NY,12.98,Software & Subscriptions,Software & Technology,Unassigned / Allocation Required,Entity unassigned,Entity could not be determined from source — allocate before consolidation.,40
2025-10-12,2025_Poseidon_Partners_AmexCharges.xlsx,Unassigned / Allocation Required,SPOTIFY USA NEW YORK NY,12.98,Software & Subscriptions,Software & Technology,Unassigned / Allocation Required,Entity unassigned,Entity could not be determined from source — allocate before consolidation.,40
2025-09-12,2025_Poseidon_Partners_AmexCharges.xlsx,Unassigned / Allocation Required,SPOTIFY USA NEW YORK NY,12.98,Software & Subscriptions,Software & Technology,Unassigned / Allocation Required,Entity unassigned,Entity could not be determined from source — allocate before consolidation.,40
2025-08-12,2025_Poseidon_Partners_AmexCharges.xlsx,Unassigned / Allocation Required,SPOTIFY P397A56271 6NEW YORK NY,12.98,Software & Subscriptions,Software & Technology,Unassigned / Allocation Required,Entity unassigned,Entity could not be determined from source — allocate before consolidation.,40
2025-07-12,2025_Poseidon_Partners_AmexCharges.xlsx,Unassigned / Allocation Required,SPOTIFY USA NEW YORK NY,12.98,Software & Subscriptions,Software & Technology,Unassigned / Allocation Required,Entity unassigned,Entity could not be determined from source — allocate before consolidation.,40
2025-06-12,2025_Poseidon_Partners_AmexCharges.xlsx,Unassigned / Allocation Required,SPOTIFY USA NEW YORK NY,12.98,Software & Subscriptions,Software & Technology,Unassigned / Allocation Required,Entity unassigned,Entity could not be determined from source — allocate before consolidation.,40
2025-05-12,2025_Poseidon_Partners_AmexCharges.xlsx,Unassigned / Allocation Required,SPOTIFY USA NEW YORK NY,12.98,Software & Subscriptions,Software & Technology,Unassigned / Allocation Required,Entity unassigned,Entity could not be determined from source — allocate before consolidation.,40
2025-04-14,2025_Poseidon_Partners_AmexCharges.xlsx,Unassigned / Allocation Required,KINDLE UNLTD*JX9J200888-802-3080 WA,12.98,Personal - Entertainment,Suspense & Review,Unassigned / Allocation Required,Personal item (category marked personal),Personal expense paid from business account — propose Due From Owner / Owner Distribution pending substantiation.,40
2025-04-12,2025_Poseidon_Partners_AmexCharges.xlsx,Unassigned / Allocation Required,SPOTIFY USA NEW YORK NY,12.98,Software & Subscriptions,Software & Technology,Unassigned / Allocation Required,Entity unassigned,Entity could not be determined from source — allocate before consolidation.,40
2025-03-14,2025_Poseidon_Partners_AmexCharges.xlsx,Unassigned / Allocation Required,KINDLE UNLTD*KI1N92L888-802-3080 WA,12.98,Software & Subscriptions,Software & Technology,Unassigned / Allocation Required,Entity unassigned,Entity could not be determined from source — allocate before consolidation.,40
2025-03-12,2025_Poseidon_Partners_AmexCharges.xlsx,Unassigned / Allocation Required,SPOTIFY USA NEW YORK NY,12.98,Software & Subscriptions,Software & Technology,Unassigned / Allocation Required,Entity unassigned,Entity could not be determined from source — allocate before consolidation.,40
2025-02-14,2025_Poseidon_Partners_AmexCharges.xlsx,Unassigned / Allocation Required,KINDLE UNLTD*BH2285U888-802-3080 WA,12.98,Personal - Entertainment,Suspense & Review,Unassigned / Allocation Required,Personal item (category marked personal),Personal expense paid from business account — propose Due From Owner / Owner Distribution pending substantiation.,40
2025-02-12,2025_Poseidon_Partners_AmexCharges.xlsx,Unassigned / Allocation Required,SPOTIFY USA NEW YORK NY,12.98,Software & Subscriptions,Software & Technology,Unassigned / Allocation Required,Entity unassigned,Entity could not be determined from source — allocate before consolidation.,40
2025-02-11,2025_Poseidon_Partners_AmexCharges.xlsx,Unassigned / Allocation Required,AMAZON.COM AMZN.COM/BILL WA,12.98,Amazon,Office,Unassigned / Allocation Required,Entity unassigned,Entity could not be determined from source — allocate before consolidation.,40
2025-01-14,2025_Poseidon_Partners_AmexCharges.xlsx,Unassigned / Allocation Required,KINDLE UNLTD*Z541A21888-802-3080 WA,12.98,Personal - Entertainment,Suspense & Review,Unassigned / Allocation Required,Personal item (category marked personal),Personal expense paid from business account — propose Due From Owner / Owner Distribution pending substantiation.,40
2025-01-12,2025_Poseidon_Partners_AmexCharges.xlsx,Unassigned / Allocation Required,SPOTIFY USA NEW YORK NY,12.98,Software & Subscriptions,Software & Technology,Unassigned / Allocation Required,Entity unassigned,Entity could not be determined from source — allocate before consolidation.,40
2025-06-29,2025_PlumCard_Dunnings.xlsx,DWG Capital Partners,UBER,12.95,Personal - Food,Travel,DWG Capital Partners,Personal item (B/P flag = personal),Personal expense paid from business account — propose Due From Owner / Owner Distribution pending substantiation.,84
2026-03-25,MarJune_2026_Poseidon_Partners_Amex_Charges.xlsx,Poseidon Partners,1720 068880021820357LOS ANGELES CA,12.88,Personal - Food,Suspense & Review,Poseidon Partners,Personal item (category marked personal),Personal expense paid from business account — propose Due From Owner / Owner Distribution pending substantiation.,45
2025-04-08,2025_Poseidon_Partners_AmexCharges.xlsx,Unassigned / Allocation Required,AMAZON MARKETPLACE NAMZN.COM/BILL WA,-12.87,Amazon,Office,Unassigned / Allocation Required,Refund/credit/points,Credit / refund / points — contra to original expense; confirm matching original charge.,40
2025-04-08,2025_Poseidon_Partners_AmexCharges.xlsx,Unassigned / Allocation Required,AMAZON MARKEPLACE NA PA,12.87,Amazon,Office,Unassigned / Allocation Required,Entity unassigned,Entity could not be determined from source — allocate before consolidation.,40
2025-06-07,2025_Poseidon_Partners_AmexCharges.xlsx,Unassigned / Allocation Required,VENICE LIQUOR 650000LOS ANGELES CA,12.75,Personal - Food,Suspense & Review,Unassigned / Allocation Required,Personal item (category marked personal),Personal expense paid from business account — propose Due From Owner / Owner Distribution pending substantiation.,40
2026-05-22,MarJune_2026_Poseidon_Partners_Amex_Charges.xlsx,Poseidon Partners,SMOA009 Marina Del Rey CA,12.75,Shipping,Suspense & Review,Poseidon Partners,Unmapped category,Unmapped — assign to Suspense & Review pending classification.,45
2025-07-10,2025_Poseidon_Partners_AmexCharges.xlsx,Unassigned / Allocation Required,AMAZON MARKETPLACE NAMZN.COM/BILL WA,-12.67,Amazon,Office,Unassigned / Allocation Required,Refund/credit/points,Credit / refund / points — contra to original expense; confirm matching original charge.,40
2025-07-10,2025_Poseidon_Partners_AmexCharges.xlsx,Unassigned / Allocation Required,AMAZON MARKEPLACE NA PA,12.67,Amazon,Office,Unassigned / Allocation Required,Entity unassigned,Entity could not be determined from source — allocate before consolidation.,40
2025-05-16,2025_Poseidon_Partners_AmexCharges.xlsx,Unassigned / Allocation Required,TARGET WEATHERFORD TX,12.67,Personal - House,Suspense & Review,Unassigned / Allocation Required,Personal item (category marked personal),Personal expense paid from business account — propose Due From Owner / Owner Distribution pending substantiation.,40
2025-12-07,2025_Poseidon_Partners_AmexCharges.xlsx,Unassigned / Allocation Required,6681121 - WE JUICE IATLANTA GA,12.4,Team Travel (Judd),Travel,Unassigned / Allocation Required,Entity unassigned,Entity could not be determined from source — allocate before consolidation.,40
2025-09-07,2025_Poseidon_Partners_AmexCharges.xlsx,Unassigned / Allocation Required,TST* CHECKER HALL 30LOS ANGELES CA,12.34,Personal - Food,Suspense & Review,Unassigned / Allocation Required,Personal item (category marked personal),Personal expense paid from business account — propose Due From Owner / Owner Distribution pending substantiation.,40
2025-09-30,2025_Poseidon_Partners_AmexCharges.xlsx,Unassigned / Allocation Required,FRAUD CREDIT,-12.33,FRAUD CREDIT,Suspense & Review,Unassigned / Allocation Required,Refund/credit/points,Credit / refund / points — contra to original expense; confirm matching original charge.,40
2026-06-07,MarJune_2026_Poseidon_Partners_Amex_Charges.xlsx,Poseidon Partners,STARBUCKS STORE 9848FORT WORTH TX,12.18,Personal - Food,Meals & Entertainment,Poseidon Partners,Personal item (category marked personal),Personal expense paid from business account — propose Due From Owner / Owner Distribution pending substantiation.,82
2025-06-22,2025_Poseidon_Partners_AmexCharges.xlsx,Unassigned / Allocation Required,DNH*GODADDY#37914390Tempe AZ,12.17,Go Daddy,Suspense & Review,Unassigned / Allocation Required,Unmapped category,Unmapped — assign to Suspense & Review pending classification.,40
2025-02-09,2025_Poseidon_Partners_AmexCharges.xlsx,Unassigned / Allocation Required,AMAZON.COM AMZN.COM/BILL WA,12.07,Amazon,Office,Unassigned / Allocation Required,Entity unassigned,Entity could not be determined from source — allocate before consolidation.,40
2025-12-30,2025_PlumCard_Dunnings.xlsx,DWG Capital Partners,PUERTO MEXICO,12.06,Family Trip,Travel,DWG Capital Partners,Personal item (B/P flag = personal),Personal expense paid from business account — propose Due From Owner / Owner Distribution pending substantiation.,60
2025-03-30,2025_Poseidon_Partners_AmexCharges.xlsx,Unassigned / Allocation Required,VALLEY CENTER GROWERValley Center CA,12.0,Personal - Food,Suspense & Review,Unassigned / Allocation Required,Personal item (category marked personal),Personal expense paid from business account — propose Due From Owner / Owner Distribution pending substantiation.,40
2025-03-04,2025_Poseidon_Partners_AmexCharges.xlsx,Unassigned / Allocation Required,AplPay AA WIFI SALESFORT WORTH TX,12.0,Team Travel (Judd),Travel,Unassigned / Allocation Required,Entity unassigned,Entity could not be determined from source — allocate before consolidation.,40
2026-03-22,MarJune_2026_Poseidon_Partners_Amex_Charges.xlsx,Poseidon Partners,JOES PARKING 246 S SLOS ANGELES CA,12.0,Personal - Car,Auto,Poseidon Partners,Personal item (category marked personal),Personal expense paid from business account — propose Due From Owner / Owner Distribution pending substantiation.,76
2025-12-27,2025_Poseidon_Partners_AmexCharges.xlsx,Unassigned / Allocation Required,DNH*GODADDY#39792539Tempe AZ,11.99,Go Daddy,Suspense & Review,Unassigned / Allocation Required,Unmapped category,Unmapped — assign to Suspense & Review pending classification.,40
2025-10-27,2025_Poseidon_Partners_AmexCharges.xlsx,Unassigned / Allocation Required,DNH*GODADDY#39326833Tempe AZ,11.99,Go Daddy,Suspense & Review,Unassigned / Allocation Required,Unmapped category,Unmapped — assign to Suspense & Review pending classification.,40
2025-09-27,2025_Poseidon_Partners_AmexCharges.xlsx,Unassigned / Allocation Required,DNH*GODADDY#39065271Tempe AZ,11.99,Go Daddy,Suspense & Review,Unassigned / Allocation Required,Unmapped category,Unmapped — assign to Suspense & Review pending classification.,40
2025-06-27,2025_Poseidon_Partners_AmexCharges.xlsx,Unassigned / Allocation Required,DNH*GODADDY#37979925Tempe AZ,11.99,Go Daddy,Suspense & Review,Unassigned / Allocation Required,Unmapped category,Unmapped — assign to Suspense & Review pending classification.,40
2025-05-27,2025_Poseidon_Partners_AmexCharges.xlsx,Unassigned / Allocation Required,DNH*GODADDY#37629810Tempe AZ,11.99,Go Daddy,Suspense & Review,Unassigned / Allocation Required,Unmapped category,Unmapped — assign to Suspense & Review pending classification.,40
2025-04-27,2025_Poseidon_Partners_AmexCharges.xlsx,Unassigned / Allocation Required,DNH*GODADDY#37270277Tempe AZ,11.99,Go Daddy,Suspense & Review,Unassigned / Allocation Required,Unmapped category,Unmapped — assign to Suspense & Review pending classification.,40
2025-03-27,2025_Poseidon_Partners_AmexCharges.xlsx,Unassigned / Allocation Required,DNH*GODADDY#36756254Tempe AZ,11.99,Go Daddy,Suspense & Review,Unassigned / Allocation Required,Unmapped category,Unmapped — assign to Suspense & Review pending classification.,40
2025-02-27,2025_Poseidon_Partners_AmexCharges.xlsx,Unassigned / Allocation Required,DNH*GODADDY#36122905Tempe AZ,11.99,Go Daddy,Suspense & Review,Unassigned / Allocation Required,Unmapped category,Unmapped — assign to Suspense & Review pending classification.,40
2025-01-27,2025_Poseidon_Partners_AmexCharges.xlsx,Unassigned / Allocation Required,DNH*GODADDY#35492039Tempe AZ,11.99,Go Daddy,Suspense & Review,Unassigned / Allocation Required,Unmapped category,Unmapped — assign to Suspense & Review pending classification.,40
2026-02-07,JanFeb_2026_Poseidon_Partners_Amex_Charges.xlsx,Poseidon Partners,DNH*GODADDY#40122909Tempe AZ,11.99,Go Daddy,Suspense & Review,Poseidon Partners,Unmapped category,Unmapped — assign to Suspense & Review pending classification.,45
2026-01-07,JanFeb_2026_Poseidon_Partners_Amex_Charges.xlsx,Poseidon Partners,DNH*GODADDY#39871192Tempe AZ,11.99,Go Daddy,Suspense & Review,Poseidon Partners,Unmapped category,Unmapped — assign to Suspense & Review pending classification.,45
2025-01-30,2025_Poseidon_Partners_AmexCharges.xlsx,Unassigned / Allocation Required,KINDLE SVCS*Z70S336H888-802-3080 WA,11.9,Personal - Entertainment,Suspense & Review,Unassigned / Allocation Required,Personal item (category marked personal); Same-file repeat — verify not double-entered (SFR-0064),Personal expense paid from business account — propose Due From Owner / Owner Distribution pending substantiation.,40
2025-01-30,2025_Poseidon_Partners_AmexCharges.xlsx,Unassigned / Allocation Required,KINDLE SVCS*ZC0SA5KC888-802-3080 WA,11.9,Personal - Entertainment,Suspense & Review,Unassigned / Allocation Required,Personal item (category marked personal); Same-file repeat — verify not double-entered (SFR-0064),Personal expense paid from business account — propose Due From Owner / Owner Distribution pending substantiation.,40
2025-01-30,2025_Poseidon_Partners_AmexCharges.xlsx,Unassigned / Allocation Required,KINDLE SVCS*ZC1956E3888-802-3080 WA,11.9,Personal - Entertainment,Suspense & Review,Unassigned / Allocation Required,Personal item (category marked personal); Same-file repeat — verify not double-entered (SFR-0064),Personal expense paid from business account — propose Due From Owner / Owner Distribution pending substantiation.,40
2025-01-30,2025_Poseidon_Partners_AmexCharges.xlsx,Unassigned / Allocation Required,KINDLE SVCS*ZC2XD6K0888-802-3080 WA,11.9,Personal - Entertainment,Suspense & Review,Unassigned / Allocation Required,Personal item (category marked personal); Same-file repeat — verify not double-entered (SFR-0064),Personal expense paid from business account — propose Due From Owner / Owner Distribution pending substantiation.,40
2025-01-30,2025_Poseidon_Partners_AmexCharges.xlsx,Unassigned / Allocation Required,KINDLE SVCS*ZC4JB9KH888-802-3080 WA,11.9,Personal - Entertainment,Suspense & Review,Unassigned / Allocation Required,Personal item (category marked personal); Same-file repeat — verify not double-entered (SFR-0064),Personal expense paid from business account — propose Due From Owner / Owner Distribution pending substantiation.,40
2025-01-30,2025_Poseidon_Partners_AmexCharges.xlsx,Unassigned / Allocation Required,KINDLE SVCS*ZC6953ED888-802-3080 WA,11.9,Personal - Entertainment,Suspense & Review,Unassigned / Allocation Required,Personal item (category marked personal); Same-file repeat — verify not double-entered (SFR-0064),Personal expense paid from business account — propose Due From Owner / Owner Distribution pending substantiation.,40
2025-01-30,2025_Poseidon_Partners_AmexCharges.xlsx,Unassigned / Allocation Required,KINDLE SVCS*ZC6X18KK888-802-3080 WA,11.9,Personal - Entertainment,Suspense & Review,Unassigned / Allocation Required,Personal item (category marked personal); Same-file repeat — verify not double-entered (SFR-0064),Personal expense paid from business account — propose Due From Owner / Owner Distribution pending substantiation.,40
2025-09-30,2025_Poseidon_Partners_AmexCharges.xlsx,Unassigned / Allocation Required,FRAUD CREDIT,-11.86,FRAUD CREDIT,Suspense & Review,Unassigned / Allocation Required,Refund/credit/points,Credit / refund / points — contra to original expense; confirm matching original charge.,40
2025-07-04,2025_PlumCard_Dunnings.xlsx,DWG Capital Partners,UBER EATS,11.71,Personal - Food,Travel,DWG Capital Partners,Personal item (B/P flag = personal),Personal expense paid from business account — propose Due From Owner / Owner Distribution pending substantiation.,84
2025-06-03,2025_Poseidon_Partners_AmexCharges.xlsx,Unassigned / Allocation Required,ALAMO TOLL MESA AZ,11.65,Team Travel (Judd),Travel,Unassigned / Allocation Required,Entity unassigned,Entity could not be determined from source — allocate before consolidation.,40
2025-03-19,2025_Poseidon_Partners_AmexCharges.xlsx,Unassigned / Allocation Required,PARADIES-LOS ANGELESATLANTA GA,11.64,Costa Rica Trip,Suspense & Review,Unassigned / Allocation Required,Unmapped category,Unmapped — assign to Suspense & Review pending classification.,40
2025-05-25,2025_Poseidon_Partners_AmexCharges.xlsx,Unassigned / Allocation Required,PRIME VIDEO CHANNELSAMZN.COM/BILL WA,11.63,Amazon,Office,Unassigned / Allocation Required,Entity unassigned,Entity could not be determined from source — allocate before consolidation.,40
2026-06-05,MarJune_2026_Poseidon_Partners_Amex_Charges.xlsx,Poseidon Partners,QT 1948 INSIDE/QUIKTWEATHERFORD TX,11.51,Personal - Car,Auto,Poseidon Partners,Personal item (category marked personal),Personal expense paid from business account — propose Due From Owner / Owner Distribution pending substantiation.,76
2025-08-14,2025_Poseidon_Partners_AmexCharges.xlsx,Unassigned / Allocation Required,MOVIETAVERN W 7TH STFORT WORTH TX,11.5,Personal - Entertainment,Suspense & Review,Unassigned / Allocation Required,Personal item (category marked personal),Personal expense paid from business account — propose Due From Owner / Owner Distribution pending substantiation.,40
2025-04-13,2025_PlumCard_Dunnings.xlsx,DWG Capital Partners,STAZ.SERVIZIO GIOVE GIOVE,11.48,Judd/Angela Italy Trip,Suspense & Review,DWG Capital Partners,Personal item (B/P flag = personal),Personal expense paid from business account — propose Due From Owner / Owner Distribution pending substantiation.,45
2025-05-22,2025_Poseidon_Partners_AmexCharges.xlsx,Unassigned / Allocation Required,HAPPY HOOKAH 631 650NEW ORLEANS LA,11.45,New Orleans Family Trip,Travel,Unassigned / Allocation Required,Personal item (category marked family/household),Personal expense paid from business account — propose Due From Owner / Owner Distribution pending substantiation.,40
2025-12-22,2025_PlumCard_Dunnings.xlsx,DWG Capital Partners,LS DRIFTWOOD GIFTS,11.39,Family Trip,Travel,DWG Capital Partners,Personal item (B/P flag = personal),Personal expense paid from business account — propose Due From Owner / Owner Distribution pending substantiation.,60
2025-10-15,2025_Poseidon_Partners_AmexCharges.xlsx,Unassigned / Allocation Required,PAR*SMOOTHIE KING SKDALLAS TX,11.32,Personal - Food,Suspense & Review,Unassigned / Allocation Required,Personal item (category marked personal),Personal expense paid from business account — propose Due From Owner / Owner Distribution pending substantiation.,40
2025-09-10,2025_Poseidon_Partners_AmexCharges.xlsx,Unassigned / Allocation Required,ALANA'S COFFEE ROASTLos Angeles CA,11.25,Personal - Food,Meals & Entertainment,Unassigned / Allocation Required,Personal item (category marked personal),Personal expense paid from business account — propose Due From Owner / Owner Distribution pending substantiation.,40
2025-06-01,2025_Poseidon_Partners_AmexCharges.xlsx,Unassigned / Allocation Required,ALANA'S COFFEE ROASTLos Angeles CA,11.25,Personal - Food,Meals & Entertainment,Unassigned / Allocation Required,Personal item (category marked personal),Personal expense paid from business account — propose Due From Owner / Owner Distribution pending substantiation.,40
2026-01-13,JanFeb_2026_Poseidon_Partners_Amex_Charges.xlsx,Poseidon Partners,ALANA'S COFFEE ROASTLos Angeles CA,11.25,Personal - Food,Meals & Entertainment,Poseidon Partners,Personal item (category marked personal),Personal expense paid from business account — propose Due From Owner / Owner Distribution pending substantiation.,82
2026-05-22,MarJune_2026_Poseidon_Partners_Amex_Charges.xlsx,Poseidon Partners,ALANA'S COFFEE ROASTLos Angeles CA,11.25,Personal -  Food,Meals & Entertainment,Poseidon Partners,Personal item (category marked personal),Personal expense paid from business account — propose Due From Owner / Owner Distribution pending substantiation.,82
2026-01-16,JanFeb_2026_Poseidon_Partners_Amex_Charges.xlsx,Poseidon Partners,STARBUCKS STORE 6665MANHATTAN BEACH CA,11.2,Personal - Food,Meals & Entertainment,Poseidon Partners,Personal item (category marked personal),Personal expense paid from business account — propose Due From Owner / Owner Distribution pending substantiation.,82
2025-11-26,2025_Poseidon_Partners_AmexCharges.xlsx,Unassigned / Allocation Required,DNH*GODADDY#39560189Tempe AZ,11.19,Go Daddy,Suspense & Review,Unassigned / Allocation Required,Unmapped category,Unmapped — assign to Suspense & Review pending classification.,40
2025-11-08,2025_Poseidon_Partners_AmexCharges.xlsx,Unassigned / Allocation Required,DNH*GODADDY#39423588Tempe AZ,11.19,Go Daddy,Suspense & Review,Unassigned / Allocation Required,Unmapped category,Unmapped — assign to Suspense & Review pending classification.,40
2025-12-07,2025_Poseidon_Partners_AmexCharges.xlsx,Unassigned / Allocation Required,DNH*GODADDY#39640518Tempe AZ,10.99,Go Daddy,Suspense & Review,Unassigned / Allocation Required,Unmapped category,Unmapped — assign to Suspense & Review pending classification.,40
2025-11-07,2025_Poseidon_Partners_AmexCharges.xlsx,Unassigned / Allocation Required,DNH*GODADDY#39415093Tempe AZ,10.99,Go Daddy,Suspense & Review,Unassigned / Allocation Required,Unmapped category,Unmapped — assign to Suspense & Review pending classification.,40
2025-10-07,2025_Poseidon_Partners_AmexCharges.xlsx,Unassigned / Allocation Required,DNH*GODADDY#39169529Tempe AZ,10.99,Go Daddy,Suspense & Review,Unassigned / Allocation Required,Unmapped category,Unmapped — assign to Suspense & Review pending classification.,40
2025-09-07,2025_Poseidon_Partners_AmexCharges.xlsx,Unassigned / Allocation Required,DNH*GODADDY#38824020Tempe AZ,10.99,Go Daddy,Suspense & Review,Unassigned / Allocation Required,Unmapped category,Unmapped — assign to Suspense & Review pending classification.,40
2025-08-07,2025_Poseidon_Partners_AmexCharges.xlsx,Unassigned / Allocation Required,DNH*GODADDY#38448348Tempe AZ,10.99,Go Daddy,Suspense & Review,Unassigned / Allocation Required,Unmapped category,Unmapped — assign to Suspense & Review pending classification.,40
2025-07-07,2025_Poseidon_Partners_AmexCharges.xlsx,Unassigned / Allocation Required,DNH*GODADDY#38092984Tempe AZ,10.99,Go Daddy,Suspense & Review,Unassigned / Allocation Required,Unmapped category,Unmapped — assign to Suspense & Review pending classification.,40
2025-06-07,2025_Poseidon_Partners_AmexCharges.xlsx,Unassigned / Allocation Required,DNH*GODADDY#37749193Tempe AZ,10.99,Go Daddy,Suspense & Review,Unassigned / Allocation Required,Unmapped category,Unmapped — assign to Suspense & Review pending classification.,40
2025-05-07,2025_Poseidon_Partners_AmexCharges.xlsx,Unassigned / Allocation Required,DNH*GODADDY#37387975Tempe AZ,10.99,Go Daddy,Suspense & Review,Unassigned / Allocation Required,Unmapped category,Unmapped — assign to Suspense & Review pending classification.,40
2025-04-07,2025_Poseidon_Partners_AmexCharges.xlsx,Unassigned / Allocation Required,DNH*GODADDY#36931670Tempe AZ,10.99,Go Daddy,Suspense & Review,Unassigned / Allocation Required,Unmapped category,Unmapped — assign to Suspense & Review pending classification.,40
2025-03-07,2025_Poseidon_Partners_AmexCharges.xlsx,Unassigned / Allocation Required,DNH*GODADDY#36312528Tempe AZ,10.99,Go Daddy,Suspense & Review,Unassigned / Allocation Required,Unmapped category,Unmapped — assign to Suspense & Review pending classification.,40
2025-02-07,2025_Poseidon_Partners_AmexCharges.xlsx,Unassigned / Allocation Required,DNH*GODADDY#35724869Tempe AZ,10.99,Go Daddy,Suspense & Review,Unassigned / Allocation Required,Unmapped category,Unmapped — assign to Suspense & Review pending classification.,40
2025-01-07,2025_Poseidon_Partners_AmexCharges.xlsx,Unassigned / Allocation Required,DNH*GODADDY#35113323Tempe AZ,10.99,Go Daddy,Suspense & Review,Unassigned / Allocation Required,Unmapped category,Unmapped — assign to Suspense & Review pending classification.,40
2026-01-05,JanFeb_2026_Poseidon_Partners_Amex_Charges.xlsx,Poseidon Partners,Starbucks Eve TBIT LLos Angeles CA,10.99,Personal - Food,Meals & Entertainment,Poseidon Partners,Personal item (category marked personal),Personal expense paid from business account — propose Due From Owner / Owner Distribution pending substantiation.,82
2026-01-15,JanFeb_2026_Poseidon_Partners_Amex_Charges.xlsx,Poseidon Partners,FEDEX397778487879 FeMEMPHIS TN,10.95,DWG Swag,Suspense & Review,Poseidon Partners,Unmapped category,Unmapped — assign to Suspense & Review pending classification.,45
2025-02-06,2025_Poseidon_Partners_AmexCharges.xlsx,Unassigned / Allocation Required,KINDLE SVCS*Z72669KS888-802-3080 WA,10.9,Personal - Entertainment,Suspense & Review,Unassigned / Allocation Required,Personal item (category marked personal),Personal expense paid from business account — propose Due From Owner / Owner Distribution pending substantiation.,40
2025-03-31,2025_PlumCard_Dunnings.xlsx,DWG Capital Partners,LAX AIRP LAMILL LAX LOS ANGELES,10.84,Judd/Angela Italy Trip,Suspense & Review,DWG Capital Partners,Personal item (B/P flag = personal),Personal expense paid from business account — propose Due From Owner / Owner Distribution pending substantiation.,45
2025-06-14,2025_PlumCard_Dunnings.xlsx,DWG Capital Partners,APPLE.COM/BILL,10.81,Personal - Entertainment,Software & Technology,DWG Capital Partners,Personal item (B/P flag = personal),Personal expense paid from business account — propose Due From Owner / Owner Distribution pending substantiation.,86
2025-09-30,2025_Poseidon_Partners_AmexCharges.xlsx,Unassigned / Allocation Required,FRAUD CREDIT,-10.81,FRAUD CREDIT,Suspense & Review,Unassigned / Allocation Required,Refund/credit/points; Same-file repeat — verify not double-entered (SFR-0033),Credit / refund / points — contra to original expense; confirm matching original charge.,40
2025-09-30,2025_Poseidon_Partners_AmexCharges.xlsx,Unassigned / Allocation Required,FRAUD CREDIT,-10.81,FRAUD CREDIT,Suspense & Review,Unassigned / Allocation Required,Refund/credit/points; Same-file repeat — verify not double-entered (SFR-0033),Credit / refund / points — contra to original expense; confirm matching original charge.,40
2025-08-25,2025_Poseidon_Partners_AmexCharges.xlsx,Unassigned / Allocation Required,PRIME VIDEO CHANNELSAMZN.COM/BILL WA,10.81,Amazon,Office,Unassigned / Allocation Required,Entity unassigned,Entity could not be determined from source — allocate before consolidation.,40
2025-02-08,2025_Poseidon_Partners_AmexCharges.xlsx,Unassigned / Allocation Required,KINDLE SVCS*TR6Q65QQ888-802-3080 WA,10.81,Personal - Entertainment,Suspense & Review,Unassigned / Allocation Required,Personal item (category marked personal),Personal expense paid from business account — propose Due From Owner / Owner Distribution pending substantiation.,40
2025-01-20,2025_Poseidon_Partners_AmexCharges.xlsx,Unassigned / Allocation Required,EXPEDIA 730130585902EXPEDIA.COM WA,10.69,Team Travel (Angela),Travel,Unassigned / Allocation Required,Entity unassigned,Entity could not be determined from source — allocate before consolidation.,40
2026-04-09,MarJune_2026_Poseidon_Partners_Amex_Charges.xlsx,Poseidon Partners,HOSPES PALACIO DEL BCORDOBA ES,10.55,Judd & Angela - Portugal,Suspense & Review,Poseidon Partners,Unmapped category,Unmapped — assign to Suspense & Review pending classification.,45
2026-02-14,JanFeb_2026_Poseidon_Partners_Amex_Charges.xlsx,Poseidon Partners,THE BELLWETHER Los Angeles CA,10.54,Personal - Entertainment,Suspense & Review,Poseidon Partners,Personal item (category marked personal),Personal expense paid from business account — propose Due From Owner / Owner Distribution pending substantiation.,45
2025-03-14,2025_Poseidon_Partners_AmexCharges.xlsx,Unassigned / Allocation Required,GELSON'S MARKETS MARINA DEL REY CA,10.5,Personal - Food,Suspense & Review,Unassigned / Allocation Required,Personal item (category marked personal),Personal expense paid from business account — propose Due From Owner / Owner Distribution pending substantiation.,40
2025-08-25,2025_Poseidon_Partners_AmexCharges.xlsx,Unassigned / Allocation Required,AMAZON.COM AMZN.COM/BILL WA,10.47,Amazon,Office,Unassigned / Allocation Required,Entity unassigned,Entity could not be determined from source — allocate before consolidation.,40
2025-07-09,2025_Poseidon_Partners_AmexCharges.xlsx,Unassigned / Allocation Required,COONEY'S AT THE MARKSANTA BARBARA CA,10.34,San Francisco Investor Meeting,Investor Relations,Unassigned / Allocation Required,Entity unassigned,Entity could not be determined from source — allocate before consolidation.,40
2025-04-11,2025_Poseidon_Partners_AmexCharges.xlsx,Unassigned / Allocation Required,BAR MY ACCADEMIA FIRENZE,10.33,Italy Trip (Judd/Angela),Suspense & Review,Unassigned / Allocation Required,Unmapped category,Unmapped — assign to Suspense & Review pending classification.,40
2026-04-18,MarJune_2026_Poseidon_Partners_Amex_Charges.xlsx,Poseidon Partners,COFFEE BEAN & TEA MARINA DEL RE CA,10.32,Personal - Food,Meals & Entertainment,Poseidon Partners,Personal item (category marked personal),Personal expense paid from business account — propose Due From Owner / Owner Distribution pending substantiation.,82
2025-03-13,2025_Poseidon_Partners_AmexCharges.xlsx,Unassigned / Allocation Required,ALANA'S COFFEE ROASTLos Angeles CA,10.25,Personal - Food,Meals & Entertainment,Unassigned / Allocation Required,Personal item (category marked personal),Personal expense paid from business account — propose Due From Owner / Owner Distribution pending substantiation.,40
2026-04-30,MarJune_2026_Poseidon_Partners_Amex_Charges.xlsx,Poseidon Partners,LAX AIRP NATURAL BREMiami FL,10.06,Personal - Food,Suspense & Review,Poseidon Partners,Personal item (category marked personal),Personal expense paid from business account — propose Due From Owner / Owner Distribution pending substantiation.,45
2025-01-02,2025_Poseidon_Partners_AmexCharges.xlsx,Unassigned / Allocation Required,AplPay WIFIONBOARD AVANCOUVER CA,10.05,2024/2025 Canada Family Trip,Travel,Unassigned / Allocation Required,Personal item (category marked family/household),Personal expense paid from business account — propose Due From Owner / Owner Distribution pending substantiation.,40
2025-09-12,2025_Poseidon_Partners_AmexCharges.xlsx,Unassigned / Allocation Required,PAYPAL *PADDLE.NET 4029357733 GB,10.0,Software & Subscriptions,Software & Technology,Unassigned / Allocation Required,Entity unassigned,Entity could not be determined from source — allocate before consolidation.,40
2025-12-06,2025_Poseidon_Partners_AmexCharges.xlsx,Unassigned / Allocation Required,BRAVE.COM SAN FRANCISCO CA,9.99,Software & Subscriptions,Software & Technology,Unassigned / Allocation Required,Entity unassigned,Entity could not be determined from source — allocate before consolidation.,40
2025-11-06,2025_Poseidon_Partners_AmexCharges.xlsx,Unassigned / Allocation Required,BRAVE.COM SAN FRANCISCO CA,9.99,Software & Subscriptions,Software & Technology,Unassigned / Allocation Required,Entity unassigned,Entity could not be determined from source — allocate before consolidation.,40
2025-10-06,2025_Poseidon_Partners_AmexCharges.xlsx,Unassigned / Allocation Required,BRAVE.COM SAN FRANCISCO CA,9.99,Software & Subscriptions,Software & Technology,Unassigned / Allocation Required,Entity unassigned,Entity could not be determined from source — allocate before consolidation.,40
2025-09-06,2025_Poseidon_Partners_AmexCharges.xlsx,Unassigned / Allocation Required,BRAVE.COM SAN FRANCISCO CA,9.99,Software & Subscriptions,Software & Technology,Unassigned / Allocation Required,Entity unassigned,Entity could not be determined from source — allocate before consolidation.,40
2025-08-06,2025_Poseidon_Partners_AmexCharges.xlsx,Unassigned / Allocation Required,BRAVE.COM SAN FRANCISCO CA,9.99,Software & Subscriptions,Software & Technology,Unassigned / Allocation Required,Entity unassigned,Entity could not be determined from source — allocate before consolidation.,40
2025-07-06,2025_Poseidon_Partners_AmexCharges.xlsx,Unassigned / Allocation Required,BRAVE.COM SAN FRANCISCO CA,9.99,Software & Subscriptions,Software & Technology,Unassigned / Allocation Required,Entity unassigned,Entity could not be determined from source — allocate before consolidation.,40
2025-06-06,2025_Poseidon_Partners_AmexCharges.xlsx,Unassigned / Allocation Required,BRAVE.COM SAN FRANCISCO CA,9.99,Software & Subscriptions,Software & Technology,Unassigned / Allocation Required,Entity unassigned,Entity could not be determined from source — allocate before consolidation.,40
2025-05-06,2025_Poseidon_Partners_AmexCharges.xlsx,Unassigned / Allocation Required,BRAVE.COM SAN FRANCISCO CA,9.99,Software & Subscriptions,Software & Technology,Unassigned / Allocation Required,Entity unassigned,Entity could not be determined from source — allocate before consolidation.,40
2025-04-06,2025_Poseidon_Partners_AmexCharges.xlsx,Unassigned / Allocation Required,BRAVE.COM SAN FRANCISCO CA,9.99,Software & Subscriptions,Software & Technology,Unassigned / Allocation Required,Entity unassigned,Entity could not be determined from source — allocate before consolidation.,40
2025-03-06,2025_Poseidon_Partners_AmexCharges.xlsx,Unassigned / Allocation Required,BRAVE.COM SAN FRANCISCO CA,9.99,Software & Subscriptions,Software & Technology,Unassigned / Allocation Required,Entity unassigned,Entity could not be determined from source — allocate before consolidation.,40
2025-02-06,2025_Poseidon_Partners_AmexCharges.xlsx,Unassigned / Allocation Required,BRAVE.COM SAN FRANCISCO CA,9.99,Software & Subscriptions,Software & Technology,Unassigned / Allocation Required,Entity unassigned,Entity could not be determined from source — allocate before consolidation.,40
2025-01-06,2025_Poseidon_Partners_AmexCharges.xlsx,Unassigned / Allocation Required,BRAVE.COM SAN FRANCISCO CA,9.99,Software & Subscriptions,Software & Technology,Unassigned / Allocation Required,Entity unassigned,Entity could not be determined from source — allocate before consolidation.,40
2026-05-23,MarJune_2026_Poseidon_Partners_Amex_Charges.xlsx,Poseidon Partners,FARMER'S FRIDGE CHICAGO IL,9.95,Personal - Food,Suspense & Review,Poseidon Partners,Personal item (category marked personal),Personal expense paid from business account — propose Due From Owner / Owner Distribution pending substantiation.,45
2025-12-02,2025_Poseidon_Partners_AmexCharges.xlsx,Unassigned / Allocation Required,ALANA'S COFFEE ROASTLos Angeles CA,9.75,Personal - Food,Meals & Entertainment,Unassigned / Allocation Required,Personal item (category marked personal),Personal expense paid from business account — propose Due From Owner / Owner Distribution pending substantiation.,40
2025-09-07,2025_Poseidon_Partners_AmexCharges.xlsx,Unassigned / Allocation Required,LS YOGA-URT GLENDALE CA,9.75,Personal - Food,Suspense & Review,Unassigned / Allocation Required,Personal item (category marked personal),Personal expense paid from business account — propose Due From Owner / Owner Distribution pending substantiation.,40
2025-06-27,2025_Poseidon_Partners_AmexCharges.xlsx,Unassigned / Allocation Required,WILDFLOWER BREAD CO PHOENIX AZ,9.74,Personal - Food,Suspense & Review,Unassigned / Allocation Required,Personal item (category marked personal),Personal expense paid from business account — propose Due From Owner / Owner Distribution pending substantiation.,40
2025-05-29,2025_Poseidon_Partners_AmexCharges.xlsx,Unassigned / Allocation Required,ALAMO TOLL MESA AZ,9.73,Arizona Site Visit,Auto,Unassigned / Allocation Required,Entity unassigned,Entity could not be determined from source — allocate before consolidation.,40
2025-02-09,2025_Poseidon_Partners_AmexCharges.xlsx,Unassigned / Allocation Required,AMAZON MARKETPLACE NAMZN.COM/BILL WA,-9.73,Amazon,Office,Unassigned / Allocation Required,Refund/credit/points,Credit / refund / points — contra to original expense; confirm matching original charge.,40
2025-02-09,2025_Poseidon_Partners_AmexCharges.xlsx,Unassigned / Allocation Required,AMAZON MARKEPLACE NA PA,9.73,Amazon,Office,Unassigned / Allocation Required,Entity unassigned,Entity could not be determined from source — allocate before consolidation.,40
2025-10-13,2025_Poseidon_Partners_AmexCharges.xlsx,Unassigned / Allocation Required,ALANA'S COFFEE ROASTLos Angeles CA,9.25,Personal - Food,Meals & Entertainment,Unassigned / Allocation Required,Personal item (category marked personal),Personal expense paid from business account — propose Due From Owner / Owner Distribution pending substantiation.,40
2025-06-05,2025_Poseidon_Partners_AmexCharges.xlsx,Unassigned / Allocation Required,STARBUCKS C CLEVELAND OH,9.05,Ohio Site Visit,Meals & Entertainment,Unassigned / Allocation Required,Entity unassigned,Entity could not be determined from source — allocate before consolidation.,40
2025-06-15,2025_Poseidon_Partners_AmexCharges.xlsx,Unassigned / Allocation Required,DNH*GODADDY#37842445Tempe AZ,8.99,Go Daddy,Suspense & Review,Unassigned / Allocation Required,Unmapped category,Unmapped — assign to Suspense & Review pending classification.,40
2025-05-15,2025_Poseidon_Partners_AmexCharges.xlsx,Unassigned / Allocation Required,DNH*GODADDY#37480942Tempe AZ,8.99,Go Daddy,Suspense & Review,Unassigned / Allocation Required,Unmapped category,Unmapped — assign to Suspense & Review pending classification.,40
2025-04-15,2025_Poseidon_Partners_AmexCharges.xlsx,Unassigned / Allocation Required,DNH*GODADDY#37094343Tempe AZ,8.99,Go Daddy,Suspense & Review,Unassigned / Allocation Required,Unmapped category,Unmapped — assign to Suspense & Review pending classification.,40
2025-02-15,2025_Poseidon_Partners_AmexCharges.xlsx,Unassigned / Allocation Required,DNH*GODADDY#35873619Tempe AZ,8.99,Go Daddy,Suspense & Review,Unassigned / Allocation Required,Unmapped category,Unmapped — assign to Suspense & Review pending classification.,40
2025-01-15,2025_Poseidon_Partners_AmexCharges.xlsx,Unassigned / Allocation Required,DNH*GODADDY#35270646Tempe AZ,8.99,Go Daddy,Suspense & Review,Unassigned / Allocation Required,Unmapped category,Unmapped — assign to Suspense & Review pending classification.,40
2026-06-07,MarJune_2026_Poseidon_Partners_Amex_Charges.xlsx,Poseidon Partners,JOY MACARONS Fort Worth TX,8.93,Personal - Food,Auto,Poseidon Partners,Personal item (category marked personal),Personal expense paid from business account — propose Due From Owner / Owner Distribution pending substantiation.,76
2026-05-31,MarJune_2026_Poseidon_Partners_Amex_Charges.xlsx,Poseidon Partners,STARBUCKS STORE 6932WEATHERFORD TX,8.9,Personal - Food,Meals & Entertainment,Poseidon Partners,Personal item (category marked personal),Personal expense paid from business account — propose Due From Owner / Owner Distribution pending substantiation.,82
2025-04-04,2025_Poseidon_Partners_AmexCharges.xlsx,Unassigned / Allocation Required,THE GELATIST ROMA,8.87,Italy Trip (Judd/Angela),Suspense & Review,Unassigned / Allocation Required,Unmapped category,Unmapped — assign to Suspense & Review pending classification.,40
2025-09-30,2025_Poseidon_Partners_AmexCharges.xlsx,Unassigned / Allocation Required,CR ADJ PURCH FIN CHG,-8.86,TBD,Suspense & Review,Unassigned / Allocation Required,Refund/credit/points,Credit / refund / points — contra to original expense; confirm matching original charge.,40
2025-12-01,2025_Poseidon_Partners_AmexCharges.xlsx,Unassigned / Allocation Required,TST* BLUEYS KITCHEN LOS ANGELES CA,8.78,Personal - Food,Suspense & Review,Unassigned / Allocation Required,Personal item (category marked personal),Personal expense paid from business account — propose Due From Owner / Owner Distribution pending substantiation.,40
2025-09-30,2025_Poseidon_Partners_AmexCharges.xlsx,Unassigned / Allocation Required,FRAUD CREDIT,-8.72,FRAUD CREDIT,Suspense & Review,Unassigned / Allocation Required,Refund/credit/points,Credit / refund / points — contra to original expense; confirm matching original charge.,40
2025-05-28,2025_Poseidon_Partners_AmexCharges.xlsx,Unassigned / Allocation Required,DUNKIN DONUT GROVE DDALLAS TX,8.7,Personal - Food,Suspense & Review,Unassigned / Allocation Required,Personal item (category marked personal),Personal expense paid from business account — propose Due From Owner / Owner Distribution pending substantiation.,40
2025-06-05,2025_Poseidon_Partners_AmexCharges.xlsx,Unassigned / Allocation Required,TST* DRURY HOTELS CCLEVELAND OH,8.59,Ohio Site Visit,Travel,Unassigned / Allocation Required,Entity unassigned,Entity could not be determined from source — allocate before consolidation.,40
2026-06-09,MarJune_2026_Poseidon_Partners_Amex_Charges.xlsx,Poseidon Partners,STARBUCKS STORE 8480WEATHERFORD TX,8.58,Personal - Food,Meals & Entertainment,Poseidon Partners,Personal item (category marked personal),Personal expense paid from business account — propose Due From Owner / Owner Distribution pending substantiation.,82
2026-05-29,MarJune_2026_Poseidon_Partners_Amex_Charges.xlsx,Poseidon Partners,STARBUCKS STORE 6932WEATHERFORD TX,8.58,Personal - Food,Meals & Entertainment,Poseidon Partners,Personal item (category marked personal),Personal expense paid from business account — propose Due From Owner / Owner Distribution pending substantiation.,82
2026-05-24,MarJune_2026_Poseidon_Partners_Amex_Charges.xlsx,Poseidon Partners,QT 1948 INSIDE/QUIKTWEATHERFORD TX,8.56,Personal - Car,Auto,Poseidon Partners,Personal item (category marked personal),Personal expense paid from business account — propose Due From Owner / Owner Distribution pending substantiation.,76
2025-05-03,2025_Poseidon_Partners_AmexCharges.xlsx,Unassigned / Allocation Required,STARBUCKS STORE 0566SANTA MONICA CA,8.5,Personal - Food,Meals & Entertainment,Unassigned / Allocation Required,Personal item (category marked personal),Personal expense paid from business account — propose Due From Owner / Owner Distribution pending substantiation.,40
2026-02-04,JanFeb_2026_Poseidon_Partners_Amex_Charges.xlsx,Poseidon Partners,Starbucks T4 BC PHX Phoenix AZ,8.46,Personal - Food,Meals & Entertainment,Poseidon Partners,Personal item (category marked personal),Personal expense paid from business account — propose Due From Owner / Owner Distribution pending substantiation.,82
2025-03-24,2025_PlumCard_Dunnings.xlsx,DWG Capital Partners,VIATOR,-8.44,Judd/Angela Italy Trip,Suspense & Review,DWG Capital Partners,Personal item (B/P flag = personal),Personal expense paid from business account — propose Due From Owner / Owner Distribution pending substantiation.,45
2025-03-20,2025_PlumCard_Dunnings.xlsx,DWG Capital Partners,VIATOR,8.44,Judd/Angela Italy Trip,Suspense & Review,DWG Capital Partners,Personal item (B/P flag = personal),Personal expense paid from business account — propose Due From Owner / Owner Distribution pending substantiation.,45
2025-11-29,2025_Poseidon_Partners_AmexCharges.xlsx,Unassigned / Allocation Required,STARBUCKS STORE 0566SANTA MONICA CA,8.3,Personal - Food,Meals & Entertainment,Unassigned / Allocation Required,Personal item (category marked personal),Personal expense paid from business account — propose Due From Owner / Owner Distribution pending substantiation.,40
2025-12-08,2025_Poseidon_Partners_AmexCharges.xlsx,Unassigned / Allocation Required,THE CANDLER HOTEL THATLANTA GA,8.16,Team Travel (Judd),Travel,Unassigned / Allocation Required,Entity unassigned,Entity could not be determined from source — allocate before consolidation.,40
2025-01-01,2025_Poseidon_Partners_AmexCharges.xlsx,Unassigned / Allocation Required,COYOTE COFFEE CORPORNanaimo CA,8.01,Personal - Food,Meals & Entertainment,Unassigned / Allocation Required,Personal item (category marked personal),Personal expense paid from business account — propose Due From Owner / Owner Distribution pending substantiation.,40
2025-09-06,2025_Poseidon_Partners_AmexCharges.xlsx,Unassigned / Allocation Required,STARBUCKS KIOSKO AERALAJUELA AL,8.0,Costa Rica Trip,Meals & Entertainment,Unassigned / Allocation Required,Entity unassigned,Entity could not be determined from source — allocate before consolidation.,40
2025-05-25,2025_Poseidon_Partners_AmexCharges.xlsx,Unassigned / Allocation Required,PEPPERONIS CAFE 0688NEW ORLEANS LA,8.0,New Orleans Family Trip,Travel,Unassigned / Allocation Required,Personal item (category marked family/household),Personal expense paid from business account — propose Due From Owner / Owner Distribution pending substantiation.,40
2026-01-01,JanJune_2026_Plum_Card_Amex_Charges.xlsx,DWG Capital Partners,Smartecarte Cart,8.0,Personal - Entertainment,Auto,DWG Capital Partners,Personal item (B/P flag = personal),Personal expense paid from business account — propose Due From Owner / Owner Distribution pending substantiation.,76
2026-04-18,MarJune_2026_Poseidon_Partners_Amex_Charges.xlsx,Poseidon Partners,COFFEE BEAN & TEA MARINA DEL RE CA,7.97,Personal - Food,Meals & Entertainment,Poseidon Partners,Personal item (category marked personal),Personal expense paid from business account — propose Due From Owner / Owner Distribution pending substantiation.,82
2025-11-02,2025_Poseidon_Partners_AmexCharges.xlsx,Unassigned / Allocation Required,CASA MANANA Fort Worth TX,7.8,Personal - Entertainment,Suspense & Review,Unassigned / Allocation Required,Personal item (category marked personal),Personal expense paid from business account — propose Due From Owner / Owner Distribution pending substantiation.,40
2025-07-09,2025_PlumCard_Dunnings.xlsx,DWG Capital Partners,TST* CORAZON COCINA SANTA BARBARA,7.69,Personal - Food,Suspense & Review,DWG Capital Partners,Personal item (B/P flag = personal),Personal expense paid from business account — propose Due From Owner / Owner Distribution pending substantiation.,45
2025-12-07,2025_Poseidon_Partners_AmexCharges.xlsx,Unassigned / Allocation Required,STARBUCKS 85549 STARLOS ANGELES CA,7.61,Personal - Food,Meals & Entertainment,Unassigned / Allocation Required,Personal item (category marked personal),Personal expense paid from business account — propose Due From Owner / Owner Distribution pending substantiation.,40
2026-05-10,MarJune_2026_Poseidon_Partners_Amex_Charges.xlsx,Poseidon Partners,DRIP DADDY WEST HOLLYWOO CA,7.58,Personal - Food,Suspense & Review,Poseidon Partners,Personal item (category marked personal),Personal expense paid from business account — propose Due From Owner / Owner Distribution pending substantiation.,45
2025-09-30,2025_Poseidon_Partners_AmexCharges.xlsx,Unassigned / Allocation Required,FRAUD CREDIT,-7.57,FRAUD CREDIT,Suspense & Review,Unassigned / Allocation Required,Refund/credit/points; Same-file repeat — verify not double-entered (SFR-0034),Credit / refund / points — contra to original expense; confirm matching original charge.,40
2025-09-30,2025_Poseidon_Partners_AmexCharges.xlsx,Unassigned / Allocation Required,FRAUD CREDIT,-7.57,FRAUD CREDIT,Suspense & Review,Unassigned / Allocation Required,Refund/credit/points; Same-file repeat — verify not double-entered (SFR-0034),Credit / refund / points — contra to original expense; confirm matching original charge.,40
2025-09-29,2025_Poseidon_Partners_AmexCharges.xlsx,Unassigned / Allocation Required,PRIME VIDEO *6A18I4W888-802-3080 WA,7.57,Software & Subscriptions,Software & Technology,Unassigned / Allocation Required,Entity unassigned,Entity could not be determined from source — allocate before consolidation.,40
2025-09-25,2025_Poseidon_Partners_AmexCharges.xlsx,Unassigned / Allocation Required,PRIME VIDEO CHANNELSAMZN.COM/BILL WA,7.57,Amazon,Office,Unassigned / Allocation Required,Entity unassigned,Entity could not be determined from source — allocate before consolidation.,40
2025-10-30,2025_Poseidon_Partners_AmexCharges.xlsx,Unassigned / Allocation Required,TST* GRANADA THEATERDALLAS TX,7.39,Personal - Food,Suspense & Review,Unassigned / Allocation Required,Personal item (category marked personal),Personal expense paid from business account — propose Due From Owner / Owner Distribution pending substantiation.,40
2025-09-10,2025_Poseidon_Partners_AmexCharges.xlsx,Unassigned / Allocation Required,VENICE LIQUOR 650000LOS ANGELES CA,7.38,Personal - Food,Suspense & Review,Unassigned / Allocation Required,Personal item (category marked personal),Personal expense paid from business account — propose Due From Owner / Owner Distribution pending substantiation.,40
2025-09-30,2025_Poseidon_Partners_AmexCharges.xlsx,Unassigned / Allocation Required,CR ADJ PURCH FIN CHG,-7.11,TBD,Suspense & Review,Unassigned / Allocation Required,Refund/credit/points,Credit / refund / points — contra to original expense; confirm matching original charge.,40
2025-06-03,2025_Poseidon_Partners_AmexCharges.xlsx,Unassigned / Allocation Required,Starbucks PS CMH Columbus OH,7.05,Ohio Site Visit,Meals & Entertainment,Unassigned / Allocation Required,Entity unassigned,Entity could not be determined from source — allocate before consolidation.,40
2025-11-22,2025_Poseidon_Partners_AmexCharges.xlsx,Unassigned / Allocation Required,ALANA'S COFFEE ROASTLos Angeles CA,7.0,Personal - Food,Meals & Entertainment,Unassigned / Allocation Required,Personal item (category marked personal),Personal expense paid from business account — propose Due From Owner / Owner Distribution pending substantiation.,40
2025-11-16,2025_Poseidon_Partners_AmexCharges.xlsx,Unassigned / Allocation Required,THE ODYSSEY THEATRE Los Angeles CA,7.0,Personal - Entertainment,Suspense & Review,Unassigned / Allocation Required,Personal item (category marked personal),Personal expense paid from business account — propose Due From Owner / Owner Distribution pending substantiation.,40
2025-09-11,2025_Poseidon_Partners_AmexCharges.xlsx,Unassigned / Allocation Required,ALANA'S COFFEE ROASTLos Angeles CA,7.0,Personal - Food,Meals & Entertainment,Unassigned / Allocation Required,Personal item (category marked personal),Personal expense paid from business account — propose Due From Owner / Owner Distribution pending substantiation.,40
2025-03-13,2025_Poseidon_Partners_AmexCharges.xlsx,Unassigned / Allocation Required,ALANA'S COFFEE ROASTLos Angeles CA,7.0,Personal - Food,Meals & Entertainment,Unassigned / Allocation Required,Personal item (category marked personal),Personal expense paid from business account — propose Due From Owner / Owner Distribution pending substantiation.,40
2026-01-16,JanFeb_2026_Poseidon_Partners_Amex_Charges.xlsx,Poseidon Partners,MANHATTAN BEACH PARKMANHATTAN BEA CA,7.0,Personal - Car,Auto,Poseidon Partners,Personal item (category marked personal),Personal expense paid from business account — propose Due From Owner / Owner Distribution pending substantiation.,76
2026-05-17,MarJune_2026_Poseidon_Partners_Amex_Charges.xlsx,Poseidon Partners,MANHATTAN BEACH PARKMANHATTAN BEA CA,7.0,Personal - Car,Auto,Poseidon Partners,Personal item (category marked personal),Personal expense paid from business account — propose Due From Owner / Owner Distribution pending substantiation.,76
2026-05-24,MarJune_2026_Poseidon_Partners_Amex_Charges.xlsx,Poseidon Partners,TST* CLEAN JUICE - CFORT WORTH TX,6.94,Personal - Food,Suspense & Review,Poseidon Partners,Personal item (category marked personal),Personal expense paid from business account — propose Due From Owner / Owner Distribution pending substantiation.,45
2026-04-04,MarJune_2026_Poseidon_Partners_Amex_Charges.xlsx,Poseidon Partners,CICIOSO BH ÉVORA,6.93,Judd & Angela - Portugal,Suspense & Review,Poseidon Partners,Unmapped category,Unmapped — assign to Suspense & Review pending classification.,45
2025-09-30,2025_Poseidon_Partners_AmexCharges.xlsx,Unassigned / Allocation Required,CR ADJ PURCH FIN CHG,-6.88,TBD,Suspense & Review,Unassigned / Allocation Required,Refund/credit/points,Credit / refund / points — contra to original expense; confirm matching original charge.,40
2025-06-03,2025_Poseidon_Partners_AmexCharges.xlsx,Unassigned / Allocation Required,STARBUCKS 85549 STARLOS ANGELES CA,6.77,Personal - Food,Meals & Entertainment,Unassigned / Allocation Required,Personal item (category marked personal),Personal expense paid from business account — propose Due From Owner / Owner Distribution pending substantiation.,40
2025-09-30,2025_Poseidon_Partners_AmexCharges.xlsx,Unassigned / Allocation Required,CR ADJ PURCH FIN CHG,-6.76,TBD,Suspense & Review,Unassigned / Allocation Required,Refund/credit/points,Credit / refund / points — contra to original expense; confirm matching original charge.,40
2026-03-18,MarJune_2026_Poseidon_Partners_Amex_Charges.xlsx,Poseidon Partners,ALANA'S COFFEE ROASTLos Angeles CA,6.75,Personal - Food,Meals & Entertainment,Poseidon Partners,Personal item (category marked personal),Personal expense paid from business account — propose Due From Owner / Owner Distribution pending substantiation.,82
2025-08-20,2025_PlumCard_Dunnings.xlsx,DWG Capital Partners,LOVE'S #0273 INSIDE/WEATHERFORD,6.72,Personal - Car,Auto,DWG Capital Partners,Personal item (B/P flag = personal),Personal expense paid from business account — propose Due From Owner / Owner Distribution pending substantiation.,76
2025-11-30,2025_Poseidon_Partners_AmexCharges.xlsx,Unassigned / Allocation Required,UNION 76 10194728 LOS ANGELES CA,6.69,Personal - Car,Auto,Unassigned / Allocation Required,Personal item (category marked personal),Personal expense paid from business account — propose Due From Owner / Owner Distribution pending substantiation.,40
2025-09-30,2025_Poseidon_Partners_AmexCharges.xlsx,Unassigned / Allocation Required,CR ADJ PURCH FIN CHG,-6.66,TBD,Suspense & Review,Unassigned / Allocation Required,Refund/credit/points,Credit / refund / points — contra to original expense; confirm matching original charge.,40
2025-08-06,2025_Poseidon_Partners_AmexCharges.xlsx,Unassigned / Allocation Required,TST* BLUEYS KITCHEN LOS ANGELES CA,6.59,Personal - Food,Suspense & Review,Unassigned / Allocation Required,Personal item (category marked personal),Personal expense paid from business account — propose Due From Owner / Owner Distribution pending substantiation.,40
2025-04-08,2025_Poseidon_Partners_AmexCharges.xlsx,Unassigned / Allocation Required,CAFFETTERIA BATTISTESIENA,6.59,Italy Trip (Judd/Angela),Suspense & Review,Unassigned / Allocation Required,Unmapped category,Unmapped — assign to Suspense & Review pending classification.,40
2026-02-12,JanFeb_2026_Poseidon_Partners_Amex_Charges.xlsx,Poseidon Partners,SPIRAL STAIRCASE AT TOPANGA CA,6.53,Personal - Family,General & Administrative,Poseidon Partners,Personal item (category marked personal),Personal expense paid from business account — propose Due From Owner / Owner Distribution pending substantiation.,55
2025-04-01,2025_PlumCard_Dunnings.xlsx,DWG Capital Partners,CAFFE' ILLY MOLO E,6.5,Judd/Angela Italy Trip,Suspense & Review,DWG Capital Partners,Personal item (B/P flag = personal),Personal expense paid from business account — propose Due From Owner / Owner Distribution pending substantiation.,45
2025-09-30,2025_Poseidon_Partners_AmexCharges.xlsx,Unassigned / Allocation Required,FRAUD CREDIT,-6.5,FRAUD CREDIT,Suspense & Review,Unassigned / Allocation Required,Refund/credit/points,Credit / refund / points — contra to original expense; confirm matching original charge.,40
2025-09-28,2025_Poseidon_Partners_AmexCharges.xlsx,Unassigned / Allocation Required,LE CAFE DE LA PLAGE-Malibu CA,6.49,Personal - Food,Suspense & Review,Unassigned / Allocation Required,Personal item (category marked personal),Personal expense paid from business account — propose Due From Owner / Owner Distribution pending substantiation.,40
2025-02-06,2025_Poseidon_Partners_AmexCharges.xlsx,Unassigned / Allocation Required,KINDLE SVCS*Z73BZ02Q888-802-3080 WA,6.48,Personal - Entertainment,Suspense & Review,Unassigned / Allocation Required,Personal item (category marked personal),Personal expense paid from business account — propose Due From Owner / Owner Distribution pending substantiation.,40
2025-02-06,2025_Poseidon_Partners_AmexCharges.xlsx,Unassigned / Allocation Required,STARBUCKS 85549 STARLOS ANGELES CA,6.24,Personal - Food,Meals & Entertainment,Unassigned / Allocation Required,Personal item (category marked personal),Personal expense paid from business account — propose Due From Owner / Owner Distribution pending substantiation.,40
2025-12-18,2025_PlumCard_Dunnings.xlsx,DWG Capital Partners,BCF - COASTAL RENAISVICTORIA,6.23,Family Trip,Travel,DWG Capital Partners,Personal item (B/P flag = personal),Personal expense paid from business account — propose Due From Owner / Owner Distribution pending substantiation.,60
2025-08-17,2025_Poseidon_Partners_AmexCharges.xlsx,Unassigned / Allocation Required,WALGREENS WEATHERFORD TX,6.19,Personal - Health,Suspense & Review,Unassigned / Allocation Required,Personal item (category marked personal),Personal expense paid from business account — propose Due From Owner / Owner Distribution pending substantiation.,40
2025-05-17,2025_PlumCard_Dunnings.xlsx,DWG Capital Partners,AMAZON PRIME*NW35D0G888-802-3080,5.99,Personal - Entertainment,Office,DWG Capital Partners,Personal item (B/P flag = personal),Personal expense paid from business account — propose Due From Owner / Owner Distribution pending substantiation.,70
2025-02-12,2025_PlumCard_Dunnings.xlsx,DWG Capital Partners,DNH*GODADDY#35825888Tempe,5.99,Go Daddy,Suspense & Review,DWG Capital Partners,Unmapped category,Unmapped — assign to Suspense & Review pending classification.,45
2025-09-02,2025_Poseidon_Partners_AmexCharges.xlsx,Unassigned / Allocation Required,DNH*GODADDY#38768106Tempe AZ,5.99,Go Daddy,Suspense & Review,Unassigned / Allocation Required,Unmapped category,Unmapped — assign to Suspense & Review pending classification.,40
2025-12-13,2025_Poseidon_Partners_AmexCharges.xlsx,Unassigned / Allocation Required,TST* GRADUATE HOTELSCOLUMBUS OH,5.97,Team Travel (Judd),Travel,Unassigned / Allocation Required,Entity unassigned,Entity could not be determined from source — allocate before consolidation.,40
2025-05-22,2025_Poseidon_Partners_AmexCharges.xlsx,Unassigned / Allocation Required,PY *DKB GROUP LLC 00NEW ORLEANS LA,5.88,New Orleans Family Trip,Travel,Unassigned / Allocation Required,Personal item (category marked family/household),Personal expense paid from business account — propose Due From Owner / Owner Distribution pending substantiation.,40
2025-09-30,2025_Poseidon_Partners_AmexCharges.xlsx,Unassigned / Allocation Required,CR ADJ PURCH FIN CHG,-5.84,TBD,Suspense & Review,Unassigned / Allocation Required,Refund/credit/points,Credit / refund / points — contra to original expense; confirm matching original charge.,40
2025-06-05,2025_Poseidon_Partners_AmexCharges.xlsx,Unassigned / Allocation Required,TST* GRADUATE HOTELSCOLUMBUS OH,5.76,Ohio Site Visit,Travel,Unassigned / Allocation Required,Entity unassigned,Entity could not be determined from source — allocate before consolidation.,40
2025-08-30,2025_Poseidon_Partners_AmexCharges.xlsx,Unassigned / Allocation Required,Umami Burger TBIT LALos Angeles CA,5.48,Costa Rica Trip,Suspense & Review,Unassigned / Allocation Required,Unmapped category,Unmapped — assign to Suspense & Review pending classification.,40
2025-09-19,2025_Poseidon_Partners_AmexCharges.xlsx,Unassigned / Allocation Required,PRIME VIDEO *WC12G67888-802-3080 WA,5.4,Personal - Entertainment,Suspense & Review,Unassigned / Allocation Required,Personal item (category marked personal),Personal expense paid from business account — propose Due From Owner / Owner Distribution pending substantiation.,40
2025-11-29,2025_PlumCard_Dunnings.xlsx,DWG Capital Partners,VENMO *JAMES BRANAMA8558124430,5.15,Venmo,Suspense & Review,DWG Capital Partners,Unmapped category,Unmapped — assign to Suspense & Review pending classification.,45
2025-09-30,2025_Poseidon_Partners_AmexCharges.xlsx,Unassigned / Allocation Required,CR ADJ PURCH FIN CHG,-5.05,TBD,Suspense & Review,Unassigned / Allocation Required,Refund/credit/points,Credit / refund / points — contra to original expense; confirm matching original charge.,40
2025-07-06,2025_PlumCard_Dunnings.xlsx,DWG Capital Partners,AplPay BIRD APP* PENMIAMI,5.0,Personal - Entertainment,Suspense & Review,DWG Capital Partners,Personal item (B/P flag = personal); Same-file repeat — verify not double-entered (SFR-0002),Personal expense paid from business account — propose Due From Owner / Owner Distribution pending substantiation.,45
2025-07-06,2025_PlumCard_Dunnings.xlsx,DWG Capital Partners,AplPay BIRD APP* PENMIAMI,5.0,Personal - Entertainment,Suspense & Review,DWG Capital Partners,Personal item (B/P flag = personal); Same-file repeat — verify not double-entered (SFR-0002),Personal expense paid from business account — propose Due From Owner / Owner Distribution pending substantiation.,45
2025-04-30,2025_Poseidon_Partners_AmexCharges.xlsx,Unassigned / Allocation Required,CTLP*Funky Photo BooCHANDLER AZ,5.0,Personal - Entertainment,Suspense & Review,Unassigned / Allocation Required,Personal item (category marked personal),Personal expense paid from business account — propose Due From Owner / Owner Distribution pending substantiation.,40
2025-03-17,2025_Poseidon_Partners_AmexCharges.xlsx,Unassigned / Allocation Required,TST* INTELLIGENTSIA VENICE CA,5.0,Personal - Food,Suspense & Review,Unassigned / Allocation Required,Personal item (category marked personal),Personal expense paid from business account — propose Due From Owner / Owner Distribution pending substantiation.,40
2025-03-03,2025_Poseidon_Partners_AmexCharges.xlsx,Unassigned / Allocation Required,FOUND:RE PHOENIX 068PHOENIX AZ,5.0,Team Travel (Judd),Travel,Unassigned / Allocation Required,Entity unassigned,Entity could not be determined from source — allocate before consolidation.,40
2025-09-30,2025_Poseidon_Partners_AmexCharges.xlsx,Unassigned / Allocation Required,CR ADJ PURCH FIN CHG,-4.83,TBD,Suspense & Review,Unassigned / Allocation Required,Refund/credit/points,Credit / refund / points — contra to original expense; confirm matching original charge.,40
2025-12-18,2025_PlumCard_Dunnings.xlsx,DWG Capital Partners,WOK N ROLL RESTAURANDELTA,4.74,Family Trip,Travel,DWG Capital Partners,Personal item (B/P flag = personal),Personal expense paid from business account — propose Due From Owner / Owner Distribution pending substantiation.,84
2025-09-30,2025_Poseidon_Partners_AmexCharges.xlsx,Unassigned / Allocation Required,CR ADJ PURCH FIN CHG,-4.56,TBD,Suspense & Review,Unassigned / Allocation Required,Refund/credit/points,Credit / refund / points — contra to original expense; confirm matching original charge.,40
2025-10-05,2025_Poseidon_Partners_AmexCharges.xlsx,Unassigned / Allocation Required,COFFEE BEAN & TEA MARINA DEL RE CA,4.55,Personal - Food,Meals & Entertainment,Unassigned / Allocation Required,Personal item (category marked personal),Personal expense paid from business account — propose Due From Owner / Owner Distribution pending substantiation.,40
2025-10-21,2025_Poseidon_Partners_AmexCharges.xlsx,Unassigned / Allocation Required,STARBUCKS STORE 9848FORT WORTH TX,4.52,Personal - Food,Meals & Entertainment,Unassigned / Allocation Required,Personal item (category marked personal),Personal expense paid from business account — propose Due From Owner / Owner Distribution pending substantiation.,40
2025-09-30,2025_Poseidon_Partners_AmexCharges.xlsx,Unassigned / Allocation Required,CR ADJ PURCH FIN CHG,-4.52,TBD,Suspense & Review,Unassigned / Allocation Required,Refund/credit/points,Credit / refund / points — contra to original expense; confirm matching original charge.,40
2025-09-30,2025_Poseidon_Partners_AmexCharges.xlsx,Unassigned / Allocation Required,CR ADJ PURCH FIN CHG,-4.5,TBD,Suspense & Review,Unassigned / Allocation Required,Refund/credit/points,Credit / refund / points — contra to original expense; confirm matching original charge.,40
2026-03-06,MarJune_2026_Poseidon_Partners_Amex_Charges.xlsx,Poseidon Partners,LADOT METER PARKING LOS ANGELES CA,4.5,Personal - Car,Auto,Poseidon Partners,Personal item (category marked personal),Personal expense paid from business account — propose Due From Owner / Owner Distribution pending substantiation.,76
2025-09-30,2025_Poseidon_Partners_AmexCharges.xlsx,Unassigned / Allocation Required,CR ADJ PURCH FIN CHG,-4.38,TBD,Suspense & Review,Unassigned / Allocation Required,Refund/credit/points,Credit / refund / points — contra to original expense; confirm matching original charge.,40
2025-02-06,2025_Poseidon_Partners_AmexCharges.xlsx,Unassigned / Allocation Required,KINDLE SVCS*Z73H04G4888-802-3080 WA,4.32,Personal - Entertainment,Suspense & Review,Unassigned / Allocation Required,Personal item (category marked personal); Same-file repeat — verify not double-entered (SFR-0058),Personal expense paid from business account — propose Due From Owner / Owner Distribution pending substantiation.,40
2025-02-06,2025_Poseidon_Partners_AmexCharges.xlsx,Unassigned / Allocation Required,KINDLE SVCS*Z74NL0GU888-802-3080 WA,4.32,Personal - Entertainment,Suspense & Review,Unassigned / Allocation Required,Personal item (category marked personal); Same-file repeat — verify not double-entered (SFR-0058),Personal expense paid from business account — propose Due From Owner / Owner Distribution pending substantiation.,40
2025-09-30,2025_Poseidon_Partners_AmexCharges.xlsx,Unassigned / Allocation Required,CR ADJ PURCH FIN CHG,-4.3,TBD,Suspense & Review,Unassigned / Allocation Required,Refund/credit/points,Credit / refund / points — contra to original expense; confirm matching original charge.,40
2025-09-30,2025_Poseidon_Partners_AmexCharges.xlsx,Unassigned / Allocation Required,CR ADJ PURCH FIN CHG,-4.28,TBD,Suspense & Review,Unassigned / Allocation Required,Refund/credit/points,Credit / refund / points — contra to original expense; confirm matching original charge.,40
2025-05-02,2025_PlumCard_Dunnings.xlsx,DWG Capital Partners,EARLY PAY DISCOUNT,-4.27,Early Pay Discount,Suspense & Review,DWG Capital Partners,Refund/credit/points,Credit / refund / points — contra to original expense; confirm matching original charge.,45
2025-10-17,2025_Poseidon_Partners_AmexCharges.xlsx,Unassigned / Allocation Required,STARBUCKS STORE 6932WEATHERFORD TX,4.19,Personal - Food,Meals & Entertainment,Unassigned / Allocation Required,Personal item (category marked personal),Personal expense paid from business account — propose Due From Owner / Owner Distribution pending substantiation.,40
2025-06-21,2025_Poseidon_Partners_AmexCharges.xlsx,Unassigned / Allocation Required,PRIME VIDEO *NQ2JH1F888-802-3080 WA,4.1,Personal - Entertainment,Suspense & Review,Unassigned / Allocation Required,Personal item (category marked personal),Personal expense paid from business account — propose Due From Owner / Owner Distribution pending substantiation.,40
2025-10-04,2025_Poseidon_Partners_AmexCharges.xlsx,Unassigned / Allocation Required,CITY OF SANTA MONICASANTA MONICA CA,4.0,Personal - Car,Auto,Unassigned / Allocation Required,Personal item (category marked personal),Personal expense paid from business account — propose Due From Owner / Owner Distribution pending substantiation.,40
2025-06-27,2025_Poseidon_Partners_AmexCharges.xlsx,Unassigned / Allocation Required,LAGARDERE TR AND PARATLANTA GA,3.99,Personal - Car,Auto,Unassigned / Allocation Required,Personal item (category marked personal),Personal expense paid from business account — propose Due From Owner / Owner Distribution pending substantiation.,40
2025-12-31,2025_PlumCard_Dunnings.xlsx,DWG Capital Partners,STARBUCKS US,3.84,Family Trip,Meals & Entertainment,DWG Capital Partners,Personal item (B/P flag = personal),Personal expense paid from business account — propose Due From Owner / Owner Distribution pending substantiation.,82
2025-09-26,2025_Poseidon_Partners_AmexCharges.xlsx,Unassigned / Allocation Required,FAARHA INC #43159 88LOS ANGELES CA,3.83,Personal - Car,Auto,Unassigned / Allocation Required,Personal item (category marked personal),Personal expense paid from business account — propose Due From Owner / Owner Distribution pending substantiation.,40
2025-12-18,2025_PlumCard_Dunnings.xlsx,DWG Capital Partners,BCF - COASTAL RENAISVICTORIA,3.81,Family Trip,Travel,DWG Capital Partners,Personal item (B/P flag = personal),Personal expense paid from business account — propose Due From Owner / Owner Distribution pending substantiation.,60
2025-09-30,2025_Poseidon_Partners_AmexCharges.xlsx,Unassigned / Allocation Required,CR ADJ PURCH FIN CHG,-3.58,TBD,Suspense & Review,Unassigned / Allocation Required,Refund/credit/points,Credit / refund / points — contra to original expense; confirm matching original charge.,40
2025-04-03,2025_Poseidon_Partners_AmexCharges.xlsx,Unassigned / Allocation Required,COCO CAFE ROMA,3.34,Italy Trip (Judd/Angela),Suspense & Review,Unassigned / Allocation Required,Unmapped category,Unmapped — assign to Suspense & Review pending classification.,40
2026-05-18,MarJune_2026_Poseidon_Partners_Amex_Charges.xlsx,Poseidon Partners,CITY OF SANTA MONICASANTA MONICA CA,3.25,Personal - Car,Auto,Poseidon Partners,Personal item (category marked personal),Personal expense paid from business account — propose Due From Owner / Owner Distribution pending substantiation.,76
2026-03-24,MarJune_2026_Poseidon_Partners_Amex_Charges.xlsx,Poseidon Partners,CITY OF SANTA MONICASANTA MONICA CA,3.25,Personal - Car,Auto,Poseidon Partners,Personal item (category marked personal),Personal expense paid from business account — propose Due From Owner / Owner Distribution pending substantiation.,76
2025-10-06,2025_Poseidon_Partners_AmexCharges.xlsx,Unassigned / Allocation Required,AMAZON PRIME*NV8WW00AMZN.COM/BILL WA,3.24,Amazon,Office,Unassigned / Allocation Required,Entity unassigned,Entity could not be determined from source — allocate before consolidation.,40
2025-09-06,2025_Poseidon_Partners_AmexCharges.xlsx,Unassigned / Allocation Required,AMAZON PRIME*CA6506BAMZN.COM/BILL WA,3.24,Amazon,Office,Unassigned / Allocation Required,Entity unassigned,Entity could not be determined from source — allocate before consolidation.,40
2025-08-06,2025_Poseidon_Partners_AmexCharges.xlsx,Unassigned / Allocation Required,AMAZON PRIME*949626YAMZN.COM/BILL WA,3.24,Amazon,Office,Unassigned / Allocation Required,Entity unassigned,Entity could not be determined from source — allocate before consolidation.,40
2025-07-06,2025_Poseidon_Partners_AmexCharges.xlsx,Unassigned / Allocation Required,AMAZON PRIME*N31RK8IAMZN.COM/BILL WA,3.24,Amazon,Office,Unassigned / Allocation Required,Entity unassigned,Entity could not be determined from source — allocate before consolidation.,40
2025-06-06,2025_Poseidon_Partners_AmexCharges.xlsx,Unassigned / Allocation Required,AMAZON PRIME*N62MH49AMZN.COM/BILL WA,3.24,Amazon,Office,Unassigned / Allocation Required,Entity unassigned,Entity could not be determined from source — allocate before consolidation.,40
2025-05-06,2025_Poseidon_Partners_AmexCharges.xlsx,Unassigned / Allocation Required,AMAZON PRIME*NB2FR2DAMZN.COM/BILL WA,3.24,Amazon,Office,Unassigned / Allocation Required,Entity unassigned,Entity could not be determined from source — allocate before consolidation.,40
2025-04-06,2025_Poseidon_Partners_AmexCharges.xlsx,Unassigned / Allocation Required,AMAZON PRIME*FO78Q42AMZN.COM/BILL WA,3.24,Amazon,Office,Unassigned / Allocation Required,Entity unassigned,Entity could not be determined from source — allocate before consolidation.,40
2025-03-24,2025_Poseidon_Partners_AmexCharges.xlsx,Unassigned / Allocation Required,AMAZON MARKETPLACE NAMZN.COM/BILL WA,-3.24,Amazon,Office,Unassigned / Allocation Required,Refund/credit/points,Credit / refund / points — contra to original expense; confirm matching original charge.,40
2025-03-06,2025_Poseidon_Partners_AmexCharges.xlsx,Unassigned / Allocation Required,AMAZON PRIME*YB2WL5SAMZN.COM/BILL WA,3.24,Amazon,Office,Unassigned / Allocation Required,Entity unassigned,Entity could not be determined from source — allocate before consolidation.,40
2025-02-06,2025_Poseidon_Partners_AmexCharges.xlsx,Unassigned / Allocation Required,AMAZON PRIME*6D3S52FAMZN.COM/BILL WA,3.24,Amazon,Office,Unassigned / Allocation Required,Entity unassigned,Entity could not be determined from source — allocate before consolidation.,40
2025-01-06,2025_Poseidon_Partners_AmexCharges.xlsx,Unassigned / Allocation Required,AMAZON PRIME*ZD2AV0FAMZN.COM/BILL WA,3.24,Amazon,Office,Unassigned / Allocation Required,Entity unassigned,Entity could not be determined from source — allocate before consolidation.,40
2025-12-30,2025_PlumCard_Dunnings.xlsx,DWG Capital Partners,SAVE ON FOODS #999,3.17,Family Trip,Travel,DWG Capital Partners,Personal item (B/P flag = personal),Personal expense paid from business account — propose Due From Owner / Owner Distribution pending substantiation.,60
2025-02-08,2025_Poseidon_Partners_AmexCharges.xlsx,Unassigned / Allocation Required,NYX=VENDIBEAN 650000SAN DIEGO CA,3.15,Personal - Food,Suspense & Review,Unassigned / Allocation Required,Personal item (category marked personal),Personal expense paid from business account — propose Due From Owner / Owner Distribution pending substantiation.,40
2025-01-01,2025_Poseidon_Partners_AmexCharges.xlsx,Unassigned / Allocation Required,COYOTE COFFEE CORPORNanaimo CA,3.13,Personal - Food,Meals & Entertainment,Unassigned / Allocation Required,Personal item (category marked personal),Personal expense paid from business account — propose Due From Owner / Owner Distribution pending substantiation.,40
2025-06-21,2025_Poseidon_Partners_AmexCharges.xlsx,Unassigned / Allocation Required,PRIME VIDEO *NO03I71888-802-3080 WA,3.02,Personal - Entertainment,Suspense & Review,Unassigned / Allocation Required,Personal item (category marked personal),Personal expense paid from business account — propose Due From Owner / Owner Distribution pending substantiation.,40
2025-12-16,2025_Poseidon_Partners_AmexCharges.xlsx,Unassigned / Allocation Required,ACE PARKING 2231 223PLAYA VISTA CA,3.0,Personal - Car,Auto,Unassigned / Allocation Required,Personal item (category marked personal),Personal expense paid from business account — propose Due From Owner / Owner Distribution pending substantiation.,40
2025-08-13,2025_Poseidon_Partners_AmexCharges.xlsx,Unassigned / Allocation Required,DFW AIRPORT PARKING DFW AIRPORT TX,3.0,Miami Investor Trip,Auto,Unassigned / Allocation Required,Entity unassigned,Entity could not be determined from source — allocate before consolidation.,40
2026-02-14,JanFeb_2026_Poseidon_Partners_Amex_Charges.xlsx,Poseidon Partners,JOES PRKG HOWARD HUGLOS ANGELES CA,3.0,Personal - Car,Auto,Poseidon Partners,Personal item (category marked personal),Personal expense paid from business account — propose Due From Owner / Owner Distribution pending substantiation.,76
2026-03-26,MarJune_2026_Poseidon_Partners_Amex_Charges.xlsx,Poseidon Partners,YUM YUM DONUTS LOS ANGELES CA,3.0,Personal - Food,Suspense & Review,Poseidon Partners,Personal item (category marked personal),Personal expense paid from business account — propose Due From Owner / Owner Distribution pending substantiation.,45
2026-04-01,MarJune_2026_Poseidon_Partners_Amex_Charges.xlsx,Poseidon Partners,A S AVEIRAS AZAMBUJA,2.99,Judd & Angela - Portugal,Suspense & Review,Poseidon Partners,Unmapped category,Unmapped — assign to Suspense & Review pending classification.,45
2025-09-30,2025_Poseidon_Partners_AmexCharges.xlsx,Unassigned / Allocation Required,CR ADJ PURCH FIN CHG,-2.98,TBD,Suspense & Review,Unassigned / Allocation Required,Refund/credit/points,Credit / refund / points — contra to original expense; confirm matching original charge.,40
2025-09-30,2025_Poseidon_Partners_AmexCharges.xlsx,Unassigned / Allocation Required,CR ADJ PURCH FIN CHG,-2.88,TBD,Suspense & Review,Unassigned / Allocation Required,Refund/credit/points,Credit / refund / points — contra to original expense; confirm matching original charge.,40
2025-09-30,2025_Poseidon_Partners_AmexCharges.xlsx,Unassigned / Allocation Required,CR ADJ PURCH FIN CHG,-2.87,TBD,Suspense & Review,Unassigned / Allocation Required,Refund/credit/points; Same-file repeat — verify not double-entered (SFR-0009),Credit / refund / points — contra to original expense; confirm matching original charge.,40
2025-09-30,2025_Poseidon_Partners_AmexCharges.xlsx,Unassigned / Allocation Required,CR ADJ PURCH FIN CHG,-2.87,TBD,Suspense & Review,Unassigned / Allocation Required,Refund/credit/points; Same-file repeat — verify not double-entered (SFR-0009),Credit / refund / points — contra to original expense; confirm matching original charge.,40
2025-09-30,2025_Poseidon_Partners_AmexCharges.xlsx,Unassigned / Allocation Required,CR ADJ PURCH FIN CHG,-2.71,TBD,Suspense & Review,Unassigned / Allocation Required,Refund/credit/points,Credit / refund / points — contra to original expense; confirm matching original charge.,40
2025-09-30,2025_Poseidon_Partners_AmexCharges.xlsx,Unassigned / Allocation Required,CR ADJ PURCH FIN CHG,-2.67,TBD,Suspense & Review,Unassigned / Allocation Required,Refund/credit/points,Credit / refund / points — contra to original expense; confirm matching original charge.,40
2025-03-23,2025_PlumCard_Dunnings.xlsx,DWG Capital Partners,UBER EATS,-2.51,Judd/Angela Italy Trip,Travel,DWG Capital Partners,Personal item (B/P flag = personal),Personal expense paid from business account — propose Due From Owner / Owner Distribution pending substantiation.,84
2025-06-28,2025_Poseidon_Partners_AmexCharges.xlsx,Unassigned / Allocation Required,CITY OF SANTA MONICASANTA MONICA CA,2.5,Personal - Car,Auto,Unassigned / Allocation Required,Personal item (category marked personal),Personal expense paid from business account — propose Due From Owner / Owner Distribution pending substantiation.,40
2025-09-30,2025_Poseidon_Partners_AmexCharges.xlsx,Unassigned / Allocation Required,CR ADJ PURCH FIN CHG,-2.35,TBD,Suspense & Review,Unassigned / Allocation Required,Refund/credit/points,Credit / refund / points — contra to original expense; confirm matching original charge.,40
2025-03-27,2025_Poseidon_Partners_AmexCharges.xlsx,Unassigned / Allocation Required,TST* BLUEYS KITCHEN LOS ANGELES CA,2.35,Personal - Food,Suspense & Review,Unassigned / Allocation Required,Personal item (category marked personal),Personal expense paid from business account — propose Due From Owner / Owner Distribution pending substantiation.,40
2025-09-30,2025_Poseidon_Partners_AmexCharges.xlsx,Unassigned / Allocation Required,CR ADJ PURCH FIN CHG,-2.3,TBD,Suspense & Review,Unassigned / Allocation Required,Refund/credit/points,Credit / refund / points — contra to original expense; confirm matching original charge.,40
2025-09-30,2025_Poseidon_Partners_AmexCharges.xlsx,Unassigned / Allocation Required,CR ADJ PURCH FIN CHG,-2.03,TBD,Suspense & Review,Unassigned / Allocation Required,Refund/credit/points,Credit / refund / points — contra to original expense; confirm matching original charge.,40
2025-08-02,2025_PlumCard_Dunnings.xlsx,DWG Capital Partners,ABM PARKING CARDIFF CULVER CITY,2.0,Personal - Car,Auto,DWG Capital Partners,Personal item (B/P flag = personal),Personal expense paid from business account — propose Due From Owner / Owner Distribution pending substantiation.,76
2025-10-15,2025_Poseidon_Partners_AmexCharges.xlsx,Unassigned / Allocation Required,DFW AIRPORT PARKING DFW AIRPORT TX,2.0,Personal - Car,Auto,Unassigned / Allocation Required,Personal item (category marked personal),Personal expense paid from business account — propose Due From Owner / Owner Distribution pending substantiation.,40
2025-09-11,2025_Poseidon_Partners_AmexCharges.xlsx,Unassigned / Allocation Required,LADOT METER PARKING LOS ANGELES CA,2.0,Personal - Car,Auto,Unassigned / Allocation Required,Personal item (category marked personal),Personal expense paid from business account — propose Due From Owner / Owner Distribution pending substantiation.,40
2025-08-20,2025_Poseidon_Partners_AmexCharges.xlsx,Unassigned / Allocation Required,CFW PARKING METER FORT WORTH TX,2.0,Personal - Car,Auto,Unassigned / Allocation Required,Personal item (category marked personal),Personal expense paid from business account — propose Due From Owner / Owner Distribution pending substantiation.,40
2025-07-09,2025_Poseidon_Partners_AmexCharges.xlsx,Unassigned / Allocation Required,RVA *SVC CHAIN ATLANTA GA,2.0,TBD,Suspense & Review,Unassigned / Allocation Required,Unmapped category,Unmapped — assign to Suspense & Review pending classification.,40
2026-01-14,JanFeb_2026_Poseidon_Partners_Amex_Charges.xlsx,Poseidon Partners,LADOT METER PARKING LOS ANGELES CA,2.0,Personal - Car,Auto,Poseidon Partners,Personal item (category marked personal),Personal expense paid from business account — propose Due From Owner / Owner Distribution pending substantiation.,76
2025-09-02,2025_Poseidon_Partners_AmexCharges.xlsx,Unassigned / Allocation Required,ZARPE O QUE PARRITA PUNTARENAS PU,1.99,Costa Rica Trip,Suspense & Review,Unassigned / Allocation Required,Unmapped category,Unmapped — assign to Suspense & Review pending classification.,40
2025-09-30,2025_Poseidon_Partners_AmexCharges.xlsx,Unassigned / Allocation Required,CR ADJ PURCH FIN CHG,-1.87,TBD,Suspense & Review,Unassigned / Allocation Required,Refund/credit/points,Credit / refund / points — contra to original expense; confirm matching original charge.,40
2025-12-26,2025_PlumCard_Dunnings.xlsx,DWG Capital Partners,WILDSIDE GRILL,1.85,Family Trip,Travel,DWG Capital Partners,Personal item (B/P flag = personal),Personal expense paid from business account — propose Due From Owner / Owner Distribution pending substantiation.,60
2025-09-02,2025_Poseidon_Partners_AmexCharges.xlsx,Unassigned / Allocation Required,ZARPE O QUE PARRITA PUNTARENAS PU,1.79,Costa Rica Trip,Suspense & Review,Unassigned / Allocation Required,Unmapped category,Unmapped — assign to Suspense & Review pending classification.,40
2025-09-30,2025_Poseidon_Partners_AmexCharges.xlsx,Unassigned / Allocation Required,CR ADJ PURCH FIN CHG,-1.72,TBD,Suspense & Review,Unassigned / Allocation Required,Refund/credit/points,Credit / refund / points — contra to original expense; confirm matching original charge.,40
2025-09-30,2025_Poseidon_Partners_AmexCharges.xlsx,Unassigned / Allocation Required,CR ADJ PURCH FIN CHG,-1.67,TBD,Suspense & Review,Unassigned / Allocation Required,Refund/credit/points,Credit / refund / points — contra to original expense; confirm matching original charge.,40
2025-09-30,2025_Poseidon_Partners_AmexCharges.xlsx,Unassigned / Allocation Required,CR ADJ PURCH FIN CHG,-1.65,TBD,Suspense & Review,Unassigned / Allocation Required,Refund/credit/points,Credit / refund / points — contra to original expense; confirm matching original charge.,40
2025-09-30,2025_Poseidon_Partners_AmexCharges.xlsx,Unassigned / Allocation Required,CR ADJ PURCH FIN CHG,-1.62,TBD,Suspense & Review,Unassigned / Allocation Required,Refund/credit/points,Credit / refund / points — contra to original expense; confirm matching original charge.,40
2025-09-30,2025_Poseidon_Partners_AmexCharges.xlsx,Unassigned / Allocation Required,CR ADJ PURCH FIN CHG,-1.59,TBD,Suspense & Review,Unassigned / Allocation Required,Refund/credit/points,Credit / refund / points — contra to original expense; confirm matching original charge.,40
2025-09-30,2025_Poseidon_Partners_AmexCharges.xlsx,Unassigned / Allocation Required,CR ADJ PURCH FIN CHG,-1.57,TBD,Suspense & Review,Unassigned / Allocation Required,Refund/credit/points,Credit / refund / points — contra to original expense; confirm matching original charge.,40
2025-09-30,2025_Poseidon_Partners_AmexCharges.xlsx,Unassigned / Allocation Required,CR ADJ PURCH FIN CHG,-1.56,TBD,Suspense & Review,Unassigned / Allocation Required,Refund/credit/points,Credit / refund / points — contra to original expense; confirm matching original charge.,40
2025-09-30,2025_Poseidon_Partners_AmexCharges.xlsx,Unassigned / Allocation Required,CR ADJ PURCH FIN CHG,-1.48,TBD,Suspense & Review,Unassigned / Allocation Required,Refund/credit/points,Credit / refund / points — contra to original expense; confirm matching original charge.,40
2025-09-30,2025_Poseidon_Partners_AmexCharges.xlsx,Unassigned / Allocation Required,CR ADJ PURCH FIN CHG,-1.44,TBD,Suspense & Review,Unassigned / Allocation Required,Refund/credit/points,Credit / refund / points — contra to original expense; confirm matching original charge.,40
2025-09-30,2025_Poseidon_Partners_AmexCharges.xlsx,Unassigned / Allocation Required,CR ADJ PURCH FIN CHG,-1.42,TBD,Suspense & Review,Unassigned / Allocation Required,Refund/credit/points; Same-file repeat — verify not double-entered (SFR-0010),Credit / refund / points — contra to original expense; confirm matching original charge.,40
2025-09-30,2025_Poseidon_Partners_AmexCharges.xlsx,Unassigned / Allocation Required,CR ADJ PURCH FIN CHG,-1.42,TBD,Suspense & Review,Unassigned / Allocation Required,Refund/credit/points; Same-file repeat — verify not double-entered (SFR-0010),Credit / refund / points — contra to original expense; confirm matching original charge.,40
2025-09-30,2025_Poseidon_Partners_AmexCharges.xlsx,Unassigned / Allocation Required,CR ADJ PURCH FIN CHG,-1.38,TBD,Suspense & Review,Unassigned / Allocation Required,Refund/credit/points,Credit / refund / points — contra to original expense; confirm matching original charge.,40
2025-09-30,2025_Poseidon_Partners_AmexCharges.xlsx,Unassigned / Allocation Required,CR ADJ PURCH FIN CHG,-1.35,TBD,Suspense & Review,Unassigned / Allocation Required,Refund/credit/points,Credit / refund / points — contra to original expense; confirm matching original charge.,40
2025-09-30,2025_Poseidon_Partners_AmexCharges.xlsx,Unassigned / Allocation Required,CR ADJ PURCH FIN CHG,-1.33,TBD,Suspense & Review,Unassigned / Allocation Required,Refund/credit/points,Credit / refund / points — contra to original expense; confirm matching original charge.,40
2025-09-30,2025_Poseidon_Partners_AmexCharges.xlsx,Unassigned / Allocation Required,CR ADJ PURCH FIN CHG,-1.3,TBD,Suspense & Review,Unassigned / Allocation Required,Refund/credit/points,Credit / refund / points — contra to original expense; confirm matching original charge.,40
2025-09-05,2025_Poseidon_Partners_AmexCharges.xlsx,Unassigned / Allocation Required,MINI SUPER TROVA TARPUNTARENAS,1.29,Costa Rica Trip,Suspense & Review,Unassigned / Allocation Required,Unmapped category,Unmapped — assign to Suspense & Review pending classification.,40
2025-11-12,2025_Poseidon_Partners_AmexCharges.xlsx,Unassigned / Allocation Required,CITY OF SANTA MONICASANTA MONICA CA,1.25,Personal - Car,Auto,Unassigned / Allocation Required,Personal item (category marked personal),Personal expense paid from business account — propose Due From Owner / Owner Distribution pending substantiation.,40
2025-10-07,2025_Poseidon_Partners_AmexCharges.xlsx,Unassigned / Allocation Required,CITY OF SANTA MONICASANTA MONICA CA,1.25,Personal - Car,Auto,Unassigned / Allocation Required,Personal item (category marked personal),Personal expense paid from business account — propose Due From Owner / Owner Distribution pending substantiation.,40
2026-02-21,JanFeb_2026_Poseidon_Partners_Amex_Charges.xlsx,Poseidon Partners,LADOT METER PARKING LOS ANGELES CA,1.25,Personal - Car,Auto,Poseidon Partners,Personal item (category marked personal),Personal expense paid from business account — propose Due From Owner / Owner Distribution pending substantiation.,76
2026-01-17,JanFeb_2026_Poseidon_Partners_Amex_Charges.xlsx,Poseidon Partners,LADOT METER PARKING LOS ANGELES CA,1.25,Personal - Car,Auto,Poseidon Partners,Personal item (category marked personal),Personal expense paid from business account — propose Due From Owner / Owner Distribution pending substantiation.,76
2025-09-30,2025_Poseidon_Partners_AmexCharges.xlsx,Unassigned / Allocation Required,CR ADJ PURCH FIN CHG,-1.05,TBD,Suspense & Review,Unassigned / Allocation Required,Refund/credit/points,Credit / refund / points — contra to original expense; confirm matching original charge.,40
2025-09-30,2025_Poseidon_Partners_AmexCharges.xlsx,Unassigned / Allocation Required,CR ADJ PURCH FIN CHG,-1.01,TBD,Suspense & Review,Unassigned / Allocation Required,Refund/credit/points,Credit / refund / points — contra to original expense; confirm matching original charge.,40
2025-11-21,2025_Poseidon_Partners_AmexCharges.xlsx,Unassigned / Allocation Required,LADOT METER PARKING LOS ANGELES CA,1.0,Personal - Car,Auto,Unassigned / Allocation Required,Personal item (category marked personal),Personal expense paid from business account — propose Due From Owner / Owner Distribution pending substantiation.,40
2025-07-05,2025_Poseidon_Partners_AmexCharges.xlsx,Unassigned / Allocation Required,LADOT METER PARKING LOS ANGELES CA,1.0,Personal - Car,Auto,Unassigned / Allocation Required,Personal item (category marked personal),Personal expense paid from business account — propose Due From Owner / Owner Distribution pending substantiation.,40
2026-01-17,JanFeb_2026_Poseidon_Partners_Amex_Charges.xlsx,Poseidon Partners,CITY OF SANTA MONICASANTA MONICA CA,1.0,Personal - Car,Auto,Poseidon Partners,Personal item (category marked personal),Personal expense paid from business account — propose Due From Owner / Owner Distribution pending substantiation.,76
2025-09-30,2025_Poseidon_Partners_AmexCharges.xlsx,Unassigned / Allocation Required,CR ADJ PURCH FIN CHG,-0.88,TBD,Suspense & Review,Unassigned / Allocation Required,Refund/credit/points,Credit / refund / points — contra to original expense; confirm matching original charge.,40
2025-09-30,2025_Poseidon_Partners_AmexCharges.xlsx,Unassigned / Allocation Required,CR ADJ PURCH FIN CHG,-0.87,TBD,Suspense & Review,Unassigned / Allocation Required,Refund/credit/points,Credit / refund / points — contra to original expense; confirm matching original charge.,40
2025-09-30,2025_Poseidon_Partners_AmexCharges.xlsx,Unassigned / Allocation Required,CR ADJ PURCH FIN CHG,-0.84,TBD,Suspense & Review,Unassigned / Allocation Required,Refund/credit/points; Same-file repeat — verify not double-entered (SFR-0011),Credit / refund / points — contra to original expense; confirm matching original charge.,40
2025-09-30,2025_Poseidon_Partners_AmexCharges.xlsx,Unassigned / Allocation Required,CR ADJ PURCH FIN CHG,-0.84,TBD,Suspense & Review,Unassigned / Allocation Required,Refund/credit/points; Same-file repeat — verify not double-entered (SFR-0011),Credit / refund / points — contra to original expense; confirm matching original charge.,40
2025-09-30,2025_Poseidon_Partners_AmexCharges.xlsx,Unassigned / Allocation Required,CR ADJ PURCH FIN CHG,-0.83,TBD,Suspense & Review,Unassigned / Allocation Required,Refund/credit/points; Same-file repeat — verify not double-entered (SFR-0012),Credit / refund / points — contra to original expense; confirm matching original charge.,40
2025-09-30,2025_Poseidon_Partners_AmexCharges.xlsx,Unassigned / Allocation Required,CR ADJ PURCH FIN CHG,-0.83,TBD,Suspense & Review,Unassigned / Allocation Required,Refund/credit/points; Same-file repeat — verify not double-entered (SFR-0012),Credit / refund / points — contra to original expense; confirm matching original charge.,40
2025-09-30,2025_Poseidon_Partners_AmexCharges.xlsx,Unassigned / Allocation Required,CR ADJ PURCH FIN CHG,-0.8,TBD,Suspense & Review,Unassigned / Allocation Required,Refund/credit/points,Credit / refund / points — contra to original expense; confirm matching original charge.,40
2026-01-23,JanFeb_2026_Poseidon_Partners_Amex_Charges.xlsx,Poseidon Partners,LADOT METER PARKING LOS ANGELES CA,0.75,Personal - Car,Auto,Poseidon Partners,Personal item (category marked personal),Personal expense paid from business account — propose Due From Owner / Owner Distribution pending substantiation.,76
2025-09-30,2025_Poseidon_Partners_AmexCharges.xlsx,Unassigned / Allocation Required,CR ADJ PURCH FIN CHG,-0.74,TBD,Suspense & Review,Unassigned / Allocation Required,Refund/credit/points,Credit / refund / points — contra to original expense; confirm matching original charge.,40
2026-04-03,JanJune_2026_Plum_Card_Amex_Charges.xlsx,DWG Capital Partners,Early Pay Discount,-0.74,Early Pay Discount,Suspense & Review,DWG Capital Partners,Refund/credit/points,Credit / refund / points — contra to original expense; confirm matching original charge.,45
2025-09-30,2025_Poseidon_Partners_AmexCharges.xlsx,Unassigned / Allocation Required,CR ADJ PURCH FIN CHG,-0.72,TBD,Suspense & Review,Unassigned / Allocation Required,Refund/credit/points,Credit / refund / points — contra to original expense; confirm matching original charge.,40
2025-09-30,2025_Poseidon_Partners_AmexCharges.xlsx,Unassigned / Allocation Required,CR ADJ PURCH FIN CHG,-0.65,TBD,Suspense & Review,Unassigned / Allocation Required,Refund/credit/points,Credit / refund / points — contra to original expense; confirm matching original charge.,40
2025-09-30,2025_Poseidon_Partners_AmexCharges.xlsx,Unassigned / Allocation Required,CR ADJ PURCH FIN CHG,-0.63,TBD,Suspense & Review,Unassigned / Allocation Required,Refund/credit/points; Same-file repeat — verify not double-entered (SFR-0013),Credit / refund / points — contra to original expense; confirm matching original charge.,40
2025-09-30,2025_Poseidon_Partners_AmexCharges.xlsx,Unassigned / Allocation Required,CR ADJ PURCH FIN CHG,-0.63,TBD,Suspense & Review,Unassigned / Allocation Required,Refund/credit/points; Same-file repeat — verify not double-entered (SFR-0013),Credit / refund / points — contra to original expense; confirm matching original charge.,40
2025-09-30,2025_Poseidon_Partners_AmexCharges.xlsx,Unassigned / Allocation Required,CR ADJ PURCH FIN CHG,-0.63,TBD,Suspense & Review,Unassigned / Allocation Required,Refund/credit/points; Same-file repeat — verify not double-entered (SFR-0013),Credit / refund / points — contra to original expense; confirm matching original charge.,40
2025-09-30,2025_Poseidon_Partners_AmexCharges.xlsx,Unassigned / Allocation Required,CR ADJ PURCH FIN CHG,-0.56,TBD,Suspense & Review,Unassigned / Allocation Required,Refund/credit/points,Credit / refund / points — contra to original expense; confirm matching original charge.,40
2025-09-30,2025_Poseidon_Partners_AmexCharges.xlsx,Unassigned / Allocation Required,CR ADJ PURCH FIN CHG,-0.54,TBD,Suspense & Review,Unassigned / Allocation Required,Refund/credit/points,Credit / refund / points — contra to original expense; confirm matching original charge.,40
2025-09-30,2025_Poseidon_Partners_AmexCharges.xlsx,Unassigned / Allocation Required,CR ADJ PURCH FIN CHG,-0.53,TBD,Suspense & Review,Unassigned / Allocation Required,Refund/credit/points; Same-file repeat — verify not double-entered (SFR-0014),Credit / refund / points — contra to original expense; confirm matching original charge.,40
2025-09-30,2025_Poseidon_Partners_AmexCharges.xlsx,Unassigned / Allocation Required,CR ADJ PURCH FIN CHG,-0.53,TBD,Suspense & Review,Unassigned / Allocation Required,Refund/credit/points; Same-file repeat — verify not double-entered (SFR-0014),Credit / refund / points — contra to original expense; confirm matching original charge.,40
2025-09-30,2025_Poseidon_Partners_AmexCharges.xlsx,Unassigned / Allocation Required,CR ADJ PURCH FIN CHG,-0.5,TBD,Suspense & Review,Unassigned / Allocation Required,Refund/credit/points; Same-file repeat — verify not double-entered (SFR-0015),Credit / refund / points — contra to original expense; confirm matching original charge.,40
2025-09-30,2025_Poseidon_Partners_AmexCharges.xlsx,Unassigned / Allocation Required,CR ADJ PURCH FIN CHG,-0.5,TBD,Suspense & Review,Unassigned / Allocation Required,Refund/credit/points; Same-file repeat — verify not double-entered (SFR-0015),Credit / refund / points — contra to original expense; confirm matching original charge.,40
2025-09-30,2025_Poseidon_Partners_AmexCharges.xlsx,Unassigned / Allocation Required,CR ADJ PURCH FIN CHG,-0.49,TBD,Suspense & Review,Unassigned / Allocation Required,Refund/credit/points,Credit / refund / points — contra to original expense; confirm matching original charge.,40
2025-09-30,2025_Poseidon_Partners_AmexCharges.xlsx,Unassigned / Allocation Required,CR ADJ PURCH FIN CHG,-0.48,TBD,Suspense & Review,Unassigned / Allocation Required,Refund/credit/points; Same-file repeat — verify not double-entered (SFR-0016),Credit / refund / points — contra to original expense; confirm matching original charge.,40
2025-09-30,2025_Poseidon_Partners_AmexCharges.xlsx,Unassigned / Allocation Required,CR ADJ PURCH FIN CHG,-0.48,TBD,Suspense & Review,Unassigned / Allocation Required,Refund/credit/points; Same-file repeat — verify not double-entered (SFR-0016),Credit / refund / points — contra to original expense; confirm matching original charge.,40
2025-09-30,2025_Poseidon_Partners_AmexCharges.xlsx,Unassigned / Allocation Required,CR ADJ PURCH FIN CHG,-0.47,TBD,Suspense & Review,Unassigned / Allocation Required,Refund/credit/points,Credit / refund / points — contra to original expense; confirm matching original charge.,40
2025-09-30,2025_Poseidon_Partners_AmexCharges.xlsx,Unassigned / Allocation Required,CR ADJ PURCH FIN CHG,-0.46,TBD,Suspense & Review,Unassigned / Allocation Required,Refund/credit/points,Credit / refund / points — contra to original expense; confirm matching original charge.,40
2025-09-30,2025_Poseidon_Partners_AmexCharges.xlsx,Unassigned / Allocation Required,CR ADJ PURCH FIN CHG,-0.43,TBD,Suspense & Review,Unassigned / Allocation Required,Refund/credit/points; Same-file repeat — verify not double-entered (SFR-0017),Credit / refund / points — contra to original expense; confirm matching original charge.,40
2025-09-30,2025_Poseidon_Partners_AmexCharges.xlsx,Unassigned / Allocation Required,CR ADJ PURCH FIN CHG,-0.43,TBD,Suspense & Review,Unassigned / Allocation Required,Refund/credit/points; Same-file repeat — verify not double-entered (SFR-0017),Credit / refund / points — contra to original expense; confirm matching original charge.,40
2025-09-30,2025_Poseidon_Partners_AmexCharges.xlsx,Unassigned / Allocation Required,CR ADJ PURCH FIN CHG,-0.41,TBD,Suspense & Review,Unassigned / Allocation Required,Refund/credit/points; Same-file repeat — verify not double-entered (SFR-0018),Credit / refund / points — contra to original expense; confirm matching original charge.,40
2025-09-30,2025_Poseidon_Partners_AmexCharges.xlsx,Unassigned / Allocation Required,CR ADJ PURCH FIN CHG,-0.41,TBD,Suspense & Review,Unassigned / Allocation Required,Refund/credit/points; Same-file repeat — verify not double-entered (SFR-0018),Credit / refund / points — contra to original expense; confirm matching original charge.,40
2025-09-30,2025_Poseidon_Partners_AmexCharges.xlsx,Unassigned / Allocation Required,CR ADJ PURCH FIN CHG,-0.39,TBD,Suspense & Review,Unassigned / Allocation Required,Refund/credit/points; Same-file repeat — verify not double-entered (SFR-0019),Credit / refund / points — contra to original expense; confirm matching original charge.,40
2025-09-30,2025_Poseidon_Partners_AmexCharges.xlsx,Unassigned / Allocation Required,CR ADJ PURCH FIN CHG,-0.39,TBD,Suspense & Review,Unassigned / Allocation Required,Refund/credit/points; Same-file repeat — verify not double-entered (SFR-0019),Credit / refund / points — contra to original expense; confirm matching original charge.,40
2025-09-30,2025_Poseidon_Partners_AmexCharges.xlsx,Unassigned / Allocation Required,CR ADJ PURCH FIN CHG,-0.27,TBD,Suspense & Review,Unassigned / Allocation Required,Refund/credit/points,Credit / refund / points — contra to original expense; confirm matching original charge.,40
2025-09-30,2025_Poseidon_Partners_AmexCharges.xlsx,Unassigned / Allocation Required,CR ADJ PURCH FIN CHG,-0.2,TBD,Suspense & Review,Unassigned / Allocation Required,Refund/credit/points; Same-file repeat — verify not double-entered (SFR-0020),Credit / refund / points — contra to original expense; confirm matching original charge.,40
2025-09-30,2025_Poseidon_Partners_AmexCharges.xlsx,Unassigned / Allocation Required,CR ADJ PURCH FIN CHG,-0.2,TBD,Suspense & Review,Unassigned / Allocation Required,Refund/credit/points; Same-file repeat — verify not double-entered (SFR-0020),Credit / refund / points — contra to original expense; confirm matching original charge.,40
2025-09-30,2025_Poseidon_Partners_AmexCharges.xlsx,Unassigned / Allocation Required,CR ADJ PURCH FIN CHG,-0.2,TBD,Suspense & Review,Unassigned / Allocation Required,Refund/credit/points; Same-file repeat — verify not double-entered (SFR-0020),Credit / refund / points — contra to original expense; confirm matching original charge.,40
2025-09-30,2025_Poseidon_Partners_AmexCharges.xlsx,Unassigned / Allocation Required,CR ADJ PURCH FIN CHG,-0.17,TBD,Suspense & Review,Unassigned / Allocation Required,Refund/credit/points,Credit / refund / points — contra to original expense; confirm matching original charge.,40
2025-09-30,2025_Poseidon_Partners_AmexCharges.xlsx,Unassigned / Allocation Required,CR ADJ PURCH FIN CHG,-0.15,TBD,Suspense & Review,Unassigned / Allocation Required,Refund/credit/points,Credit / refund / points — contra to original expense; confirm matching original charge.,40
2025-09-30,2025_Poseidon_Partners_AmexCharges.xlsx,Unassigned / Allocation Required,CR ADJ PURCH FIN CHG,-0.07,TBD,Suspense & Review,Unassigned / Allocation Required,Refund/credit/points,Credit / refund / points — contra to original expense; confirm matching original charge.,40
2025-12-01,2025_PlumCard_Dunnings.xlsx,DWG Capital Partners,PAYPAL *WALMART COM 8009256278,-0.01,Personal - House,Suspense & Review,DWG Capital Partners,Personal item (B/P flag = personal),Personal expense paid from business account — propose Due From Owner / Owner Distribution pending substantiation.,45
